[0.019s] Invoking command in '/home/htrice/go2_ros2_curr/build/go2_interfaces': CMAKE_PREFIX_PATH=/opt/ros/humble /usr/bin/cmake /home/htrice/go2_ros2_curr/src/go2_interfaces -DAMENT_CMAKE_SYMLINK_INSTALL=1 -DCMAKE_INSTALL_PREFIX=/home/htrice/go2_ros2_curr/install/go2_interfaces
[0.245s] -- The C compiler identification is GNU 11.4.0
[0.345s] -- The CXX compiler identification is GNU 11.4.0
[0.360s] -- Detecting C compiler ABI info
[0.467s] -- Detecting C compiler ABI info - done
[0.479s] -- Check for working C compiler: /usr/bin/cc - skipped
[0.480s] -- Detecting C compile features
[0.482s] -- Detecting C compile features - done
[0.488s] -- Detecting CXX compiler ABI info
[0.601s] -- Detecting CXX compiler ABI info - done
[0.614s] -- Check for working CXX compiler: /usr/bin/c++ - skipped
[0.614s] -- Detecting CXX compile features
[0.615s] -- Detecting CXX compile features - done
[0.621s] -- Found ament_cmake: 1.3.11 (/opt/ros/humble/share/ament_cmake/cmake)
[0.803s] -- Found Python3: /usr/bin/python3 (found version "3.10.12") found components: Interpreter 
[0.866s] -- Override CMake install command with custom implementation using symlinks instead of copying resources
[0.926s] -- Found geometry_msgs: 4.8.0 (/opt/ros/humble/share/geometry_msgs/cmake)
[1.001s] -- Found rosidl_generator_c: 3.1.6 (/opt/ros/humble/share/rosidl_generator_c/cmake)
[1.009s] -- Found rosidl_adapter: 3.1.6 (/opt/ros/humble/share/rosidl_adapter/cmake)
[1.023s] -- Found rosidl_generator_cpp: 3.1.6 (/opt/ros/humble/share/rosidl_generator_cpp/cmake)
[1.042s] -- Using all available rosidl_typesupport_c: rosidl_typesupport_fastrtps_c;rosidl_typesupport_introspection_c
[1.072s] -- Using all available rosidl_typesupport_cpp: rosidl_typesupport_fastrtps_cpp;rosidl_typesupport_introspection_cpp
[1.118s] -- Found rosidl_default_generators: 1.2.0 (/opt/ros/humble/share/rosidl_default_generators/cmake)
[1.564s] -- Found ament_cmake_ros: 0.10.0 (/opt/ros/humble/share/ament_cmake_ros/cmake)
[2.117s] -- Using all available rosidl_typesupport_c: rosidl_typesupport_fastrtps_c;rosidl_typesupport_introspection_c
[2.327s] -- Using all available rosidl_typesupport_cpp: rosidl_typesupport_fastrtps_cpp;rosidl_typesupport_introspection_cpp
[2.352s] -- Found PythonInterp: /usr/bin/python3 (found suitable version "3.10.12", minimum required is "3.6") 
[2.355s] -- Found python_cmake_module: 0.10.0 (/opt/ros/humble/share/python_cmake_module/cmake)
[2.393s] -- Found PythonLibs: /usr/lib/x86_64-linux-gnu/libpython3.10.so (found suitable version "3.10.12", minimum required is "3.5") 
[2.394s] -- Using PYTHON_EXECUTABLE: /usr/bin/python3
[2.394s] -- Using PYTHON_INCLUDE_DIRS: /usr/include/python3.10
[2.394s] -- Using PYTHON_LIBRARIES: /usr/lib/x86_64-linux-gnu/libpython3.10.so
[2.414s] -- Found PythonExtra: .so  
[2.534s] -- Configuring done
[2.622s] -- Generating done
[2.635s] -- Build files have been written to: /home/htrice/go2_ros2_curr/build/go2_interfaces
[2.644s] Invoked command in '/home/htrice/go2_ros2_curr/build/go2_interfaces' returned '0': CMAKE_PREFIX_PATH=/opt/ros/humble /usr/bin/cmake /home/htrice/go2_ros2_curr/src/go2_interfaces -DAMENT_CMAKE_SYMLINK_INSTALL=1 -DCMAKE_INSTALL_PREFIX=/home/htrice/go2_ros2_curr/install/go2_interfaces
[2.647s] Invoking command in '/home/htrice/go2_ros2_curr/build/go2_interfaces': CMAKE_PREFIX_PATH=/opt/ros/humble /usr/bin/cmake --build /home/htrice/go2_ros2_curr/build/go2_interfaces -- -j16 -l16
[2.704s] [  1%] [34m[1mGenerating C code for ROS interfaces[0m
[2.720s] [  1%] [34m[1mGenerating C++ code for ROS interfaces[0m
[2.723s] [  1%] Built target ament_cmake_python_symlink_go2_interfaces
[2.949s] running egg_info
[2.949s] creating go2_interfaces.egg-info
[2.949s] writing go2_interfaces.egg-info/PKG-INFO
[2.949s] writing dependency_links to go2_interfaces.egg-info/dependency_links.txt
[2.949s] writing top-level names to go2_interfaces.egg-info/top_level.txt
[2.950s] writing manifest file 'go2_interfaces.egg-info/SOURCES.txt'
[2.951s] reading manifest file 'go2_interfaces.egg-info/SOURCES.txt'
[2.951s] writing manifest file 'go2_interfaces.egg-info/SOURCES.txt'
[2.974s] [  1%] Built target ament_cmake_python_build_go2_interfaces_egg
[4.550s] [  1%] [32mBuilding C object CMakeFiles/go2_interfaces__rosidl_generator_c.dir/rosidl_generator_c/go2_interfaces/msg/detail/go2_cmd__functions.c.o[0m
[4.556s] [  2%] [32mBuilding C object CMakeFiles/go2_interfaces__rosidl_generator_c.dir/rosidl_generator_c/go2_interfaces/msg/detail/go2_move__functions.c.o[0m
[4.556s] [  2%] [32mBuilding C object CMakeFiles/go2_interfaces__rosidl_generator_c.dir/rosidl_generator_c/go2_interfaces/msg/detail/imu__functions.c.o[0m
[4.556s] [  2%] [32mBuilding C object CMakeFiles/go2_interfaces__rosidl_generator_c.dir/rosidl_generator_c/go2_interfaces/msg/detail/go2_rpy_cmd__functions.c.o[0m
[4.556s] [  2%] [32mBuilding C object CMakeFiles/go2_interfaces__rosidl_generator_c.dir/rosidl_generator_c/go2_interfaces/msg/detail/go2_state__functions.c.o[0m
[4.558s] [  3%] [32mBuilding C object CMakeFiles/go2_interfaces__rosidl_generator_c.dir/rosidl_generator_c/go2_interfaces/msg/detail/audio_data__functions.c.o[0m
[4.559s] [  3%] [32mBuilding C object CMakeFiles/go2_interfaces__rosidl_generator_c.dir/rosidl_generator_c/go2_interfaces/msg/detail/bms_cmd__functions.c.o[0m
[4.562s] [  4%] [32mBuilding C object CMakeFiles/go2_interfaces__rosidl_generator_c.dir/rosidl_generator_c/go2_interfaces/msg/detail/bms_state__functions.c.o[0m
[4.564s] [  4%] [32mBuilding C object CMakeFiles/go2_interfaces__rosidl_generator_c.dir/rosidl_generator_c/go2_interfaces/msg/detail/error__functions.c.o[0m
[4.567s] [  4%] [32mBuilding C object CMakeFiles/go2_interfaces__rosidl_generator_c.dir/rosidl_generator_c/go2_interfaces/msg/detail/go2_front_video_data__functions.c.o[0m
[4.578s] [  5%] [32mBuilding C object CMakeFiles/go2_interfaces__rosidl_generator_c.dir/rosidl_generator_c/go2_interfaces/msg/detail/height_map__functions.c.o[0m
[4.579s] [  5%] [32mBuilding C object CMakeFiles/go2_interfaces__rosidl_generator_c.dir/rosidl_generator_c/go2_interfaces/msg/detail/interface_config__functions.c.o[0m
[4.583s] [  6%] [32mBuilding C object CMakeFiles/go2_interfaces__rosidl_generator_c.dir/rosidl_generator_c/go2_interfaces/msg/detail/lidar_state__functions.c.o[0m
[4.583s] [  6%] [32mBuilding C object CMakeFiles/go2_interfaces__rosidl_generator_c.dir/rosidl_generator_c/go2_interfaces/msg/detail/low_cmd__functions.c.o[0m
[4.586s] [  6%] [32mBuilding C object CMakeFiles/go2_interfaces__rosidl_generator_c.dir/rosidl_generator_c/go2_interfaces/msg/detail/low_state__functions.c.o[0m
[4.648s] [  6%] [32mBuilding C object CMakeFiles/go2_interfaces__rosidl_generator_c.dir/rosidl_generator_c/go2_interfaces/msg/detail/motor_cmds__functions.c.o[0m
[4.648s] [  7%] [32mBuilding C object CMakeFiles/go2_interfaces__rosidl_generator_c.dir/rosidl_generator_c/go2_interfaces/msg/detail/motor_cmd__functions.c.o[0m
[4.649s] [  7%] [32mBuilding C object CMakeFiles/go2_interfaces__rosidl_generator_c.dir/rosidl_generator_c/go2_interfaces/msg/detail/motor_state__functions.c.o[0m
[4.649s] [  7%] [32mBuilding C object CMakeFiles/go2_interfaces__rosidl_generator_c.dir/rosidl_generator_c/go2_interfaces/msg/detail/path_point__functions.c.o[0m
[4.649s] [  8%] [32mBuilding C object CMakeFiles/go2_interfaces__rosidl_generator_c.dir/rosidl_generator_c/go2_interfaces/msg/detail/motor_states__functions.c.o[0m
[4.649s] [  9%] [32mBuilding C object CMakeFiles/go2_interfaces__rosidl_generator_c.dir/rosidl_generator_c/go2_interfaces/msg/detail/res__functions.c.o[0m
[4.650s] [  9%] [32mBuilding C object CMakeFiles/go2_interfaces__rosidl_generator_c.dir/rosidl_generator_c/go2_interfaces/msg/detail/sport_mode_cmd__functions.c.o[0m
[4.650s] [  9%] [32mBuilding C object CMakeFiles/go2_interfaces__rosidl_generator_c.dir/rosidl_generator_c/go2_interfaces/msg/detail/sport_mode_state__functions.c.o[0m
[4.652s] [  9%] [32mBuilding C object CMakeFiles/go2_interfaces__rosidl_generator_c.dir/rosidl_generator_c/go2_interfaces/msg/detail/req__functions.c.o[0m
[4.654s] [ 10%] [32mBuilding C object CMakeFiles/go2_interfaces__rosidl_generator_c.dir/rosidl_generator_c/go2_interfaces/msg/detail/time_spec__functions.c.o[0m
[4.655s] [ 10%] [32mBuilding C object CMakeFiles/go2_interfaces__rosidl_generator_c.dir/rosidl_generator_c/go2_interfaces/msg/detail/uwb_state__functions.c.o[0m
[4.670s] [ 11%] [32mBuilding C object CMakeFiles/go2_interfaces__rosidl_generator_c.dir/rosidl_generator_c/go2_interfaces/msg/detail/uwb_switch__functions.c.o[0m
[4.677s] [ 11%] [32mBuilding C object CMakeFiles/go2_interfaces__rosidl_generator_c.dir/rosidl_generator_c/go2_interfaces/msg/detail/voxel_map_compressed__functions.c.o[0m
[4.679s] [ 11%] [32mBuilding C object CMakeFiles/go2_interfaces__rosidl_generator_c.dir/rosidl_generator_c/go2_interfaces/msg/detail/voxel_height_map_state__functions.c.o[0m
[4.681s] [ 12%] [32mBuilding C object CMakeFiles/go2_interfaces__rosidl_generator_c.dir/rosidl_generator_c/go2_interfaces/msg/detail/web_rtc_req__functions.c.o[0m
[4.707s] [ 12%] [32mBuilding C object CMakeFiles/go2_interfaces__rosidl_generator_c.dir/rosidl_generator_c/go2_interfaces/msg/detail/wireless_controller__functions.c.o[0m
[4.766s] [ 12%] [32m[1mLinking C shared library libgo2_interfaces__rosidl_generator_c.so[0m
[4.769s] [ 12%] Built target go2_interfaces__cpp
[4.783s] [ 13%] [34m[1mGenerating C++ type support dispatch for ROS interfaces[0m
[4.785s] [ 14%] [34m[1mGenerating C++ introspection for ROS interfaces[0m
[4.786s] [ 15%] [34m[1mGenerating C++ type support for eProsima Fast-RTPS[0m
[4.826s] [ 15%] Built target go2_interfaces__rosidl_generator_c
[4.840s] [ 16%] [34m[1mGenerating C type support dispatch for ROS interfaces[0m
[4.841s] [ 17%] [34m[1mGenerating C introspection for ROS interfaces[0m
[4.843s] [ 18%] [34m[1mGenerating C type support for eProsima Fast-RTPS[0m
[5.966s] [ 18%] [32mBuilding CXX object CMakeFiles/go2_interfaces__rosidl_typesupport_cpp.dir/rosidl_typesupport_cpp/go2_interfaces/msg/go2_cmd__type_support.cpp.o[0m
[5.966s] [ 18%] [32mBuilding CXX object CMakeFiles/go2_interfaces__rosidl_typesupport_cpp.dir/rosidl_typesupport_cpp/go2_interfaces/msg/go2_state__type_support.cpp.o[0m
[5.968s] [ 19%] [32mBuilding CXX object CMakeFiles/go2_interfaces__rosidl_typesupport_cpp.dir/rosidl_typesupport_cpp/go2_interfaces/msg/go2_move__type_support.cpp.o[0m
[5.968s] [ 19%] [32mBuilding CXX object CMakeFiles/go2_interfaces__rosidl_typesupport_cpp.dir/rosidl_typesupport_cpp/go2_interfaces/msg/imu__type_support.cpp.o[0m
[5.969s] [ 19%] [32mBuilding CXX object CMakeFiles/go2_interfaces__rosidl_typesupport_cpp.dir/rosidl_typesupport_cpp/go2_interfaces/msg/go2_rpy_cmd__type_support.cpp.o[0m
[5.969s] [ 20%] [32mBuilding CXX object CMakeFiles/go2_interfaces__rosidl_typesupport_cpp.dir/rosidl_typesupport_cpp/go2_interfaces/msg/audio_data__type_support.cpp.o[0m
[5.976s] [ 20%] [32mBuilding CXX object CMakeFiles/go2_interfaces__rosidl_typesupport_cpp.dir/rosidl_typesupport_cpp/go2_interfaces/msg/bms_cmd__type_support.cpp.o[0m
[5.979s] [ 20%] [32mBuilding CXX object CMakeFiles/go2_interfaces__rosidl_typesupport_cpp.dir/rosidl_typesupport_cpp/go2_interfaces/msg/go2_front_video_data__type_support.cpp.o[0m
[5.981s] [ 21%] [32mBuilding CXX object CMakeFiles/go2_interfaces__rosidl_typesupport_cpp.dir/rosidl_typesupport_cpp/go2_interfaces/msg/error__type_support.cpp.o[0m
[5.981s] [ 21%] [32mBuilding CXX object CMakeFiles/go2_interfaces__rosidl_typesupport_cpp.dir/rosidl_typesupport_cpp/go2_interfaces/msg/bms_state__type_support.cpp.o[0m
[5.990s] [ 22%] [32mBuilding CXX object CMakeFiles/go2_interfaces__rosidl_typesupport_cpp.dir/rosidl_typesupport_cpp/go2_interfaces/msg/height_map__type_support.cpp.o[0m
[6.006s] [ 22%] [32mBuilding CXX object CMakeFiles/go2_interfaces__rosidl_typesupport_c.dir/rosidl_typesupport_c/go2_interfaces/msg/go2_cmd__type_support.cpp.o[0m
[6.052s] [ 22%] [32mBuilding CXX object CMakeFiles/go2_interfaces__rosidl_typesupport_c.dir/rosidl_typesupport_c/go2_interfaces/msg/go2_state__type_support.cpp.o[0m
[6.088s] [ 23%] [32mBuilding CXX object CMakeFiles/go2_interfaces__rosidl_typesupport_c.dir/rosidl_typesupport_c/go2_interfaces/msg/go2_move__type_support.cpp.o[0m
[6.129s] [ 23%] [32mBuilding CXX object CMakeFiles/go2_interfaces__rosidl_typesupport_c.dir/rosidl_typesupport_c/go2_interfaces/msg/go2_rpy_cmd__type_support.cpp.o[0m
[6.171s] [ 23%] [32mBuilding CXX object CMakeFiles/go2_interfaces__rosidl_typesupport_c.dir/rosidl_typesupport_c/go2_interfaces/msg/imu__type_support.cpp.o[0m
[6.214s] [ 24%] [32mBuilding CXX object CMakeFiles/go2_interfaces__rosidl_typesupport_c.dir/rosidl_typesupport_c/go2_interfaces/msg/audio_data__type_support.cpp.o[0m
[6.277s] [ 24%] [32mBuilding CXX object CMakeFiles/go2_interfaces__rosidl_typesupport_c.dir/rosidl_typesupport_c/go2_interfaces/msg/bms_cmd__type_support.cpp.o[0m
[6.317s] [ 25%] [32mBuilding CXX object CMakeFiles/go2_interfaces__rosidl_typesupport_c.dir/rosidl_typesupport_c/go2_interfaces/msg/bms_state__type_support.cpp.o[0m
[6.360s] [ 25%] [32mBuilding CXX object CMakeFiles/go2_interfaces__rosidl_typesupport_cpp.dir/rosidl_typesupport_cpp/go2_interfaces/msg/interface_config__type_support.cpp.o[0m
[6.361s] [ 25%] [32mBuilding CXX object CMakeFiles/go2_interfaces__rosidl_typesupport_c.dir/rosidl_typesupport_c/go2_interfaces/msg/error__type_support.cpp.o[0m
[6.362s] [ 25%] [32mBuilding CXX object CMakeFiles/go2_interfaces__rosidl_typesupport_cpp.dir/rosidl_typesupport_cpp/go2_interfaces/msg/lidar_state__type_support.cpp.o[0m
[6.364s] [ 26%] [32mBuilding CXX object CMakeFiles/go2_interfaces__rosidl_typesupport_c.dir/rosidl_typesupport_c/go2_interfaces/msg/height_map__type_support.cpp.o[0m
[6.364s] [ 26%] [32mBuilding CXX object CMakeFiles/go2_interfaces__rosidl_typesupport_c.dir/rosidl_typesupport_c/go2_interfaces/msg/go2_front_video_data__type_support.cpp.o[0m
[6.371s] [ 27%] [32mBuilding CXX object CMakeFiles/go2_interfaces__rosidl_typesupport_cpp.dir/rosidl_typesupport_cpp/go2_interfaces/msg/low_cmd__type_support.cpp.o[0m
[6.371s] [ 27%] [32mBuilding CXX object CMakeFiles/go2_interfaces__rosidl_typesupport_c.dir/rosidl_typesupport_c/go2_interfaces/msg/interface_config__type_support.cpp.o[0m
[6.377s] [ 27%] [32mBuilding CXX object CMakeFiles/go2_interfaces__rosidl_typesupport_c.dir/rosidl_typesupport_c/go2_interfaces/msg/lidar_state__type_support.cpp.o[0m
[6.384s] [ 27%] [32mBuilding CXX object CMakeFiles/go2_interfaces__rosidl_typesupport_cpp.dir/rosidl_typesupport_cpp/go2_interfaces/msg/low_state__type_support.cpp.o[0m
[6.388s] [ 28%] [32mBuilding CXX object CMakeFiles/go2_interfaces__rosidl_typesupport_c.dir/rosidl_typesupport_c/go2_interfaces/msg/low_cmd__type_support.cpp.o[0m
[6.395s] [ 28%] [32mBuilding CXX object CMakeFiles/go2_interfaces__rosidl_typesupport_cpp.dir/rosidl_typesupport_cpp/go2_interfaces/msg/motor_cmd__type_support.cpp.o[0m
[6.395s] [ 28%] [32mBuilding CXX object CMakeFiles/go2_interfaces__rosidl_typesupport_c.dir/rosidl_typesupport_c/go2_interfaces/msg/low_state__type_support.cpp.o[0m
[6.404s] [ 29%] [32mBuilding CXX object CMakeFiles/go2_interfaces__rosidl_typesupport_cpp.dir/rosidl_typesupport_cpp/go2_interfaces/msg/motor_state__type_support.cpp.o[0m
[6.404s] [ 29%] [32mBuilding CXX object CMakeFiles/go2_interfaces__rosidl_typesupport_cpp.dir/rosidl_typesupport_cpp/go2_interfaces/msg/motor_cmds__type_support.cpp.o[0m
[6.406s] [ 30%] [32mBuilding CXX object CMakeFiles/go2_interfaces__rosidl_typesupport_cpp.dir/rosidl_typesupport_cpp/go2_interfaces/msg/motor_states__type_support.cpp.o[0m
[6.421s] [ 30%] [32mBuilding CXX object CMakeFiles/go2_interfaces__rosidl_typesupport_cpp.dir/rosidl_typesupport_cpp/go2_interfaces/msg/path_point__type_support.cpp.o[0m
[6.432s] [ 30%] [32mBuilding CXX object CMakeFiles/go2_interfaces__rosidl_typesupport_cpp.dir/rosidl_typesupport_cpp/go2_interfaces/msg/req__type_support.cpp.o[0m
[6.441s] [ 30%] [32mBuilding CXX object CMakeFiles/go2_interfaces__rosidl_typesupport_c.dir/rosidl_typesupport_c/go2_interfaces/msg/motor_cmd__type_support.cpp.o[0m
[6.441s] [ 31%] [32mBuilding CXX object CMakeFiles/go2_interfaces__rosidl_typesupport_cpp.dir/rosidl_typesupport_cpp/go2_interfaces/msg/res__type_support.cpp.o[0m
[6.485s] [ 32%] [32mBuilding CXX object CMakeFiles/go2_interfaces__rosidl_typesupport_c.dir/rosidl_typesupport_c/go2_interfaces/msg/motor_cmds__type_support.cpp.o[0m
[6.525s] [ 32%] [32mBuilding CXX object CMakeFiles/go2_interfaces__rosidl_typesupport_c.dir/rosidl_typesupport_c/go2_interfaces/msg/motor_state__type_support.cpp.o[0m
[6.565s] [ 33%] [32mBuilding CXX object CMakeFiles/go2_interfaces__rosidl_typesupport_c.dir/rosidl_typesupport_c/go2_interfaces/msg/motor_states__type_support.cpp.o[0m
[6.605s] [ 33%] [32mBuilding CXX object CMakeFiles/go2_interfaces__rosidl_typesupport_c.dir/rosidl_typesupport_c/go2_interfaces/msg/path_point__type_support.cpp.o[0m
[6.644s] [ 33%] [32mBuilding CXX object CMakeFiles/go2_interfaces__rosidl_typesupport_c.dir/rosidl_typesupport_c/go2_interfaces/msg/req__type_support.cpp.o[0m
[6.687s] [ 34%] [32mBuilding CXX object CMakeFiles/go2_interfaces__rosidl_typesupport_c.dir/rosidl_typesupport_c/go2_interfaces/msg/res__type_support.cpp.o[0m
[6.709s] [ 34%] [32mBuilding CXX object CMakeFiles/go2_interfaces__rosidl_typesupport_c.dir/rosidl_typesupport_c/go2_interfaces/msg/sport_mode_cmd__type_support.cpp.o[0m
[6.716s] [ 34%] [32mBuilding CXX object CMakeFiles/go2_interfaces__rosidl_typesupport_c.dir/rosidl_typesupport_c/go2_interfaces/msg/sport_mode_state__type_support.cpp.o[0m
[6.722s] [ 35%] [32mBuilding CXX object CMakeFiles/go2_interfaces__rosidl_typesupport_c.dir/rosidl_typesupport_c/go2_interfaces/msg/time_spec__type_support.cpp.o[0m
[6.738s] [ 35%] [32mBuilding CXX object CMakeFiles/go2_interfaces__rosidl_typesupport_cpp.dir/rosidl_typesupport_cpp/go2_interfaces/msg/sport_mode_cmd__type_support.cpp.o[0m
[6.746s] [ 35%] [32mBuilding CXX object CMakeFiles/go2_interfaces__rosidl_typesupport_c.dir/rosidl_typesupport_c/go2_interfaces/msg/uwb_state__type_support.cpp.o[0m
[6.751s] [ 35%] [32mBuilding CXX object CMakeFiles/go2_interfaces__rosidl_typesupport_cpp.dir/rosidl_typesupport_cpp/go2_interfaces/msg/sport_mode_state__type_support.cpp.o[0m
[6.758s] [ 36%] [32mBuilding CXX object CMakeFiles/go2_interfaces__rosidl_typesupport_cpp.dir/rosidl_typesupport_cpp/go2_interfaces/msg/time_spec__type_support.cpp.o[0m
[6.758s] [ 37%] [32mBuilding CXX object CMakeFiles/go2_interfaces__rosidl_typesupport_c.dir/rosidl_typesupport_c/go2_interfaces/msg/uwb_switch__type_support.cpp.o[0m
[6.758s] [ 37%] [32mBuilding CXX object CMakeFiles/go2_interfaces__rosidl_typesupport_cpp.dir/rosidl_typesupport_cpp/go2_interfaces/msg/uwb_state__type_support.cpp.o[0m
[6.759s] [ 37%] [32mBuilding CXX object CMakeFiles/go2_interfaces__rosidl_typesupport_c.dir/rosidl_typesupport_c/go2_interfaces/msg/voxel_map_compressed__type_support.cpp.o[0m
[6.759s] [ 37%] [32mBuilding CXX object CMakeFiles/go2_interfaces__rosidl_typesupport_c.dir/rosidl_typesupport_c/go2_interfaces/msg/voxel_height_map_state__type_support.cpp.o[0m
[6.762s] [ 37%] [32mBuilding CXX object CMakeFiles/go2_interfaces__rosidl_typesupport_cpp.dir/rosidl_typesupport_cpp/go2_interfaces/msg/uwb_switch__type_support.cpp.o[0m
[6.767s] [ 38%] [32mBuilding CXX object CMakeFiles/go2_interfaces__rosidl_typesupport_c.dir/rosidl_typesupport_c/go2_interfaces/msg/web_rtc_req__type_support.cpp.o[0m
[6.777s] [ 38%] [32mBuilding CXX object CMakeFiles/go2_interfaces__rosidl_typesupport_introspection_cpp.dir/rosidl_typesupport_introspection_cpp/go2_interfaces/msg/detail/go2_cmd__type_support.cpp.o[0m
[6.782s] [ 38%] [32mBuilding CXX object CMakeFiles/go2_interfaces__rosidl_typesupport_c.dir/rosidl_typesupport_c/go2_interfaces/msg/wireless_controller__type_support.cpp.o[0m
[6.785s] [ 39%] [32mBuilding CXX object CMakeFiles/go2_interfaces__rosidl_typesupport_introspection_cpp.dir/rosidl_typesupport_introspection_cpp/go2_interfaces/msg/detail/go2_state__type_support.cpp.o[0m
[6.786s] [ 39%] [32mBuilding CXX object CMakeFiles/go2_interfaces__rosidl_typesupport_cpp.dir/rosidl_typesupport_cpp/go2_interfaces/msg/voxel_map_compressed__type_support.cpp.o[0m
[6.796s] [ 40%] [32mBuilding CXX object CMakeFiles/go2_interfaces__rosidl_typesupport_cpp.dir/rosidl_typesupport_cpp/go2_interfaces/msg/voxel_height_map_state__type_support.cpp.o[0m
[6.796s] [ 40%] [32mBuilding CXX object CMakeFiles/go2_interfaces__rosidl_typesupport_cpp.dir/rosidl_typesupport_cpp/go2_interfaces/msg/web_rtc_req__type_support.cpp.o[0m
[6.799s] [ 41%] [32mBuilding CXX object CMakeFiles/go2_interfaces__rosidl_typesupport_introspection_cpp.dir/rosidl_typesupport_introspection_cpp/go2_interfaces/msg/detail/go2_move__type_support.cpp.o[0m
[6.806s] [ 41%] [32mBuilding CXX object CMakeFiles/go2_interfaces__rosidl_typesupport_introspection_cpp.dir/rosidl_typesupport_introspection_cpp/go2_interfaces/msg/detail/go2_rpy_cmd__type_support.cpp.o[0m
[6.821s] [ 41%] [32m[1mLinking CXX shared library libgo2_interfaces__rosidl_typesupport_c.so[0m
[6.895s] [ 41%] Built target go2_interfaces__rosidl_typesupport_c
[6.914s] [ 42%] [32mBuilding CXX object CMakeFiles/go2_interfaces__rosidl_typesupport_introspection_cpp.dir/rosidl_typesupport_introspection_cpp/go2_interfaces/msg/detail/imu__type_support.cpp.o[0m
[7.038s] [ 42%] [32mBuilding C object CMakeFiles/go2_interfaces__rosidl_typesupport_introspection_c.dir/rosidl_typesupport_introspection_c/go2_interfaces/msg/detail/go2_cmd__type_support.c.o[0m
[7.076s] [ 43%] [32mBuilding C object CMakeFiles/go2_interfaces__rosidl_typesupport_introspection_c.dir/rosidl_typesupport_introspection_c/go2_interfaces/msg/detail/go2_state__type_support.c.o[0m
[7.089s] [ 43%] [32mBuilding C object CMakeFiles/go2_interfaces__rosidl_typesupport_introspection_c.dir/rosidl_typesupport_introspection_c/go2_interfaces/msg/detail/go2_move__type_support.c.o[0m
[7.094s] [ 43%] [32mBuilding CXX object CMakeFiles/go2_interfaces__rosidl_typesupport_introspection_cpp.dir/rosidl_typesupport_introspection_cpp/go2_interfaces/msg/detail/audio_data__type_support.cpp.o[0m
[7.094s] [ 43%] [32mBuilding C object CMakeFiles/go2_interfaces__rosidl_typesupport_introspection_c.dir/rosidl_typesupport_introspection_c/go2_interfaces/msg/detail/go2_rpy_cmd__type_support.c.o[0m
[7.098s] [ 44%] [32mBuilding C object CMakeFiles/go2_interfaces__rosidl_typesupport_introspection_c.dir/rosidl_typesupport_introspection_c/go2_interfaces/msg/detail/imu__type_support.c.o[0m
[7.102s] [ 44%] [32mBuilding CXX object CMakeFiles/go2_interfaces__rosidl_typesupport_introspection_cpp.dir/rosidl_typesupport_introspection_cpp/go2_interfaces/msg/detail/bms_cmd__type_support.cpp.o[0m
[7.102s] [ 45%] [32mBuilding CXX object CMakeFiles/go2_interfaces__rosidl_typesupport_introspection_cpp.dir/rosidl_typesupport_introspection_cpp/go2_interfaces/msg/detail/bms_state__type_support.cpp.o[0m
[7.128s] [ 45%] [32mBuilding C object CMakeFiles/go2_interfaces__rosidl_typesupport_introspection_c.dir/rosidl_typesupport_introspection_c/go2_interfaces/msg/detail/audio_data__type_support.c.o[0m
[7.150s] [ 45%] [32mBuilding CXX object CMakeFiles/go2_interfaces__rosidl_typesupport_cpp.dir/rosidl_typesupport_cpp/go2_interfaces/msg/wireless_controller__type_support.cpp.o[0m
[7.150s] [ 45%] [32mBuilding CXX object CMakeFiles/go2_interfaces__rosidl_typesupport_introspection_cpp.dir/rosidl_typesupport_introspection_cpp/go2_interfaces/msg/detail/error__type_support.cpp.o[0m
[7.156s] [ 45%] [32mBuilding CXX object CMakeFiles/go2_interfaces__rosidl_typesupport_introspection_cpp.dir/rosidl_typesupport_introspection_cpp/go2_interfaces/msg/detail/go2_front_video_data__type_support.cpp.o[0m
[7.156s] [ 46%] [32mBuilding CXX object CMakeFiles/go2_interfaces__rosidl_typesupport_introspection_cpp.dir/rosidl_typesupport_introspection_cpp/go2_interfaces/msg/detail/height_map__type_support.cpp.o[0m
[7.157s] [ 46%] [32mBuilding C object CMakeFiles/go2_interfaces__rosidl_typesupport_introspection_c.dir/rosidl_typesupport_introspection_c/go2_interfaces/msg/detail/bms_cmd__type_support.c.o[0m
[7.188s] [ 46%] [32mBuilding CXX object CMakeFiles/go2_interfaces__rosidl_typesupport_introspection_cpp.dir/rosidl_typesupport_introspection_cpp/go2_interfaces/msg/detail/interface_config__type_support.cpp.o[0m
[7.205s] [ 47%] [32mBuilding C object CMakeFiles/go2_interfaces__rosidl_typesupport_introspection_c.dir/rosidl_typesupport_introspection_c/go2_interfaces/msg/detail/bms_state__type_support.c.o[0m
[7.264s] [ 47%] [32mBuilding C object CMakeFiles/go2_interfaces__rosidl_typesupport_introspection_c.dir/rosidl_typesupport_introspection_c/go2_interfaces/msg/detail/error__type_support.c.o[0m
[7.264s] [ 47%] [32mBuilding CXX object CMakeFiles/go2_interfaces__rosidl_typesupport_introspection_cpp.dir/rosidl_typesupport_introspection_cpp/go2_interfaces/msg/detail/lidar_state__type_support.cpp.o[0m
[7.271s] [ 48%] [32mBuilding CXX object CMakeFiles/go2_interfaces__rosidl_typesupport_introspection_cpp.dir/rosidl_typesupport_introspection_cpp/go2_interfaces/msg/detail/low_cmd__type_support.cpp.o[0m
[7.273s] [ 48%] [32mBuilding CXX object CMakeFiles/go2_interfaces__rosidl_typesupport_fastrtps_c.dir/rosidl_typesupport_fastrtps_c/go2_interfaces/msg/detail/go2_cmd__type_support_c.cpp.o[0m
[7.281s] [ 48%] [32mBuilding CXX object CMakeFiles/go2_interfaces__rosidl_typesupport_introspection_cpp.dir/rosidl_typesupport_introspection_cpp/go2_interfaces/msg/detail/low_state__type_support.cpp.o[0m
[7.281s] [ 48%] [32mBuilding CXX object CMakeFiles/go2_interfaces__rosidl_typesupport_fastrtps_c.dir/rosidl_typesupport_fastrtps_c/go2_interfaces/msg/detail/go2_state__type_support_c.cpp.o[0m
[7.315s] [ 48%] [32mBuilding C object CMakeFiles/go2_interfaces__rosidl_typesupport_introspection_c.dir/rosidl_typesupport_introspection_c/go2_interfaces/msg/detail/go2_front_video_data__type_support.c.o[0m
[7.327s] [ 48%] [32mBuilding CXX object CMakeFiles/go2_interfaces__rosidl_typesupport_fastrtps_cpp.dir/rosidl_typesupport_fastrtps_cpp/go2_interfaces/msg/detail/dds_fastrtps/go2_cmd__type_support.cpp.o[0m
[7.368s] [ 49%] [32mBuilding C object CMakeFiles/go2_interfaces__rosidl_typesupport_introspection_c.dir/rosidl_typesupport_introspection_c/go2_interfaces/msg/detail/height_map__type_support.c.o[0m
[7.371s] [ 50%] [32mBuilding CXX object CMakeFiles/go2_interfaces__rosidl_typesupport_fastrtps_c.dir/rosidl_typesupport_fastrtps_c/go2_interfaces/msg/detail/go2_move__type_support_c.cpp.o[0m
[7.426s] [ 50%] [32mBuilding C object CMakeFiles/go2_interfaces__rosidl_typesupport_introspection_c.dir/rosidl_typesupport_introspection_c/go2_interfaces/msg/detail/interface_config__type_support.c.o[0m
[7.465s] [ 50%] [32m[1mLinking CXX shared library libgo2_interfaces__rosidl_typesupport_cpp.so[0m
[7.487s] [ 51%] [32mBuilding C object CMakeFiles/go2_interfaces__rosidl_typesupport_introspection_c.dir/rosidl_typesupport_introspection_c/go2_interfaces/msg/detail/lidar_state__type_support.c.o[0m
[7.544s] [ 51%] Built target go2_interfaces__rosidl_typesupport_cpp
[7.551s] [ 51%] [32mBuilding C object CMakeFiles/go2_interfaces__rosidl_typesupport_introspection_c.dir/rosidl_typesupport_introspection_c/go2_interfaces/msg/detail/low_state__type_support.c.o[0m
[7.554s] [ 51%] [32mBuilding C object CMakeFiles/go2_interfaces__rosidl_typesupport_introspection_c.dir/rosidl_typesupport_introspection_c/go2_interfaces/msg/detail/low_cmd__type_support.c.o[0m
[7.556s] [ 52%] [32mBuilding C object CMakeFiles/go2_interfaces__rosidl_typesupport_introspection_c.dir/rosidl_typesupport_introspection_c/go2_interfaces/msg/detail/motor_cmd__type_support.c.o[0m
[7.570s] [ 53%] [32mBuilding CXX object CMakeFiles/go2_interfaces__rosidl_typesupport_introspection_cpp.dir/rosidl_typesupport_introspection_cpp/go2_interfaces/msg/detail/motor_cmd__type_support.cpp.o[0m
[7.606s] [ 53%] [32mBuilding CXX object CMakeFiles/go2_interfaces__rosidl_typesupport_fastrtps_cpp.dir/rosidl_typesupport_fastrtps_cpp/go2_interfaces/msg/detail/dds_fastrtps/go2_state__type_support.cpp.o[0m
[7.609s] [ 53%] [32mBuilding CXX object CMakeFiles/go2_interfaces__rosidl_typesupport_fastrtps_c.dir/rosidl_typesupport_fastrtps_c/go2_interfaces/msg/detail/go2_rpy_cmd__type_support_c.cpp.o[0m
[7.611s] [ 54%] [32mBuilding CXX object CMakeFiles/go2_interfaces__rosidl_typesupport_fastrtps_cpp.dir/rosidl_typesupport_fastrtps_cpp/go2_interfaces/msg/detail/dds_fastrtps/go2_move__type_support.cpp.o[0m
[7.626s] [ 55%] [32mBuilding CXX object CMakeFiles/go2_interfaces__rosidl_typesupport_fastrtps_c.dir/rosidl_typesupport_fastrtps_c/go2_interfaces/msg/detail/imu__type_support_c.cpp.o[0m
[7.627s] [ 55%] [32mBuilding CXX object CMakeFiles/go2_interfaces__rosidl_typesupport_introspection_cpp.dir/rosidl_typesupport_introspection_cpp/go2_interfaces/msg/detail/motor_cmds__type_support.cpp.o[0m
[7.636s] [ 55%] [32mBuilding C object CMakeFiles/go2_interfaces__rosidl_typesupport_introspection_c.dir/rosidl_typesupport_introspection_c/go2_interfaces/msg/detail/motor_cmds__type_support.c.o[0m
[7.652s] [ 55%] [32mBuilding C object CMakeFiles/go2_interfaces__rosidl_typesupport_introspection_c.dir/rosidl_typesupport_introspection_c/go2_interfaces/msg/detail/motor_state__type_support.c.o[0m
[7.682s] [ 55%] [32mBuilding CXX object CMakeFiles/go2_interfaces__rosidl_typesupport_introspection_cpp.dir/rosidl_typesupport_introspection_cpp/go2_interfaces/msg/detail/motor_state__type_support.cpp.o[0m
[7.695s] [ 55%] [32mBuilding CXX object CMakeFiles/go2_interfaces__rosidl_typesupport_fastrtps_cpp.dir/rosidl_typesupport_fastrtps_cpp/go2_interfaces/msg/detail/dds_fastrtps/go2_rpy_cmd__type_support.cpp.o[0m
[7.695s] [ 55%] [32mBuilding CXX object CMakeFiles/go2_interfaces__rosidl_typesupport_fastrtps_cpp.dir/rosidl_typesupport_fastrtps_cpp/go2_interfaces/msg/detail/dds_fastrtps/imu__type_support.cpp.o[0m
[7.701s] [ 56%] [32mBuilding C object CMakeFiles/go2_interfaces__rosidl_typesupport_introspection_c.dir/rosidl_typesupport_introspection_c/go2_interfaces/msg/detail/motor_states__type_support.c.o[0m
[7.716s] [ 56%] [32mBuilding C object CMakeFiles/go2_interfaces__rosidl_typesupport_introspection_c.dir/rosidl_typesupport_introspection_c/go2_interfaces/msg/detail/path_point__type_support.c.o[0m
[7.746s] [ 57%] [32mBuilding CXX object CMakeFiles/go2_interfaces__rosidl_typesupport_fastrtps_cpp.dir/rosidl_typesupport_fastrtps_cpp/go2_interfaces/msg/detail/dds_fastrtps/audio_data__type_support.cpp.o[0m
[7.761s] [ 57%] [32mBuilding CXX object CMakeFiles/go2_interfaces__rosidl_typesupport_fastrtps_cpp.dir/rosidl_typesupport_fastrtps_cpp/go2_interfaces/msg/detail/dds_fastrtps/bms_cmd__type_support.cpp.o[0m
[7.770s] [ 58%] [32mBuilding C object CMakeFiles/go2_interfaces__rosidl_typesupport_introspection_c.dir/rosidl_typesupport_introspection_c/go2_interfaces/msg/detail/req__type_support.c.o[0m
[7.784s] [ 59%] [32mBuilding CXX object CMakeFiles/go2_interfaces__rosidl_typesupport_fastrtps_cpp.dir/rosidl_typesupport_fastrtps_cpp/go2_interfaces/msg/detail/dds_fastrtps/bms_state__type_support.cpp.o[0m
[7.804s] [ 59%] [32mBuilding CXX object CMakeFiles/go2_interfaces__rosidl_typesupport_fastrtps_c.dir/rosidl_typesupport_fastrtps_c/go2_interfaces/msg/detail/audio_data__type_support_c.cpp.o[0m
[7.818s] [ 60%] [32mBuilding CXX object CMakeFiles/go2_interfaces__rosidl_typesupport_introspection_cpp.dir/rosidl_typesupport_introspection_cpp/go2_interfaces/msg/detail/motor_states__type_support.cpp.o[0m
[7.826s] [ 60%] [32mBuilding C object CMakeFiles/go2_interfaces__rosidl_typesupport_introspection_c.dir/rosidl_typesupport_introspection_c/go2_interfaces/msg/detail/res__type_support.c.o[0m
[7.834s] [ 60%] [32mBuilding CXX object CMakeFiles/go2_interfaces__rosidl_typesupport_fastrtps_c.dir/rosidl_typesupport_fastrtps_c/go2_interfaces/msg/detail/bms_cmd__type_support_c.cpp.o[0m
[7.892s] [ 60%] [32mBuilding C object CMakeFiles/go2_interfaces__rosidl_typesupport_introspection_c.dir/rosidl_typesupport_introspection_c/go2_interfaces/msg/detail/sport_mode_cmd__type_support.c.o[0m
[7.968s] [ 61%] [32mBuilding C object CMakeFiles/go2_interfaces__rosidl_typesupport_introspection_c.dir/rosidl_typesupport_introspection_c/go2_interfaces/msg/detail/sport_mode_state__type_support.c.o[0m
[8.007s] [ 61%] [32mBuilding CXX object CMakeFiles/go2_interfaces__rosidl_typesupport_fastrtps_cpp.dir/rosidl_typesupport_fastrtps_cpp/go2_interfaces/msg/detail/dds_fastrtps/error__type_support.cpp.o[0m
[8.021s] [ 61%] [32mBuilding CXX object CMakeFiles/go2_interfaces__rosidl_typesupport_introspection_cpp.dir/rosidl_typesupport_introspection_cpp/go2_interfaces/msg/detail/path_point__type_support.cpp.o[0m
[8.025s] [ 61%] [32mBuilding CXX object CMakeFiles/go2_interfaces__rosidl_typesupport_introspection_cpp.dir/rosidl_typesupport_introspection_cpp/go2_interfaces/msg/detail/req__type_support.cpp.o[0m
[8.032s] [ 61%] [32mBuilding C object CMakeFiles/go2_interfaces__rosidl_typesupport_introspection_c.dir/rosidl_typesupport_introspection_c/go2_interfaces/msg/detail/time_spec__type_support.c.o[0m
[8.078s] [ 61%] [32mBuilding CXX object CMakeFiles/go2_interfaces__rosidl_typesupport_fastrtps_cpp.dir/rosidl_typesupport_fastrtps_cpp/go2_interfaces/msg/detail/dds_fastrtps/go2_front_video_data__type_support.cpp.o[0m
[8.093s] [ 61%] [32mBuilding C object CMakeFiles/go2_interfaces__rosidl_typesupport_introspection_c.dir/rosidl_typesupport_introspection_c/go2_interfaces/msg/detail/uwb_state__type_support.c.o[0m
[8.131s] [ 62%] [32mBuilding CXX object CMakeFiles/go2_interfaces__rosidl_typesupport_introspection_cpp.dir/rosidl_typesupport_introspection_cpp/go2_interfaces/msg/detail/res__type_support.cpp.o[0m
[8.147s] [ 63%] [32mBuilding C object CMakeFiles/go2_interfaces__rosidl_typesupport_introspection_c.dir/rosidl_typesupport_introspection_c/go2_interfaces/msg/detail/uwb_switch__type_support.c.o[0m
[8.166s] [ 63%] [32mBuilding C object CMakeFiles/go2_interfaces__rosidl_typesupport_introspection_c.dir/rosidl_typesupport_introspection_c/go2_interfaces/msg/detail/voxel_map_compressed__type_support.c.o[0m
[8.168s] [ 63%] [32mBuilding C object CMakeFiles/go2_interfaces__rosidl_typesupport_introspection_c.dir/rosidl_typesupport_introspection_c/go2_interfaces/msg/detail/voxel_height_map_state__type_support.c.o[0m
[8.175s] [ 64%] [32mBuilding CXX object CMakeFiles/go2_interfaces__rosidl_typesupport_fastrtps_c.dir/rosidl_typesupport_fastrtps_c/go2_interfaces/msg/detail/bms_state__type_support_c.cpp.o[0m
[8.196s] [ 65%] [32mBuilding CXX object CMakeFiles/go2_interfaces__rosidl_typesupport_fastrtps_cpp.dir/rosidl_typesupport_fastrtps_cpp/go2_interfaces/msg/detail/dds_fastrtps/height_map__type_support.cpp.o[0m
[8.213s] [ 65%] [32mBuilding CXX object CMakeFiles/go2_interfaces__rosidl_typesupport_introspection_cpp.dir/rosidl_typesupport_introspection_cpp/go2_interfaces/msg/detail/sport_mode_cmd__type_support.cpp.o[0m
[8.223s] [ 65%] [32mBuilding CXX object CMakeFiles/go2_interfaces__rosidl_typesupport_fastrtps_c.dir/rosidl_typesupport_fastrtps_c/go2_interfaces/msg/detail/error__type_support_c.cpp.o[0m
[8.228s] [ 66%] [32mBuilding C object CMakeFiles/go2_interfaces__rosidl_typesupport_introspection_c.dir/rosidl_typesupport_introspection_c/go2_interfaces/msg/detail/web_rtc_req__type_support.c.o[0m
[8.247s] [ 66%] [32mBuilding C object CMakeFiles/go2_interfaces__rosidl_typesupport_introspection_c.dir/rosidl_typesupport_introspection_c/go2_interfaces/msg/detail/wireless_controller__type_support.c.o[0m
[8.248s] [ 67%] [32mBuilding CXX object CMakeFiles/go2_interfaces__rosidl_typesupport_introspection_cpp.dir/rosidl_typesupport_introspection_cpp/go2_interfaces/msg/detail/sport_mode_state__type_support.cpp.o[0m
[8.266s] [ 67%] [32mBuilding CXX object CMakeFiles/go2_interfaces__rosidl_typesupport_fastrtps_c.dir/rosidl_typesupport_fastrtps_c/go2_interfaces/msg/detail/go2_front_video_data__type_support_c.cpp.o[0m
[8.271s] [ 67%] [32mBuilding CXX object CMakeFiles/go2_interfaces__rosidl_typesupport_introspection_cpp.dir/rosidl_typesupport_introspection_cpp/go2_interfaces/msg/detail/time_spec__type_support.cpp.o[0m
[8.276s] [ 68%] [32mBuilding CXX object CMakeFiles/go2_interfaces__rosidl_typesupport_fastrtps_c.dir/rosidl_typesupport_fastrtps_c/go2_interfaces/msg/detail/height_map__type_support_c.cpp.o[0m
[8.289s] [ 68%] [32mBuilding CXX object CMakeFiles/go2_interfaces__rosidl_typesupport_introspection_cpp.dir/rosidl_typesupport_introspection_cpp/go2_interfaces/msg/detail/uwb_state__type_support.cpp.o[0m
[8.309s] [ 69%] [32m[1mLinking C shared library libgo2_interfaces__rosidl_typesupport_introspection_c.so[0m
[8.312s] [ 69%] [32mBuilding CXX object CMakeFiles/go2_interfaces__rosidl_typesupport_fastrtps_cpp.dir/rosidl_typesupport_fastrtps_cpp/go2_interfaces/msg/detail/dds_fastrtps/interface_config__type_support.cpp.o[0m
[8.376s] [ 69%] Built target go2_interfaces__rosidl_typesupport_introspection_c
[8.393s] [ 69%] [32mBuilding CXX object CMakeFiles/go2_interfaces__rosidl_typesupport_fastrtps_cpp.dir/rosidl_typesupport_fastrtps_cpp/go2_interfaces/msg/detail/dds_fastrtps/lidar_state__type_support.cpp.o[0m
[8.489s] [ 70%] [32mBuilding CXX object CMakeFiles/go2_interfaces__rosidl_typesupport_fastrtps_cpp.dir/rosidl_typesupport_fastrtps_cpp/go2_interfaces/msg/detail/dds_fastrtps/low_cmd__type_support.cpp.o[0m
[8.507s] [ 71%] [32mBuilding CXX object CMakeFiles/go2_interfaces__rosidl_typesupport_introspection_cpp.dir/rosidl_typesupport_introspection_cpp/go2_interfaces/msg/detail/uwb_switch__type_support.cpp.o[0m
[8.514s] [ 71%] [32mBuilding CXX object CMakeFiles/go2_interfaces__rosidl_typesupport_fastrtps_cpp.dir/rosidl_typesupport_fastrtps_cpp/go2_interfaces/msg/detail/dds_fastrtps/low_state__type_support.cpp.o[0m
[8.617s] [ 71%] [32mBuilding CXX object CMakeFiles/go2_interfaces__rosidl_typesupport_introspection_cpp.dir/rosidl_typesupport_introspection_cpp/go2_interfaces/msg/detail/voxel_map_compressed__type_support.cpp.o[0m
[8.680s] [ 71%] [32mBuilding CXX object CMakeFiles/go2_interfaces__rosidl_typesupport_fastrtps_c.dir/rosidl_typesupport_fastrtps_c/go2_interfaces/msg/detail/interface_config__type_support_c.cpp.o[0m
[8.683s] [ 71%] [32mBuilding CXX object CMakeFiles/go2_interfaces__rosidl_typesupport_fastrtps_c.dir/rosidl_typesupport_fastrtps_c/go2_interfaces/msg/detail/lidar_state__type_support_c.cpp.o[0m
[8.695s] [ 72%] [32mBuilding CXX object CMakeFiles/go2_interfaces__rosidl_typesupport_fastrtps_cpp.dir/rosidl_typesupport_fastrtps_cpp/go2_interfaces/msg/detail/dds_fastrtps/motor_cmd__type_support.cpp.o[0m
[8.717s] [ 72%] [32mBuilding CXX object CMakeFiles/go2_interfaces__rosidl_typesupport_fastrtps_cpp.dir/rosidl_typesupport_fastrtps_cpp/go2_interfaces/msg/detail/dds_fastrtps/motor_cmds__type_support.cpp.o[0m
[8.746s] [ 73%] [32mBuilding CXX object CMakeFiles/go2_interfaces__rosidl_typesupport_fastrtps_c.dir/rosidl_typesupport_fastrtps_c/go2_interfaces/msg/detail/low_cmd__type_support_c.cpp.o[0m
[8.751s] [ 73%] [32mBuilding CXX object CMakeFiles/go2_interfaces__rosidl_typesupport_fastrtps_c.dir/rosidl_typesupport_fastrtps_c/go2_interfaces/msg/detail/low_state__type_support_c.cpp.o[0m
[8.767s] [ 73%] [32mBuilding CXX object CMakeFiles/go2_interfaces__rosidl_typesupport_fastrtps_cpp.dir/rosidl_typesupport_fastrtps_cpp/go2_interfaces/msg/detail/dds_fastrtps/motor_state__type_support.cpp.o[0m
[8.786s] [ 74%] [32mBuilding CXX object CMakeFiles/go2_interfaces__rosidl_typesupport_fastrtps_c.dir/rosidl_typesupport_fastrtps_c/go2_interfaces/msg/detail/motor_cmd__type_support_c.cpp.o[0m
[8.794s] [ 74%] [32mBuilding CXX object CMakeFiles/go2_interfaces__rosidl_typesupport_introspection_cpp.dir/rosidl_typesupport_introspection_cpp/go2_interfaces/msg/detail/voxel_height_map_state__type_support.cpp.o[0m
[8.854s] [ 74%] [32mBuilding CXX object CMakeFiles/go2_interfaces__rosidl_typesupport_fastrtps_c.dir/rosidl_typesupport_fastrtps_c/go2_interfaces/msg/detail/motor_cmds__type_support_c.cpp.o[0m
[8.892s] [ 75%] [32mBuilding CXX object CMakeFiles/go2_interfaces__rosidl_typesupport_introspection_cpp.dir/rosidl_typesupport_introspection_cpp/go2_interfaces/msg/detail/web_rtc_req__type_support.cpp.o[0m
[8.920s] [ 75%] [32mBuilding CXX object CMakeFiles/go2_interfaces__rosidl_typesupport_fastrtps_c.dir/rosidl_typesupport_fastrtps_c/go2_interfaces/msg/detail/motor_state__type_support_c.cpp.o[0m
[8.981s] [ 76%] [32mBuilding CXX object CMakeFiles/go2_interfaces__rosidl_typesupport_fastrtps_c.dir/rosidl_typesupport_fastrtps_c/go2_interfaces/msg/detail/motor_states__type_support_c.cpp.o[0m
[9.002s] [ 76%] [32mBuilding CXX object CMakeFiles/go2_interfaces__rosidl_typesupport_fastrtps_c.dir/rosidl_typesupport_fastrtps_c/go2_interfaces/msg/detail/path_point__type_support_c.cpp.o[0m
[9.104s] [ 76%] [32mBuilding CXX object CMakeFiles/go2_interfaces__rosidl_typesupport_introspection_cpp.dir/rosidl_typesupport_introspection_cpp/go2_interfaces/msg/detail/wireless_controller__type_support.cpp.o[0m
[9.109s] [ 76%] [32mBuilding CXX object CMakeFiles/go2_interfaces__rosidl_typesupport_fastrtps_c.dir/rosidl_typesupport_fastrtps_c/go2_interfaces/msg/detail/req__type_support_c.cpp.o[0m
[9.128s] [ 77%] [32mBuilding CXX object CMakeFiles/go2_interfaces__rosidl_typesupport_fastrtps_c.dir/rosidl_typesupport_fastrtps_c/go2_interfaces/msg/detail/res__type_support_c.cpp.o[0m
[9.166s] [ 77%] [32mBuilding CXX object CMakeFiles/go2_interfaces__rosidl_typesupport_fastrtps_c.dir/rosidl_typesupport_fastrtps_c/go2_interfaces/msg/detail/sport_mode_cmd__type_support_c.cpp.o[0m
[9.188s] [ 78%] [32mBuilding CXX object CMakeFiles/go2_interfaces__rosidl_typesupport_fastrtps_cpp.dir/rosidl_typesupport_fastrtps_cpp/go2_interfaces/msg/detail/dds_fastrtps/motor_states__type_support.cpp.o[0m
[9.192s] [ 78%] [32mBuilding CXX object CMakeFiles/go2_interfaces__rosidl_typesupport_fastrtps_cpp.dir/rosidl_typesupport_fastrtps_cpp/go2_interfaces/msg/detail/dds_fastrtps/path_point__type_support.cpp.o[0m
[9.216s] [ 79%] [32mBuilding CXX object CMakeFiles/go2_interfaces__rosidl_typesupport_fastrtps_c.dir/rosidl_typesupport_fastrtps_c/go2_interfaces/msg/detail/sport_mode_state__type_support_c.cpp.o[0m
[9.232s] [ 79%] [32mBuilding CXX object CMakeFiles/go2_interfaces__rosidl_typesupport_fastrtps_cpp.dir/rosidl_typesupport_fastrtps_cpp/go2_interfaces/msg/detail/dds_fastrtps/req__type_support.cpp.o[0m
[9.248s] [ 79%] [32mBuilding CXX object CMakeFiles/go2_interfaces__rosidl_typesupport_fastrtps_c.dir/rosidl_typesupport_fastrtps_c/go2_interfaces/msg/detail/time_spec__type_support_c.cpp.o[0m
[9.263s] [ 80%] [32mBuilding CXX object CMakeFiles/go2_interfaces__rosidl_typesupport_fastrtps_cpp.dir/rosidl_typesupport_fastrtps_cpp/go2_interfaces/msg/detail/dds_fastrtps/res__type_support.cpp.o[0m
[9.271s] [ 80%] [32mBuilding CXX object CMakeFiles/go2_interfaces__rosidl_typesupport_fastrtps_c.dir/rosidl_typesupport_fastrtps_c/go2_interfaces/msg/detail/uwb_state__type_support_c.cpp.o[0m
[9.275s] [ 81%] [32mBuilding CXX object CMakeFiles/go2_interfaces__rosidl_typesupport_fastrtps_c.dir/rosidl_typesupport_fastrtps_c/go2_interfaces/msg/detail/uwb_switch__type_support_c.cpp.o[0m
[9.320s] [ 81%] [32mBuilding CXX object CMakeFiles/go2_interfaces__rosidl_typesupport_fastrtps_cpp.dir/rosidl_typesupport_fastrtps_cpp/go2_interfaces/msg/detail/dds_fastrtps/sport_mode_cmd__type_support.cpp.o[0m
[9.378s] [ 81%] [32mBuilding CXX object CMakeFiles/go2_interfaces__rosidl_typesupport_fastrtps_c.dir/rosidl_typesupport_fastrtps_c/go2_interfaces/msg/detail/voxel_map_compressed__type_support_c.cpp.o[0m
[9.412s] [ 81%] [32mBuilding CXX object CMakeFiles/go2_interfaces__rosidl_typesupport_fastrtps_c.dir/rosidl_typesupport_fastrtps_c/go2_interfaces/msg/detail/voxel_height_map_state__type_support_c.cpp.o[0m
[9.412s] [ 81%] [32mBuilding CXX object CMakeFiles/go2_interfaces__rosidl_typesupport_fastrtps_cpp.dir/rosidl_typesupport_fastrtps_cpp/go2_interfaces/msg/detail/dds_fastrtps/sport_mode_state__type_support.cpp.o[0m
[9.555s] [ 82%] [32mBuilding CXX object CMakeFiles/go2_interfaces__rosidl_typesupport_fastrtps_cpp.dir/rosidl_typesupport_fastrtps_cpp/go2_interfaces/msg/detail/dds_fastrtps/time_spec__type_support.cpp.o[0m
[9.598s] [ 83%] [32mBuilding CXX object CMakeFiles/go2_interfaces__rosidl_typesupport_fastrtps_c.dir/rosidl_typesupport_fastrtps_c/go2_interfaces/msg/detail/web_rtc_req__type_support_c.cpp.o[0m
[9.598s] [ 83%] [32mBuilding CXX object CMakeFiles/go2_interfaces__rosidl_typesupport_fastrtps_cpp.dir/rosidl_typesupport_fastrtps_cpp/go2_interfaces/msg/detail/dds_fastrtps/uwb_state__type_support.cpp.o[0m
[9.644s] [ 84%] [32m[1mLinking CXX shared library libgo2_interfaces__rosidl_typesupport_introspection_cpp.so[0m
[9.694s] [ 85%] [32mBuilding CXX object CMakeFiles/go2_interfaces__rosidl_typesupport_fastrtps_cpp.dir/rosidl_typesupport_fastrtps_cpp/go2_interfaces/msg/detail/dds_fastrtps/uwb_switch__type_support.cpp.o[0m
[9.699s] [ 85%] [32mBuilding CXX object CMakeFiles/go2_interfaces__rosidl_typesupport_fastrtps_c.dir/rosidl_typesupport_fastrtps_c/go2_interfaces/msg/detail/wireless_controller__type_support_c.cpp.o[0m
[9.699s] [ 85%] [32mBuilding CXX object CMakeFiles/go2_interfaces__rosidl_typesupport_fastrtps_cpp.dir/rosidl_typesupport_fastrtps_cpp/go2_interfaces/msg/detail/dds_fastrtps/voxel_map_compressed__type_support.cpp.o[0m
[9.704s] [ 85%] [32mBuilding CXX object CMakeFiles/go2_interfaces__rosidl_typesupport_fastrtps_cpp.dir/rosidl_typesupport_fastrtps_cpp/go2_interfaces/msg/detail/dds_fastrtps/voxel_height_map_state__type_support.cpp.o[0m
[9.756s] [ 86%] [32mBuilding CXX object CMakeFiles/go2_interfaces__rosidl_typesupport_fastrtps_cpp.dir/rosidl_typesupport_fastrtps_cpp/go2_interfaces/msg/detail/dds_fastrtps/web_rtc_req__type_support.cpp.o[0m
[9.781s] [ 86%] [32mBuilding CXX object CMakeFiles/go2_interfaces__rosidl_typesupport_fastrtps_cpp.dir/rosidl_typesupport_fastrtps_cpp/go2_interfaces/msg/detail/dds_fastrtps/wireless_controller__type_support.cpp.o[0m
[9.843s] [ 86%] Built target go2_interfaces__rosidl_typesupport_introspection_cpp
[10.108s] [ 86%] [32m[1mLinking CXX shared library libgo2_interfaces__rosidl_typesupport_fastrtps_c.so[0m
[10.179s] [ 86%] [32m[1mLinking CXX shared library libgo2_interfaces__rosidl_typesupport_fastrtps_cpp.so[0m
[10.201s] [ 86%] Built target go2_interfaces__rosidl_typesupport_fastrtps_c
[10.298s] [ 86%] Built target go2_interfaces__rosidl_typesupport_fastrtps_cpp
[10.323s] [ 86%] Built target go2_interfaces
[10.349s] [ 86%] [34m[1mGenerating Python code for ROS interfaces[0m
[13.556s] [ 86%] Built target go2_interfaces__py
[13.592s] [ 86%] [32mBuilding C object CMakeFiles/go2_interfaces__rosidl_generator_py.dir/rosidl_generator_py/go2_interfaces/msg/_bms_cmd_s.c.o[0m
[13.592s] [ 86%] [32mBuilding C object CMakeFiles/go2_interfaces__rosidl_generator_py.dir/rosidl_generator_py/go2_interfaces/msg/_imu_s.c.o[0m
[13.592s] [ 86%] [32mBuilding C object CMakeFiles/go2_interfaces__rosidl_generator_py.dir/rosidl_generator_py/go2_interfaces/msg/_go2_rpy_cmd_s.c.o[0m
[13.592s] [ 87%] [32mBuilding C object CMakeFiles/go2_interfaces__rosidl_generator_py.dir/rosidl_generator_py/go2_interfaces/msg/_audio_data_s.c.o[0m
[13.592s] [ 88%] [32mBuilding C object CMakeFiles/go2_interfaces__rosidl_generator_py.dir/rosidl_generator_py/go2_interfaces/msg/_go2_cmd_s.c.o[0m
[13.592s] [ 87%] [32mBuilding C object CMakeFiles/go2_interfaces__rosidl_generator_py.dir/rosidl_generator_py/go2_interfaces/msg/_bms_state_s.c.o[0m
[13.592s] [ 88%] [32mBuilding C object CMakeFiles/go2_interfaces__rosidl_generator_py.dir/rosidl_generator_py/go2_interfaces/msg/_height_map_s.c.o[0m
[13.592s] [ 88%] [32mBuilding C object CMakeFiles/go2_interfaces__rosidl_generator_py.dir/rosidl_generator_py/go2_interfaces/msg/_lidar_state_s.c.o[0m
[13.592s] [ 89%] [32mBuilding C object CMakeFiles/go2_interfaces__rosidl_generator_py.dir/rosidl_generator_py/go2_interfaces/msg/_interface_config_s.c.o[0m
[13.593s] [ 90%] [32mBuilding C object CMakeFiles/go2_interfaces__rosidl_generator_py.dir/rosidl_generator_py/go2_interfaces/msg/_low_cmd_s.c.o[0m
[13.593s] [ 90%] [32mBuilding C object CMakeFiles/go2_interfaces__rosidl_generator_py.dir/rosidl_generator_py/go2_interfaces/msg/_low_state_s.c.o[0m
[13.593s] [ 90%] [32mBuilding C object CMakeFiles/go2_interfaces__rosidl_generator_py.dir/rosidl_generator_py/go2_interfaces/msg/_go2_state_s.c.o[0m
[13.593s] [ 91%] [32mBuilding C object CMakeFiles/go2_interfaces__rosidl_generator_py.dir/rosidl_generator_py/go2_interfaces/msg/_go2_move_s.c.o[0m
[13.594s] [ 91%] [32mBuilding C object CMakeFiles/go2_interfaces__rosidl_generator_py.dir/rosidl_generator_py/go2_interfaces/msg/_motor_cmd_s.c.o[0m
[13.596s] [ 92%] [32mBuilding C object CMakeFiles/go2_interfaces__rosidl_generator_py.dir/rosidl_generator_py/go2_interfaces/msg/_error_s.c.o[0m
[13.596s] [ 92%] [32mBuilding C object CMakeFiles/go2_interfaces__rosidl_generator_py.dir/rosidl_generator_py/go2_interfaces/msg/_go2_front_video_data_s.c.o[0m
[13.770s] [ 93%] [32mBuilding C object CMakeFiles/go2_interfaces__rosidl_generator_py.dir/rosidl_generator_py/go2_interfaces/msg/_motor_cmds_s.c.o[0m
[13.770s] [ 93%] [32mBuilding C object CMakeFiles/go2_interfaces__rosidl_generator_py.dir/rosidl_generator_py/go2_interfaces/msg/_motor_state_s.c.o[0m
[13.770s] [ 94%] [32mBuilding C object CMakeFiles/go2_interfaces__rosidl_generator_py.dir/rosidl_generator_py/go2_interfaces/msg/_path_point_s.c.o[0m
[13.770s] [ 94%] [32mBuilding C object CMakeFiles/go2_interfaces__rosidl_generator_py.dir/rosidl_generator_py/go2_interfaces/msg/_motor_states_s.c.o[0m
[13.772s] [ 94%] [32mBuilding C object CMakeFiles/go2_interfaces__rosidl_generator_py.dir/rosidl_generator_py/go2_interfaces/msg/_req_s.c.o[0m
[13.774s] [ 95%] [32mBuilding C object CMakeFiles/go2_interfaces__rosidl_generator_py.dir/rosidl_generator_py/go2_interfaces/msg/_res_s.c.o[0m
[13.783s] [ 95%] [32mBuilding C object CMakeFiles/go2_interfaces__rosidl_generator_py.dir/rosidl_generator_py/go2_interfaces/msg/_sport_mode_cmd_s.c.o[0m
[13.786s] [ 96%] [32mBuilding C object CMakeFiles/go2_interfaces__rosidl_generator_py.dir/rosidl_generator_py/go2_interfaces/msg/_time_spec_s.c.o[0m
[13.787s] [ 96%] [32mBuilding C object CMakeFiles/go2_interfaces__rosidl_generator_py.dir/rosidl_generator_py/go2_interfaces/msg/_sport_mode_state_s.c.o[0m
[13.788s] [ 97%] [32mBuilding C object CMakeFiles/go2_interfaces__rosidl_generator_py.dir/rosidl_generator_py/go2_interfaces/msg/_voxel_map_compressed_s.c.o[0m
[13.789s] [ 97%] [32mBuilding C object CMakeFiles/go2_interfaces__rosidl_generator_py.dir/rosidl_generator_py/go2_interfaces/msg/_uwb_state_s.c.o[0m
[13.789s] [ 97%] [32mBuilding C object CMakeFiles/go2_interfaces__rosidl_generator_py.dir/rosidl_generator_py/go2_interfaces/msg/_uwb_switch_s.c.o[0m
[13.795s] [ 97%] [32mBuilding C object CMakeFiles/go2_interfaces__rosidl_generator_py.dir/rosidl_generator_py/go2_interfaces/msg/_voxel_height_map_state_s.c.o[0m
[13.797s] [ 97%] [32mBuilding C object CMakeFiles/go2_interfaces__rosidl_generator_py.dir/rosidl_generator_py/go2_interfaces/msg/_web_rtc_req_s.c.o[0m
[13.803s] [ 98%] [32mBuilding C object CMakeFiles/go2_interfaces__rosidl_generator_py.dir/rosidl_generator_py/go2_interfaces/msg/_wireless_controller_s.c.o[0m
[13.943s] [ 98%] [32m[1mLinking C shared library rosidl_generator_py/go2_interfaces/libgo2_interfaces__rosidl_generator_py.so[0m
[13.998s] [ 98%] Built target go2_interfaces__rosidl_generator_py
[14.022s] [ 98%] [32mBuilding C object CMakeFiles/go2_interfaces__rosidl_typesupport_introspection_c__pyext.dir/rosidl_generator_py/go2_interfaces/_go2_interfaces_s.ep.rosidl_typesupport_introspection_c.c.o[0m
[14.024s] [ 99%] [32mBuilding C object CMakeFiles/go2_interfaces__rosidl_typesupport_c__pyext.dir/rosidl_generator_py/go2_interfaces/_go2_interfaces_s.ep.rosidl_typesupport_c.c.o[0m
[14.027s] [100%] [32mBuilding C object CMakeFiles/go2_interfaces__rosidl_typesupport_fastrtps_c__pyext.dir/rosidl_generator_py/go2_interfaces/_go2_interfaces_s.ep.rosidl_typesupport_fastrtps_c.c.o[0m
[14.192s] [100%] [32m[1mLinking C shared library rosidl_generator_py/go2_interfaces/go2_interfaces_s__rosidl_typesupport_introspection_c.cpython-310-x86_64-linux-gnu.so[0m
[14.192s] [100%] [32m[1mLinking C shared library rosidl_generator_py/go2_interfaces/go2_interfaces_s__rosidl_typesupport_c.cpython-310-x86_64-linux-gnu.so[0m
[14.194s] [100%] [32m[1mLinking C shared library rosidl_generator_py/go2_interfaces/go2_interfaces_s__rosidl_typesupport_fastrtps_c.cpython-310-x86_64-linux-gnu.so[0m
[14.238s] [100%] Built target go2_interfaces__rosidl_typesupport_c__pyext
[14.246s] [100%] Built target go2_interfaces__rosidl_typesupport_fastrtps_c__pyext
[14.248s] [100%] Built target go2_interfaces__rosidl_typesupport_introspection_c__pyext
[14.265s] Invoked command in '/home/htrice/go2_ros2_curr/build/go2_interfaces' returned '0': CMAKE_PREFIX_PATH=/opt/ros/humble /usr/bin/cmake --build /home/htrice/go2_ros2_curr/build/go2_interfaces -- -j16 -l16
[14.278s] Invoking command in '/home/htrice/go2_ros2_curr/build/go2_interfaces': CMAKE_PREFIX_PATH=/opt/ros/humble /usr/bin/cmake --install /home/htrice/go2_ros2_curr/build/go2_interfaces
[14.288s] -- Install configuration: ""
[14.288s] -- Execute custom install script
[14.289s] -- Symlinking: /home/htrice/go2_ros2_curr/install/go2_interfaces/share/ament_index/resource_index/rosidl_interfaces/go2_interfaces
[14.303s] -- Symlinking: /home/htrice/go2_ros2_curr/install/go2_interfaces/include/go2_interfaces/go2_interfaces/msg/audio_data.h
[14.313s] -- Symlinking: /home/htrice/go2_ros2_curr/install/go2_interfaces/include/go2_interfaces/go2_interfaces/msg/bms_cmd.h
[14.324s] -- Symlinking: /home/htrice/go2_ros2_curr/install/go2_interfaces/include/go2_interfaces/go2_interfaces/msg/bms_state.h
[14.336s] -- Symlinking: /home/htrice/go2_ros2_curr/install/go2_interfaces/include/go2_interfaces/go2_interfaces/msg/detail/audio_data__functions.h
[14.348s] -- Symlinking: /home/htrice/go2_ros2_curr/install/go2_interfaces/include/go2_interfaces/go2_interfaces/msg/detail/audio_data__struct.h
[14.360s] -- Symlinking: /home/htrice/go2_ros2_curr/install/go2_interfaces/include/go2_interfaces/go2_interfaces/msg/detail/audio_data__type_support.h
[14.368s] -- Symlinking: /home/htrice/go2_ros2_curr/install/go2_interfaces/include/go2_interfaces/go2_interfaces/msg/detail/bms_cmd__functions.h
[14.376s] -- Symlinking: /home/htrice/go2_ros2_curr/install/go2_interfaces/include/go2_interfaces/go2_interfaces/msg/detail/bms_cmd__struct.h
[14.384s] -- Symlinking: /home/htrice/go2_ros2_curr/install/go2_interfaces/include/go2_interfaces/go2_interfaces/msg/detail/bms_cmd__type_support.h
[14.393s] -- Symlinking: /home/htrice/go2_ros2_curr/install/go2_interfaces/include/go2_interfaces/go2_interfaces/msg/detail/bms_state__functions.h
[14.403s] -- Symlinking: /home/htrice/go2_ros2_curr/install/go2_interfaces/include/go2_interfaces/go2_interfaces/msg/detail/bms_state__struct.h
[14.411s] -- Symlinking: /home/htrice/go2_ros2_curr/install/go2_interfaces/include/go2_interfaces/go2_interfaces/msg/detail/bms_state__type_support.h
[14.418s] -- Symlinking: /home/htrice/go2_ros2_curr/install/go2_interfaces/include/go2_interfaces/go2_interfaces/msg/detail/error__functions.h
[14.428s] -- Symlinking: /home/htrice/go2_ros2_curr/install/go2_interfaces/include/go2_interfaces/go2_interfaces/msg/detail/error__struct.h
[14.438s] -- Symlinking: /home/htrice/go2_ros2_curr/install/go2_interfaces/include/go2_interfaces/go2_interfaces/msg/detail/error__type_support.h
[14.446s] -- Symlinking: /home/htrice/go2_ros2_curr/install/go2_interfaces/include/go2_interfaces/go2_interfaces/msg/detail/go2_cmd__functions.h
[14.459s] -- Symlinking: /home/htrice/go2_ros2_curr/install/go2_interfaces/include/go2_interfaces/go2_interfaces/msg/detail/go2_cmd__struct.h
[14.467s] -- Symlinking: /home/htrice/go2_ros2_curr/install/go2_interfaces/include/go2_interfaces/go2_interfaces/msg/detail/go2_cmd__type_support.h
[14.479s] -- Symlinking: /home/htrice/go2_ros2_curr/install/go2_interfaces/include/go2_interfaces/go2_interfaces/msg/detail/go2_front_video_data__functions.h
[14.491s] -- Symlinking: /home/htrice/go2_ros2_curr/install/go2_interfaces/include/go2_interfaces/go2_interfaces/msg/detail/go2_front_video_data__struct.h
[14.501s] -- Symlinking: /home/htrice/go2_ros2_curr/install/go2_interfaces/include/go2_interfaces/go2_interfaces/msg/detail/go2_front_video_data__type_support.h
[14.510s] -- Symlinking: /home/htrice/go2_ros2_curr/install/go2_interfaces/include/go2_interfaces/go2_interfaces/msg/detail/go2_move__functions.h
[14.519s] -- Symlinking: /home/htrice/go2_ros2_curr/install/go2_interfaces/include/go2_interfaces/go2_interfaces/msg/detail/go2_move__struct.h
[14.530s] -- Symlinking: /home/htrice/go2_ros2_curr/install/go2_interfaces/include/go2_interfaces/go2_interfaces/msg/detail/go2_move__type_support.h
[14.538s] -- Symlinking: /home/htrice/go2_ros2_curr/install/go2_interfaces/include/go2_interfaces/go2_interfaces/msg/detail/go2_rpy_cmd__functions.h
[14.545s] -- Symlinking: /home/htrice/go2_ros2_curr/install/go2_interfaces/include/go2_interfaces/go2_interfaces/msg/detail/go2_rpy_cmd__struct.h
[14.555s] -- Symlinking: /home/htrice/go2_ros2_curr/install/go2_interfaces/include/go2_interfaces/go2_interfaces/msg/detail/go2_rpy_cmd__type_support.h
[14.566s] -- Symlinking: /home/htrice/go2_ros2_curr/install/go2_interfaces/include/go2_interfaces/go2_interfaces/msg/detail/go2_state__functions.h
[14.575s] -- Symlinking: /home/htrice/go2_ros2_curr/install/go2_interfaces/include/go2_interfaces/go2_interfaces/msg/detail/go2_state__struct.h
[14.585s] -- Symlinking: /home/htrice/go2_ros2_curr/install/go2_interfaces/include/go2_interfaces/go2_interfaces/msg/detail/go2_state__type_support.h
[14.595s] -- Symlinking: /home/htrice/go2_ros2_curr/install/go2_interfaces/include/go2_interfaces/go2_interfaces/msg/detail/height_map__functions.h
[14.604s] -- Symlinking: /home/htrice/go2_ros2_curr/install/go2_interfaces/include/go2_interfaces/go2_interfaces/msg/detail/height_map__struct.h
[14.617s] -- Symlinking: /home/htrice/go2_ros2_curr/install/go2_interfaces/include/go2_interfaces/go2_interfaces/msg/detail/height_map__type_support.h
[14.624s] -- Symlinking: /home/htrice/go2_ros2_curr/install/go2_interfaces/include/go2_interfaces/go2_interfaces/msg/detail/imu__functions.h
[14.634s] -- Symlinking: /home/htrice/go2_ros2_curr/install/go2_interfaces/include/go2_interfaces/go2_interfaces/msg/detail/imu__struct.h
[14.647s] -- Symlinking: /home/htrice/go2_ros2_curr/install/go2_interfaces/include/go2_interfaces/go2_interfaces/msg/detail/imu__type_support.h
[14.656s] -- Symlinking: /home/htrice/go2_ros2_curr/install/go2_interfaces/include/go2_interfaces/go2_interfaces/msg/detail/interface_config__functions.h
[14.669s] -- Symlinking: /home/htrice/go2_ros2_curr/install/go2_interfaces/include/go2_interfaces/go2_interfaces/msg/detail/interface_config__struct.h
[14.681s] -- Symlinking: /home/htrice/go2_ros2_curr/install/go2_interfaces/include/go2_interfaces/go2_interfaces/msg/detail/interface_config__type_support.h
[14.694s] -- Symlinking: /home/htrice/go2_ros2_curr/install/go2_interfaces/include/go2_interfaces/go2_interfaces/msg/detail/lidar_state__functions.h
[14.706s] -- Symlinking: /home/htrice/go2_ros2_curr/install/go2_interfaces/include/go2_interfaces/go2_interfaces/msg/detail/lidar_state__struct.h
[14.718s] -- Symlinking: /home/htrice/go2_ros2_curr/install/go2_interfaces/include/go2_interfaces/go2_interfaces/msg/detail/lidar_state__type_support.h
[14.731s] -- Symlinking: /home/htrice/go2_ros2_curr/install/go2_interfaces/include/go2_interfaces/go2_interfaces/msg/detail/low_cmd__functions.h
[14.743s] -- Symlinking: /home/htrice/go2_ros2_curr/install/go2_interfaces/include/go2_interfaces/go2_interfaces/msg/detail/low_cmd__struct.h
[14.751s] -- Symlinking: /home/htrice/go2_ros2_curr/install/go2_interfaces/include/go2_interfaces/go2_interfaces/msg/detail/low_cmd__type_support.h
[14.763s] -- Symlinking: /home/htrice/go2_ros2_curr/install/go2_interfaces/include/go2_interfaces/go2_interfaces/msg/detail/low_state__functions.h
[14.776s] -- Symlinking: /home/htrice/go2_ros2_curr/install/go2_interfaces/include/go2_interfaces/go2_interfaces/msg/detail/low_state__struct.h
[14.789s] -- Symlinking: /home/htrice/go2_ros2_curr/install/go2_interfaces/include/go2_interfaces/go2_interfaces/msg/detail/low_state__type_support.h
[14.796s] -- Symlinking: /home/htrice/go2_ros2_curr/install/go2_interfaces/include/go2_interfaces/go2_interfaces/msg/detail/motor_cmd__functions.h
[14.809s] -- Symlinking: /home/htrice/go2_ros2_curr/install/go2_interfaces/include/go2_interfaces/go2_interfaces/msg/detail/motor_cmd__struct.h
[14.821s] -- Symlinking: /home/htrice/go2_ros2_curr/install/go2_interfaces/include/go2_interfaces/go2_interfaces/msg/detail/motor_cmd__type_support.h
[14.829s] -- Symlinking: /home/htrice/go2_ros2_curr/install/go2_interfaces/include/go2_interfaces/go2_interfaces/msg/detail/motor_cmds__functions.h
[14.837s] -- Symlinking: /home/htrice/go2_ros2_curr/install/go2_interfaces/include/go2_interfaces/go2_interfaces/msg/detail/motor_cmds__struct.h
[14.846s] -- Symlinking: /home/htrice/go2_ros2_curr/install/go2_interfaces/include/go2_interfaces/go2_interfaces/msg/detail/motor_cmds__type_support.h
[14.856s] -- Symlinking: /home/htrice/go2_ros2_curr/install/go2_interfaces/include/go2_interfaces/go2_interfaces/msg/detail/motor_state__functions.h
[14.868s] -- Symlinking: /home/htrice/go2_ros2_curr/install/go2_interfaces/include/go2_interfaces/go2_interfaces/msg/detail/motor_state__struct.h
[14.880s] -- Symlinking: /home/htrice/go2_ros2_curr/install/go2_interfaces/include/go2_interfaces/go2_interfaces/msg/detail/motor_state__type_support.h
[14.893s] -- Symlinking: /home/htrice/go2_ros2_curr/install/go2_interfaces/include/go2_interfaces/go2_interfaces/msg/detail/motor_states__functions.h
[14.905s] -- Symlinking: /home/htrice/go2_ros2_curr/install/go2_interfaces/include/go2_interfaces/go2_interfaces/msg/detail/motor_states__struct.h
[14.918s] -- Symlinking: /home/htrice/go2_ros2_curr/install/go2_interfaces/include/go2_interfaces/go2_interfaces/msg/detail/motor_states__type_support.h
[14.930s] -- Symlinking: /home/htrice/go2_ros2_curr/install/go2_interfaces/include/go2_interfaces/go2_interfaces/msg/detail/path_point__functions.h
[14.938s] -- Symlinking: /home/htrice/go2_ros2_curr/install/go2_interfaces/include/go2_interfaces/go2_interfaces/msg/detail/path_point__struct.h
[14.950s] -- Symlinking: /home/htrice/go2_ros2_curr/install/go2_interfaces/include/go2_interfaces/go2_interfaces/msg/detail/path_point__type_support.h
[14.962s] -- Symlinking: /home/htrice/go2_ros2_curr/install/go2_interfaces/include/go2_interfaces/go2_interfaces/msg/detail/req__functions.h
[14.970s] -- Symlinking: /home/htrice/go2_ros2_curr/install/go2_interfaces/include/go2_interfaces/go2_interfaces/msg/detail/req__struct.h
[14.978s] -- Symlinking: /home/htrice/go2_ros2_curr/install/go2_interfaces/include/go2_interfaces/go2_interfaces/msg/detail/req__type_support.h
[14.989s] -- Symlinking: /home/htrice/go2_ros2_curr/install/go2_interfaces/include/go2_interfaces/go2_interfaces/msg/detail/res__functions.h
[14.998s] -- Symlinking: /home/htrice/go2_ros2_curr/install/go2_interfaces/include/go2_interfaces/go2_interfaces/msg/detail/res__struct.h
[15.005s] -- Symlinking: /home/htrice/go2_ros2_curr/install/go2_interfaces/include/go2_interfaces/go2_interfaces/msg/detail/res__type_support.h
[15.013s] -- Symlinking: /home/htrice/go2_ros2_curr/install/go2_interfaces/include/go2_interfaces/go2_interfaces/msg/detail/sport_mode_cmd__functions.h
[15.021s] -- Symlinking: /home/htrice/go2_ros2_curr/install/go2_interfaces/include/go2_interfaces/go2_interfaces/msg/detail/sport_mode_cmd__struct.h
[15.028s] -- Symlinking: /home/htrice/go2_ros2_curr/install/go2_interfaces/include/go2_interfaces/go2_interfaces/msg/detail/sport_mode_cmd__type_support.h
[15.036s] -- Symlinking: /home/htrice/go2_ros2_curr/install/go2_interfaces/include/go2_interfaces/go2_interfaces/msg/detail/sport_mode_state__functions.h
[15.044s] -- Symlinking: /home/htrice/go2_ros2_curr/install/go2_interfaces/include/go2_interfaces/go2_interfaces/msg/detail/sport_mode_state__struct.h
[15.051s] -- Symlinking: /home/htrice/go2_ros2_curr/install/go2_interfaces/include/go2_interfaces/go2_interfaces/msg/detail/sport_mode_state__type_support.h
[15.059s] -- Symlinking: /home/htrice/go2_ros2_curr/install/go2_interfaces/include/go2_interfaces/go2_interfaces/msg/detail/time_spec__functions.h
[15.071s] -- Symlinking: /home/htrice/go2_ros2_curr/install/go2_interfaces/include/go2_interfaces/go2_interfaces/msg/detail/time_spec__struct.h
[15.083s] -- Symlinking: /home/htrice/go2_ros2_curr/install/go2_interfaces/include/go2_interfaces/go2_interfaces/msg/detail/time_spec__type_support.h
[15.095s] -- Symlinking: /home/htrice/go2_ros2_curr/install/go2_interfaces/include/go2_interfaces/go2_interfaces/msg/detail/uwb_state__functions.h
[15.107s] -- Symlinking: /home/htrice/go2_ros2_curr/install/go2_interfaces/include/go2_interfaces/go2_interfaces/msg/detail/uwb_state__struct.h
[15.119s] -- Symlinking: /home/htrice/go2_ros2_curr/install/go2_interfaces/include/go2_interfaces/go2_interfaces/msg/detail/uwb_state__type_support.h
[15.130s] -- Symlinking: /home/htrice/go2_ros2_curr/install/go2_interfaces/include/go2_interfaces/go2_interfaces/msg/detail/uwb_switch__functions.h
[15.142s] -- Symlinking: /home/htrice/go2_ros2_curr/install/go2_interfaces/include/go2_interfaces/go2_interfaces/msg/detail/uwb_switch__struct.h
[15.150s] -- Symlinking: /home/htrice/go2_ros2_curr/install/go2_interfaces/include/go2_interfaces/go2_interfaces/msg/detail/uwb_switch__type_support.h
[15.163s] -- Symlinking: /home/htrice/go2_ros2_curr/install/go2_interfaces/include/go2_interfaces/go2_interfaces/msg/detail/voxel_height_map_state__functions.h
[15.175s] -- Symlinking: /home/htrice/go2_ros2_curr/install/go2_interfaces/include/go2_interfaces/go2_interfaces/msg/detail/voxel_height_map_state__struct.h
[15.188s] -- Symlinking: /home/htrice/go2_ros2_curr/install/go2_interfaces/include/go2_interfaces/go2_interfaces/msg/detail/voxel_height_map_state__type_support.h
[15.198s] -- Symlinking: /home/htrice/go2_ros2_curr/install/go2_interfaces/include/go2_interfaces/go2_interfaces/msg/detail/voxel_map_compressed__functions.h
[15.209s] -- Symlinking: /home/htrice/go2_ros2_curr/install/go2_interfaces/include/go2_interfaces/go2_interfaces/msg/detail/voxel_map_compressed__struct.h
[15.221s] -- Symlinking: /home/htrice/go2_ros2_curr/install/go2_interfaces/include/go2_interfaces/go2_interfaces/msg/detail/voxel_map_compressed__type_support.h
[15.233s] -- Symlinking: /home/htrice/go2_ros2_curr/install/go2_interfaces/include/go2_interfaces/go2_interfaces/msg/detail/web_rtc_req__functions.h
[15.241s] -- Symlinking: /home/htrice/go2_ros2_curr/install/go2_interfaces/include/go2_interfaces/go2_interfaces/msg/detail/web_rtc_req__struct.h
[15.251s] -- Symlinking: /home/htrice/go2_ros2_curr/install/go2_interfaces/include/go2_interfaces/go2_interfaces/msg/detail/web_rtc_req__type_support.h
[15.263s] -- Symlinking: /home/htrice/go2_ros2_curr/install/go2_interfaces/include/go2_interfaces/go2_interfaces/msg/detail/wireless_controller__functions.h
[15.275s] -- Symlinking: /home/htrice/go2_ros2_curr/install/go2_interfaces/include/go2_interfaces/go2_interfaces/msg/detail/wireless_controller__struct.h
[15.287s] -- Symlinking: /home/htrice/go2_ros2_curr/install/go2_interfaces/include/go2_interfaces/go2_interfaces/msg/detail/wireless_controller__type_support.h
[15.300s] -- Symlinking: /home/htrice/go2_ros2_curr/install/go2_interfaces/include/go2_interfaces/go2_interfaces/msg/error.h
[15.313s] -- Symlinking: /home/htrice/go2_ros2_curr/install/go2_interfaces/include/go2_interfaces/go2_interfaces/msg/go2_cmd.h
[15.326s] -- Symlinking: /home/htrice/go2_ros2_curr/install/go2_interfaces/include/go2_interfaces/go2_interfaces/msg/go2_front_video_data.h
[15.334s] -- Symlinking: /home/htrice/go2_ros2_curr/install/go2_interfaces/include/go2_interfaces/go2_interfaces/msg/go2_move.h
[15.346s] -- Symlinking: /home/htrice/go2_ros2_curr/install/go2_interfaces/include/go2_interfaces/go2_interfaces/msg/go2_rpy_cmd.h
[15.358s] -- Symlinking: /home/htrice/go2_ros2_curr/install/go2_interfaces/include/go2_interfaces/go2_interfaces/msg/go2_state.h
[15.370s] -- Symlinking: /home/htrice/go2_ros2_curr/install/go2_interfaces/include/go2_interfaces/go2_interfaces/msg/height_map.h
[15.383s] -- Symlinking: /home/htrice/go2_ros2_curr/install/go2_interfaces/include/go2_interfaces/go2_interfaces/msg/imu.h
[15.395s] -- Symlinking: /home/htrice/go2_ros2_curr/install/go2_interfaces/include/go2_interfaces/go2_interfaces/msg/interface_config.h
[15.406s] -- Symlinking: /home/htrice/go2_ros2_curr/install/go2_interfaces/include/go2_interfaces/go2_interfaces/msg/lidar_state.h
[15.418s] -- Symlinking: /home/htrice/go2_ros2_curr/install/go2_interfaces/include/go2_interfaces/go2_interfaces/msg/low_cmd.h
[15.429s] -- Symlinking: /home/htrice/go2_ros2_curr/install/go2_interfaces/include/go2_interfaces/go2_interfaces/msg/low_state.h
[15.441s] -- Symlinking: /home/htrice/go2_ros2_curr/install/go2_interfaces/include/go2_interfaces/go2_interfaces/msg/motor_cmd.h
[15.451s] -- Symlinking: /home/htrice/go2_ros2_curr/install/go2_interfaces/include/go2_interfaces/go2_interfaces/msg/motor_cmds.h
[15.463s] -- Symlinking: /home/htrice/go2_ros2_curr/install/go2_interfaces/include/go2_interfaces/go2_interfaces/msg/motor_state.h
[15.476s] -- Symlinking: /home/htrice/go2_ros2_curr/install/go2_interfaces/include/go2_interfaces/go2_interfaces/msg/motor_states.h
[15.486s] -- Symlinking: /home/htrice/go2_ros2_curr/install/go2_interfaces/include/go2_interfaces/go2_interfaces/msg/path_point.h
[15.498s] -- Symlinking: /home/htrice/go2_ros2_curr/install/go2_interfaces/include/go2_interfaces/go2_interfaces/msg/req.h
[15.510s] -- Symlinking: /home/htrice/go2_ros2_curr/install/go2_interfaces/include/go2_interfaces/go2_interfaces/msg/res.h
[15.522s] -- Symlinking: /home/htrice/go2_ros2_curr/install/go2_interfaces/include/go2_interfaces/go2_interfaces/msg/rosidl_generator_c__visibility_control.h
[15.534s] -- Symlinking: /home/htrice/go2_ros2_curr/install/go2_interfaces/include/go2_interfaces/go2_interfaces/msg/sport_mode_cmd.h
[15.546s] -- Symlinking: /home/htrice/go2_ros2_curr/install/go2_interfaces/include/go2_interfaces/go2_interfaces/msg/sport_mode_state.h
[15.559s] -- Symlinking: /home/htrice/go2_ros2_curr/install/go2_interfaces/include/go2_interfaces/go2_interfaces/msg/time_spec.h
[15.572s] -- Symlinking: /home/htrice/go2_ros2_curr/install/go2_interfaces/include/go2_interfaces/go2_interfaces/msg/uwb_state.h
[15.585s] -- Symlinking: /home/htrice/go2_ros2_curr/install/go2_interfaces/include/go2_interfaces/go2_interfaces/msg/uwb_switch.h
[15.593s] -- Symlinking: /home/htrice/go2_ros2_curr/install/go2_interfaces/include/go2_interfaces/go2_interfaces/msg/voxel_height_map_state.h
[15.605s] -- Symlinking: /home/htrice/go2_ros2_curr/install/go2_interfaces/include/go2_interfaces/go2_interfaces/msg/voxel_map_compressed.h
[15.618s] -- Symlinking: /home/htrice/go2_ros2_curr/install/go2_interfaces/include/go2_interfaces/go2_interfaces/msg/web_rtc_req.h
[15.630s] -- Symlinking: /home/htrice/go2_ros2_curr/install/go2_interfaces/include/go2_interfaces/go2_interfaces/msg/wireless_controller.h
[15.643s] -- Symlinking: /home/htrice/go2_ros2_curr/install/go2_interfaces/share/go2_interfaces/environment/library_path.sh
[15.655s] -- Symlinking: /home/htrice/go2_ros2_curr/install/go2_interfaces/share/go2_interfaces/environment/library_path.dsv
[15.671s] -- Symlinking: /home/htrice/go2_ros2_curr/install/go2_interfaces/include/go2_interfaces/go2_interfaces/msg/detail/audio_data__rosidl_typesupport_fastrtps_c.h
[15.683s] -- Symlinking: /home/htrice/go2_ros2_curr/install/go2_interfaces/include/go2_interfaces/go2_interfaces/msg/detail/bms_cmd__rosidl_typesupport_fastrtps_c.h
[15.696s] -- Symlinking: /home/htrice/go2_ros2_curr/install/go2_interfaces/include/go2_interfaces/go2_interfaces/msg/detail/bms_state__rosidl_typesupport_fastrtps_c.h
[15.709s] -- Symlinking: /home/htrice/go2_ros2_curr/install/go2_interfaces/include/go2_interfaces/go2_interfaces/msg/detail/error__rosidl_typesupport_fastrtps_c.h
[15.717s] -- Symlinking: /home/htrice/go2_ros2_curr/install/go2_interfaces/include/go2_interfaces/go2_interfaces/msg/detail/go2_cmd__rosidl_typesupport_fastrtps_c.h
[15.729s] -- Symlinking: /home/htrice/go2_ros2_curr/install/go2_interfaces/include/go2_interfaces/go2_interfaces/msg/detail/go2_front_video_data__rosidl_typesupport_fastrtps_c.h
[15.742s] -- Symlinking: /home/htrice/go2_ros2_curr/install/go2_interfaces/include/go2_interfaces/go2_interfaces/msg/detail/go2_move__rosidl_typesupport_fastrtps_c.h
[15.755s] -- Symlinking: /home/htrice/go2_ros2_curr/install/go2_interfaces/include/go2_interfaces/go2_interfaces/msg/detail/go2_rpy_cmd__rosidl_typesupport_fastrtps_c.h
[15.769s] -- Symlinking: /home/htrice/go2_ros2_curr/install/go2_interfaces/include/go2_interfaces/go2_interfaces/msg/detail/go2_state__rosidl_typesupport_fastrtps_c.h
[15.781s] -- Symlinking: /home/htrice/go2_ros2_curr/install/go2_interfaces/include/go2_interfaces/go2_interfaces/msg/detail/height_map__rosidl_typesupport_fastrtps_c.h
[15.794s] -- Symlinking: /home/htrice/go2_ros2_curr/install/go2_interfaces/include/go2_interfaces/go2_interfaces/msg/detail/imu__rosidl_typesupport_fastrtps_c.h
[15.807s] -- Symlinking: /home/htrice/go2_ros2_curr/install/go2_interfaces/include/go2_interfaces/go2_interfaces/msg/detail/interface_config__rosidl_typesupport_fastrtps_c.h
[15.819s] -- Symlinking: /home/htrice/go2_ros2_curr/install/go2_interfaces/include/go2_interfaces/go2_interfaces/msg/detail/lidar_state__rosidl_typesupport_fastrtps_c.h
[15.831s] -- Symlinking: /home/htrice/go2_ros2_curr/install/go2_interfaces/include/go2_interfaces/go2_interfaces/msg/detail/low_cmd__rosidl_typesupport_fastrtps_c.h
[15.844s] -- Symlinking: /home/htrice/go2_ros2_curr/install/go2_interfaces/include/go2_interfaces/go2_interfaces/msg/detail/low_state__rosidl_typesupport_fastrtps_c.h
[15.856s] -- Symlinking: /home/htrice/go2_ros2_curr/install/go2_interfaces/include/go2_interfaces/go2_interfaces/msg/detail/motor_cmd__rosidl_typesupport_fastrtps_c.h
[15.869s] -- Symlinking: /home/htrice/go2_ros2_curr/install/go2_interfaces/include/go2_interfaces/go2_interfaces/msg/detail/motor_cmds__rosidl_typesupport_fastrtps_c.h
[15.882s] -- Symlinking: /home/htrice/go2_ros2_curr/install/go2_interfaces/include/go2_interfaces/go2_interfaces/msg/detail/motor_state__rosidl_typesupport_fastrtps_c.h
[15.895s] -- Symlinking: /home/htrice/go2_ros2_curr/install/go2_interfaces/include/go2_interfaces/go2_interfaces/msg/detail/motor_states__rosidl_typesupport_fastrtps_c.h
[15.907s] -- Symlinking: /home/htrice/go2_ros2_curr/install/go2_interfaces/include/go2_interfaces/go2_interfaces/msg/detail/path_point__rosidl_typesupport_fastrtps_c.h
[15.919s] -- Symlinking: /home/htrice/go2_ros2_curr/install/go2_interfaces/include/go2_interfaces/go2_interfaces/msg/detail/req__rosidl_typesupport_fastrtps_c.h
[15.931s] -- Symlinking: /home/htrice/go2_ros2_curr/install/go2_interfaces/include/go2_interfaces/go2_interfaces/msg/detail/res__rosidl_typesupport_fastrtps_c.h
[15.944s] -- Symlinking: /home/htrice/go2_ros2_curr/install/go2_interfaces/include/go2_interfaces/go2_interfaces/msg/detail/sport_mode_cmd__rosidl_typesupport_fastrtps_c.h
[15.956s] -- Symlinking: /home/htrice/go2_ros2_curr/install/go2_interfaces/include/go2_interfaces/go2_interfaces/msg/detail/sport_mode_state__rosidl_typesupport_fastrtps_c.h
[15.970s] -- Symlinking: /home/htrice/go2_ros2_curr/install/go2_interfaces/include/go2_interfaces/go2_interfaces/msg/detail/time_spec__rosidl_typesupport_fastrtps_c.h
[15.983s] -- Symlinking: /home/htrice/go2_ros2_curr/install/go2_interfaces/include/go2_interfaces/go2_interfaces/msg/detail/uwb_state__rosidl_typesupport_fastrtps_c.h
[15.995s] -- Symlinking: /home/htrice/go2_ros2_curr/install/go2_interfaces/include/go2_interfaces/go2_interfaces/msg/detail/uwb_switch__rosidl_typesupport_fastrtps_c.h
[16.008s] -- Symlinking: /home/htrice/go2_ros2_curr/install/go2_interfaces/include/go2_interfaces/go2_interfaces/msg/detail/voxel_height_map_state__rosidl_typesupport_fastrtps_c.h
[16.020s] -- Symlinking: /home/htrice/go2_ros2_curr/install/go2_interfaces/include/go2_interfaces/go2_interfaces/msg/detail/voxel_map_compressed__rosidl_typesupport_fastrtps_c.h
[16.032s] -- Symlinking: /home/htrice/go2_ros2_curr/install/go2_interfaces/include/go2_interfaces/go2_interfaces/msg/detail/web_rtc_req__rosidl_typesupport_fastrtps_c.h
[16.045s] -- Symlinking: /home/htrice/go2_ros2_curr/install/go2_interfaces/include/go2_interfaces/go2_interfaces/msg/detail/wireless_controller__rosidl_typesupport_fastrtps_c.h
[16.057s] -- Symlinking: /home/htrice/go2_ros2_curr/install/go2_interfaces/include/go2_interfaces/go2_interfaces/msg/rosidl_typesupport_fastrtps_c__visibility_control.h
[16.070s] -- Symlinking: /home/htrice/go2_ros2_curr/install/go2_interfaces/include/go2_interfaces/go2_interfaces/msg/audio_data.hpp
[16.083s] -- Symlinking: /home/htrice/go2_ros2_curr/install/go2_interfaces/include/go2_interfaces/go2_interfaces/msg/bms_cmd.hpp
[16.096s] -- Symlinking: /home/htrice/go2_ros2_curr/install/go2_interfaces/include/go2_interfaces/go2_interfaces/msg/bms_state.hpp
[16.108s] -- Symlinking: /home/htrice/go2_ros2_curr/install/go2_interfaces/include/go2_interfaces/go2_interfaces/msg/detail/audio_data__builder.hpp
[16.120s] -- Symlinking: /home/htrice/go2_ros2_curr/install/go2_interfaces/include/go2_interfaces/go2_interfaces/msg/detail/audio_data__struct.hpp
[16.133s] -- Symlinking: /home/htrice/go2_ros2_curr/install/go2_interfaces/include/go2_interfaces/go2_interfaces/msg/detail/audio_data__traits.hpp
[16.145s] -- Symlinking: /home/htrice/go2_ros2_curr/install/go2_interfaces/include/go2_interfaces/go2_interfaces/msg/detail/audio_data__type_support.hpp
[16.154s] -- Symlinking: /home/htrice/go2_ros2_curr/install/go2_interfaces/include/go2_interfaces/go2_interfaces/msg/detail/bms_cmd__builder.hpp
[16.167s] -- Symlinking: /home/htrice/go2_ros2_curr/install/go2_interfaces/include/go2_interfaces/go2_interfaces/msg/detail/bms_cmd__struct.hpp
[16.180s] -- Symlinking: /home/htrice/go2_ros2_curr/install/go2_interfaces/include/go2_interfaces/go2_interfaces/msg/detail/bms_cmd__traits.hpp
[16.193s] -- Symlinking: /home/htrice/go2_ros2_curr/install/go2_interfaces/include/go2_interfaces/go2_interfaces/msg/detail/bms_cmd__type_support.hpp
[16.206s] -- Symlinking: /home/htrice/go2_ros2_curr/install/go2_interfaces/include/go2_interfaces/go2_interfaces/msg/detail/bms_state__builder.hpp
[16.217s] -- Symlinking: /home/htrice/go2_ros2_curr/install/go2_interfaces/include/go2_interfaces/go2_interfaces/msg/detail/bms_state__struct.hpp
[16.229s] -- Symlinking: /home/htrice/go2_ros2_curr/install/go2_interfaces/include/go2_interfaces/go2_interfaces/msg/detail/bms_state__traits.hpp
[16.241s] -- Symlinking: /home/htrice/go2_ros2_curr/install/go2_interfaces/include/go2_interfaces/go2_interfaces/msg/detail/bms_state__type_support.hpp
[16.250s] -- Symlinking: /home/htrice/go2_ros2_curr/install/go2_interfaces/include/go2_interfaces/go2_interfaces/msg/detail/error__builder.hpp
[16.261s] -- Symlinking: /home/htrice/go2_ros2_curr/install/go2_interfaces/include/go2_interfaces/go2_interfaces/msg/detail/error__struct.hpp
[16.274s] -- Symlinking: /home/htrice/go2_ros2_curr/install/go2_interfaces/include/go2_interfaces/go2_interfaces/msg/detail/error__traits.hpp
[16.282s] -- Symlinking: /home/htrice/go2_ros2_curr/install/go2_interfaces/include/go2_interfaces/go2_interfaces/msg/detail/error__type_support.hpp
[16.294s] -- Symlinking: /home/htrice/go2_ros2_curr/install/go2_interfaces/include/go2_interfaces/go2_interfaces/msg/detail/go2_cmd__builder.hpp
[16.307s] -- Symlinking: /home/htrice/go2_ros2_curr/install/go2_interfaces/include/go2_interfaces/go2_interfaces/msg/detail/go2_cmd__struct.hpp
[16.319s] -- Symlinking: /home/htrice/go2_ros2_curr/install/go2_interfaces/include/go2_interfaces/go2_interfaces/msg/detail/go2_cmd__traits.hpp
[16.331s] -- Symlinking: /home/htrice/go2_ros2_curr/install/go2_interfaces/include/go2_interfaces/go2_interfaces/msg/detail/go2_cmd__type_support.hpp
[16.343s] -- Symlinking: /home/htrice/go2_ros2_curr/install/go2_interfaces/include/go2_interfaces/go2_interfaces/msg/detail/go2_front_video_data__builder.hpp
[16.355s] -- Symlinking: /home/htrice/go2_ros2_curr/install/go2_interfaces/include/go2_interfaces/go2_interfaces/msg/detail/go2_front_video_data__struct.hpp
[16.368s] -- Symlinking: /home/htrice/go2_ros2_curr/install/go2_interfaces/include/go2_interfaces/go2_interfaces/msg/detail/go2_front_video_data__traits.hpp
[16.380s] -- Symlinking: /home/htrice/go2_ros2_curr/install/go2_interfaces/include/go2_interfaces/go2_interfaces/msg/detail/go2_front_video_data__type_support.hpp
[16.392s] -- Symlinking: /home/htrice/go2_ros2_curr/install/go2_interfaces/include/go2_interfaces/go2_interfaces/msg/detail/go2_move__builder.hpp
[16.404s] -- Symlinking: /home/htrice/go2_ros2_curr/install/go2_interfaces/include/go2_interfaces/go2_interfaces/msg/detail/go2_move__struct.hpp
[16.417s] -- Symlinking: /home/htrice/go2_ros2_curr/install/go2_interfaces/include/go2_interfaces/go2_interfaces/msg/detail/go2_move__traits.hpp
[16.430s] -- Symlinking: /home/htrice/go2_ros2_curr/install/go2_interfaces/include/go2_interfaces/go2_interfaces/msg/detail/go2_move__type_support.hpp
[16.442s] -- Symlinking: /home/htrice/go2_ros2_curr/install/go2_interfaces/include/go2_interfaces/go2_interfaces/msg/detail/go2_rpy_cmd__builder.hpp
[16.455s] -- Symlinking: /home/htrice/go2_ros2_curr/install/go2_interfaces/include/go2_interfaces/go2_interfaces/msg/detail/go2_rpy_cmd__struct.hpp
[16.467s] -- Symlinking: /home/htrice/go2_ros2_curr/install/go2_interfaces/include/go2_interfaces/go2_interfaces/msg/detail/go2_rpy_cmd__traits.hpp
[16.480s] -- Symlinking: /home/htrice/go2_ros2_curr/install/go2_interfaces/include/go2_interfaces/go2_interfaces/msg/detail/go2_rpy_cmd__type_support.hpp
[16.491s] -- Symlinking: /home/htrice/go2_ros2_curr/install/go2_interfaces/include/go2_interfaces/go2_interfaces/msg/detail/go2_state__builder.hpp
[16.503s] -- Symlinking: /home/htrice/go2_ros2_curr/install/go2_interfaces/include/go2_interfaces/go2_interfaces/msg/detail/go2_state__struct.hpp
[16.515s] -- Symlinking: /home/htrice/go2_ros2_curr/install/go2_interfaces/include/go2_interfaces/go2_interfaces/msg/detail/go2_state__traits.hpp
[16.528s] -- Symlinking: /home/htrice/go2_ros2_curr/install/go2_interfaces/include/go2_interfaces/go2_interfaces/msg/detail/go2_state__type_support.hpp
[16.540s] -- Symlinking: /home/htrice/go2_ros2_curr/install/go2_interfaces/include/go2_interfaces/go2_interfaces/msg/detail/height_map__builder.hpp
[16.552s] -- Symlinking: /home/htrice/go2_ros2_curr/install/go2_interfaces/include/go2_interfaces/go2_interfaces/msg/detail/height_map__struct.hpp
[16.564s] -- Symlinking: /home/htrice/go2_ros2_curr/install/go2_interfaces/include/go2_interfaces/go2_interfaces/msg/detail/height_map__traits.hpp
[16.577s] -- Symlinking: /home/htrice/go2_ros2_curr/install/go2_interfaces/include/go2_interfaces/go2_interfaces/msg/detail/height_map__type_support.hpp
[16.589s] -- Symlinking: /home/htrice/go2_ros2_curr/install/go2_interfaces/include/go2_interfaces/go2_interfaces/msg/detail/imu__builder.hpp
[16.601s] -- Symlinking: /home/htrice/go2_ros2_curr/install/go2_interfaces/include/go2_interfaces/go2_interfaces/msg/detail/imu__struct.hpp
[16.611s] -- Symlinking: /home/htrice/go2_ros2_curr/install/go2_interfaces/include/go2_interfaces/go2_interfaces/msg/detail/imu__traits.hpp
[16.623s] -- Symlinking: /home/htrice/go2_ros2_curr/install/go2_interfaces/include/go2_interfaces/go2_interfaces/msg/detail/imu__type_support.hpp
[16.635s] -- Symlinking: /home/htrice/go2_ros2_curr/install/go2_interfaces/include/go2_interfaces/go2_interfaces/msg/detail/interface_config__builder.hpp
[16.646s] -- Symlinking: /home/htrice/go2_ros2_curr/install/go2_interfaces/include/go2_interfaces/go2_interfaces/msg/detail/interface_config__struct.hpp
[16.659s] -- Symlinking: /home/htrice/go2_ros2_curr/install/go2_interfaces/include/go2_interfaces/go2_interfaces/msg/detail/interface_config__traits.hpp
[16.671s] -- Symlinking: /home/htrice/go2_ros2_curr/install/go2_interfaces/include/go2_interfaces/go2_interfaces/msg/detail/interface_config__type_support.hpp
[16.683s] -- Symlinking: /home/htrice/go2_ros2_curr/install/go2_interfaces/include/go2_interfaces/go2_interfaces/msg/detail/lidar_state__builder.hpp
[16.696s] -- Symlinking: /home/htrice/go2_ros2_curr/install/go2_interfaces/include/go2_interfaces/go2_interfaces/msg/detail/lidar_state__struct.hpp
[16.707s] -- Symlinking: /home/htrice/go2_ros2_curr/install/go2_interfaces/include/go2_interfaces/go2_interfaces/msg/detail/lidar_state__traits.hpp
[16.719s] -- Symlinking: /home/htrice/go2_ros2_curr/install/go2_interfaces/include/go2_interfaces/go2_interfaces/msg/detail/lidar_state__type_support.hpp
[16.731s] -- Symlinking: /home/htrice/go2_ros2_curr/install/go2_interfaces/include/go2_interfaces/go2_interfaces/msg/detail/low_cmd__builder.hpp
[16.743s] -- Symlinking: /home/htrice/go2_ros2_curr/install/go2_interfaces/include/go2_interfaces/go2_interfaces/msg/detail/low_cmd__struct.hpp
[16.756s] -- Symlinking: /home/htrice/go2_ros2_curr/install/go2_interfaces/include/go2_interfaces/go2_interfaces/msg/detail/low_cmd__traits.hpp
[16.768s] -- Symlinking: /home/htrice/go2_ros2_curr/install/go2_interfaces/include/go2_interfaces/go2_interfaces/msg/detail/low_cmd__type_support.hpp
[16.780s] -- Symlinking: /home/htrice/go2_ros2_curr/install/go2_interfaces/include/go2_interfaces/go2_interfaces/msg/detail/low_state__builder.hpp
[16.792s] -- Symlinking: /home/htrice/go2_ros2_curr/install/go2_interfaces/include/go2_interfaces/go2_interfaces/msg/detail/low_state__struct.hpp
[16.805s] -- Symlinking: /home/htrice/go2_ros2_curr/install/go2_interfaces/include/go2_interfaces/go2_interfaces/msg/detail/low_state__traits.hpp
[16.817s] -- Symlinking: /home/htrice/go2_ros2_curr/install/go2_interfaces/include/go2_interfaces/go2_interfaces/msg/detail/low_state__type_support.hpp
[16.829s] -- Symlinking: /home/htrice/go2_ros2_curr/install/go2_interfaces/include/go2_interfaces/go2_interfaces/msg/detail/motor_cmd__builder.hpp
[16.838s] -- Symlinking: /home/htrice/go2_ros2_curr/install/go2_interfaces/include/go2_interfaces/go2_interfaces/msg/detail/motor_cmd__struct.hpp
[16.850s] -- Symlinking: /home/htrice/go2_ros2_curr/install/go2_interfaces/include/go2_interfaces/go2_interfaces/msg/detail/motor_cmd__traits.hpp
[16.858s] -- Symlinking: /home/htrice/go2_ros2_curr/install/go2_interfaces/include/go2_interfaces/go2_interfaces/msg/detail/motor_cmd__type_support.hpp
[16.870s] -- Symlinking: /home/htrice/go2_ros2_curr/install/go2_interfaces/include/go2_interfaces/go2_interfaces/msg/detail/motor_cmds__builder.hpp
[16.879s] -- Symlinking: /home/htrice/go2_ros2_curr/install/go2_interfaces/include/go2_interfaces/go2_interfaces/msg/detail/motor_cmds__struct.hpp
[16.891s] -- Symlinking: /home/htrice/go2_ros2_curr/install/go2_interfaces/include/go2_interfaces/go2_interfaces/msg/detail/motor_cmds__traits.hpp
[16.903s] -- Symlinking: /home/htrice/go2_ros2_curr/install/go2_interfaces/include/go2_interfaces/go2_interfaces/msg/detail/motor_cmds__type_support.hpp
[16.915s] -- Symlinking: /home/htrice/go2_ros2_curr/install/go2_interfaces/include/go2_interfaces/go2_interfaces/msg/detail/motor_state__builder.hpp
[16.928s] -- Symlinking: /home/htrice/go2_ros2_curr/install/go2_interfaces/include/go2_interfaces/go2_interfaces/msg/detail/motor_state__struct.hpp
[16.940s] -- Symlinking: /home/htrice/go2_ros2_curr/install/go2_interfaces/include/go2_interfaces/go2_interfaces/msg/detail/motor_state__traits.hpp
[16.953s] -- Symlinking: /home/htrice/go2_ros2_curr/install/go2_interfaces/include/go2_interfaces/go2_interfaces/msg/detail/motor_state__type_support.hpp
[16.965s] -- Symlinking: /home/htrice/go2_ros2_curr/install/go2_interfaces/include/go2_interfaces/go2_interfaces/msg/detail/motor_states__builder.hpp
[16.974s] -- Symlinking: /home/htrice/go2_ros2_curr/install/go2_interfaces/include/go2_interfaces/go2_interfaces/msg/detail/motor_states__struct.hpp
[16.986s] -- Symlinking: /home/htrice/go2_ros2_curr/install/go2_interfaces/include/go2_interfaces/go2_interfaces/msg/detail/motor_states__traits.hpp
[16.998s] -- Symlinking: /home/htrice/go2_ros2_curr/install/go2_interfaces/include/go2_interfaces/go2_interfaces/msg/detail/motor_states__type_support.hpp
[17.010s] -- Symlinking: /home/htrice/go2_ros2_curr/install/go2_interfaces/include/go2_interfaces/go2_interfaces/msg/detail/path_point__builder.hpp
[17.023s] -- Symlinking: /home/htrice/go2_ros2_curr/install/go2_interfaces/include/go2_interfaces/go2_interfaces/msg/detail/path_point__struct.hpp
[17.035s] -- Symlinking: /home/htrice/go2_ros2_curr/install/go2_interfaces/include/go2_interfaces/go2_interfaces/msg/detail/path_point__traits.hpp
[17.047s] -- Symlinking: /home/htrice/go2_ros2_curr/install/go2_interfaces/include/go2_interfaces/go2_interfaces/msg/detail/path_point__type_support.hpp
[17.060s] -- Symlinking: /home/htrice/go2_ros2_curr/install/go2_interfaces/include/go2_interfaces/go2_interfaces/msg/detail/req__builder.hpp
[17.072s] -- Symlinking: /home/htrice/go2_ros2_curr/install/go2_interfaces/include/go2_interfaces/go2_interfaces/msg/detail/req__struct.hpp
[17.084s] -- Symlinking: /home/htrice/go2_ros2_curr/install/go2_interfaces/include/go2_interfaces/go2_interfaces/msg/detail/req__traits.hpp
[17.097s] -- Symlinking: /home/htrice/go2_ros2_curr/install/go2_interfaces/include/go2_interfaces/go2_interfaces/msg/detail/req__type_support.hpp
[17.109s] -- Symlinking: /home/htrice/go2_ros2_curr/install/go2_interfaces/include/go2_interfaces/go2_interfaces/msg/detail/res__builder.hpp
[17.117s] -- Symlinking: /home/htrice/go2_ros2_curr/install/go2_interfaces/include/go2_interfaces/go2_interfaces/msg/detail/res__struct.hpp
[17.130s] -- Symlinking: /home/htrice/go2_ros2_curr/install/go2_interfaces/include/go2_interfaces/go2_interfaces/msg/detail/res__traits.hpp
[17.142s] -- Symlinking: /home/htrice/go2_ros2_curr/install/go2_interfaces/include/go2_interfaces/go2_interfaces/msg/detail/res__type_support.hpp
[17.155s] -- Symlinking: /home/htrice/go2_ros2_curr/install/go2_interfaces/include/go2_interfaces/go2_interfaces/msg/detail/sport_mode_cmd__builder.hpp
[17.168s] -- Symlinking: /home/htrice/go2_ros2_curr/install/go2_interfaces/include/go2_interfaces/go2_interfaces/msg/detail/sport_mode_cmd__struct.hpp
[17.175s] -- Symlinking: /home/htrice/go2_ros2_curr/install/go2_interfaces/include/go2_interfaces/go2_interfaces/msg/detail/sport_mode_cmd__traits.hpp
[17.188s] -- Symlinking: /home/htrice/go2_ros2_curr/install/go2_interfaces/include/go2_interfaces/go2_interfaces/msg/detail/sport_mode_cmd__type_support.hpp
[17.199s] -- Symlinking: /home/htrice/go2_ros2_curr/install/go2_interfaces/include/go2_interfaces/go2_interfaces/msg/detail/sport_mode_state__builder.hpp
[17.212s] -- Symlinking: /home/htrice/go2_ros2_curr/install/go2_interfaces/include/go2_interfaces/go2_interfaces/msg/detail/sport_mode_state__struct.hpp
[17.224s] -- Symlinking: /home/htrice/go2_ros2_curr/install/go2_interfaces/include/go2_interfaces/go2_interfaces/msg/detail/sport_mode_state__traits.hpp
[17.237s] -- Symlinking: /home/htrice/go2_ros2_curr/install/go2_interfaces/include/go2_interfaces/go2_interfaces/msg/detail/sport_mode_state__type_support.hpp
[17.249s] -- Symlinking: /home/htrice/go2_ros2_curr/install/go2_interfaces/include/go2_interfaces/go2_interfaces/msg/detail/time_spec__builder.hpp
[17.261s] -- Symlinking: /home/htrice/go2_ros2_curr/install/go2_interfaces/include/go2_interfaces/go2_interfaces/msg/detail/time_spec__struct.hpp
[17.269s] -- Symlinking: /home/htrice/go2_ros2_curr/install/go2_interfaces/include/go2_interfaces/go2_interfaces/msg/detail/time_spec__traits.hpp
[17.277s] -- Symlinking: /home/htrice/go2_ros2_curr/install/go2_interfaces/include/go2_interfaces/go2_interfaces/msg/detail/time_spec__type_support.hpp
[17.289s] -- Symlinking: /home/htrice/go2_ros2_curr/install/go2_interfaces/include/go2_interfaces/go2_interfaces/msg/detail/uwb_state__builder.hpp
[17.297s] -- Symlinking: /home/htrice/go2_ros2_curr/install/go2_interfaces/include/go2_interfaces/go2_interfaces/msg/detail/uwb_state__struct.hpp
[17.309s] -- Symlinking: /home/htrice/go2_ros2_curr/install/go2_interfaces/include/go2_interfaces/go2_interfaces/msg/detail/uwb_state__traits.hpp
[17.321s] -- Symlinking: /home/htrice/go2_ros2_curr/install/go2_interfaces/include/go2_interfaces/go2_interfaces/msg/detail/uwb_state__type_support.hpp
[17.333s] -- Symlinking: /home/htrice/go2_ros2_curr/install/go2_interfaces/include/go2_interfaces/go2_interfaces/msg/detail/uwb_switch__builder.hpp
[17.342s] -- Symlinking: /home/htrice/go2_ros2_curr/install/go2_interfaces/include/go2_interfaces/go2_interfaces/msg/detail/uwb_switch__struct.hpp
[17.353s] -- Symlinking: /home/htrice/go2_ros2_curr/install/go2_interfaces/include/go2_interfaces/go2_interfaces/msg/detail/uwb_switch__traits.hpp
[17.362s] -- Symlinking: /home/htrice/go2_ros2_curr/install/go2_interfaces/include/go2_interfaces/go2_interfaces/msg/detail/uwb_switch__type_support.hpp
[17.374s] -- Symlinking: /home/htrice/go2_ros2_curr/install/go2_interfaces/include/go2_interfaces/go2_interfaces/msg/detail/voxel_height_map_state__builder.hpp
[17.386s] -- Symlinking: /home/htrice/go2_ros2_curr/install/go2_interfaces/include/go2_interfaces/go2_interfaces/msg/detail/voxel_height_map_state__struct.hpp
[17.398s] -- Symlinking: /home/htrice/go2_ros2_curr/install/go2_interfaces/include/go2_interfaces/go2_interfaces/msg/detail/voxel_height_map_state__traits.hpp
[17.411s] -- Symlinking: /home/htrice/go2_ros2_curr/install/go2_interfaces/include/go2_interfaces/go2_interfaces/msg/detail/voxel_height_map_state__type_support.hpp
[17.423s] -- Symlinking: /home/htrice/go2_ros2_curr/install/go2_interfaces/include/go2_interfaces/go2_interfaces/msg/detail/voxel_map_compressed__builder.hpp
[17.435s] -- Symlinking: /home/htrice/go2_ros2_curr/install/go2_interfaces/include/go2_interfaces/go2_interfaces/msg/detail/voxel_map_compressed__struct.hpp
[17.447s] -- Symlinking: /home/htrice/go2_ros2_curr/install/go2_interfaces/include/go2_interfaces/go2_interfaces/msg/detail/voxel_map_compressed__traits.hpp
[17.459s] -- Symlinking: /home/htrice/go2_ros2_curr/install/go2_interfaces/include/go2_interfaces/go2_interfaces/msg/detail/voxel_map_compressed__type_support.hpp
[17.471s] -- Symlinking: /home/htrice/go2_ros2_curr/install/go2_interfaces/include/go2_interfaces/go2_interfaces/msg/detail/web_rtc_req__builder.hpp
[17.484s] -- Symlinking: /home/htrice/go2_ros2_curr/install/go2_interfaces/include/go2_interfaces/go2_interfaces/msg/detail/web_rtc_req__struct.hpp
[17.496s] -- Symlinking: /home/htrice/go2_ros2_curr/install/go2_interfaces/include/go2_interfaces/go2_interfaces/msg/detail/web_rtc_req__traits.hpp
[17.509s] -- Symlinking: /home/htrice/go2_ros2_curr/install/go2_interfaces/include/go2_interfaces/go2_interfaces/msg/detail/web_rtc_req__type_support.hpp
[17.521s] -- Symlinking: /home/htrice/go2_ros2_curr/install/go2_interfaces/include/go2_interfaces/go2_interfaces/msg/detail/wireless_controller__builder.hpp
[17.530s] -- Symlinking: /home/htrice/go2_ros2_curr/install/go2_interfaces/include/go2_interfaces/go2_interfaces/msg/detail/wireless_controller__struct.hpp
[17.542s] -- Symlinking: /home/htrice/go2_ros2_curr/install/go2_interfaces/include/go2_interfaces/go2_interfaces/msg/detail/wireless_controller__traits.hpp
[17.554s] -- Symlinking: /home/htrice/go2_ros2_curr/install/go2_interfaces/include/go2_interfaces/go2_interfaces/msg/detail/wireless_controller__type_support.hpp
[17.565s] -- Symlinking: /home/htrice/go2_ros2_curr/install/go2_interfaces/include/go2_interfaces/go2_interfaces/msg/error.hpp
[17.575s] -- Symlinking: /home/htrice/go2_ros2_curr/install/go2_interfaces/include/go2_interfaces/go2_interfaces/msg/go2_cmd.hpp
[17.587s] -- Symlinking: /home/htrice/go2_ros2_curr/install/go2_interfaces/include/go2_interfaces/go2_interfaces/msg/go2_front_video_data.hpp
[17.599s] -- Symlinking: /home/htrice/go2_ros2_curr/install/go2_interfaces/include/go2_interfaces/go2_interfaces/msg/go2_move.hpp
[17.611s] -- Symlinking: /home/htrice/go2_ros2_curr/install/go2_interfaces/include/go2_interfaces/go2_interfaces/msg/go2_rpy_cmd.hpp
[17.624s] -- Symlinking: /home/htrice/go2_ros2_curr/install/go2_interfaces/include/go2_interfaces/go2_interfaces/msg/go2_state.hpp
[17.636s] -- Symlinking: /home/htrice/go2_ros2_curr/install/go2_interfaces/include/go2_interfaces/go2_interfaces/msg/height_map.hpp
[17.648s] -- Symlinking: /home/htrice/go2_ros2_curr/install/go2_interfaces/include/go2_interfaces/go2_interfaces/msg/imu.hpp
[17.661s] -- Symlinking: /home/htrice/go2_ros2_curr/install/go2_interfaces/include/go2_interfaces/go2_interfaces/msg/interface_config.hpp
[17.673s] -- Symlinking: /home/htrice/go2_ros2_curr/install/go2_interfaces/include/go2_interfaces/go2_interfaces/msg/lidar_state.hpp
[17.681s] -- Symlinking: /home/htrice/go2_ros2_curr/install/go2_interfaces/include/go2_interfaces/go2_interfaces/msg/low_cmd.hpp
[17.693s] -- Symlinking: /home/htrice/go2_ros2_curr/install/go2_interfaces/include/go2_interfaces/go2_interfaces/msg/low_state.hpp
[17.704s] -- Symlinking: /home/htrice/go2_ros2_curr/install/go2_interfaces/include/go2_interfaces/go2_interfaces/msg/motor_cmd.hpp
[17.716s] -- Symlinking: /home/htrice/go2_ros2_curr/install/go2_interfaces/include/go2_interfaces/go2_interfaces/msg/motor_cmds.hpp
[17.729s] -- Symlinking: /home/htrice/go2_ros2_curr/install/go2_interfaces/include/go2_interfaces/go2_interfaces/msg/motor_state.hpp
[17.741s] -- Symlinking: /home/htrice/go2_ros2_curr/install/go2_interfaces/include/go2_interfaces/go2_interfaces/msg/motor_states.hpp
[17.749s] -- Symlinking: /home/htrice/go2_ros2_curr/install/go2_interfaces/include/go2_interfaces/go2_interfaces/msg/path_point.hpp
[17.761s] -- Symlinking: /home/htrice/go2_ros2_curr/install/go2_interfaces/include/go2_interfaces/go2_interfaces/msg/req.hpp
[17.773s] -- Symlinking: /home/htrice/go2_ros2_curr/install/go2_interfaces/include/go2_interfaces/go2_interfaces/msg/res.hpp
[17.781s] -- Symlinking: /home/htrice/go2_ros2_curr/install/go2_interfaces/include/go2_interfaces/go2_interfaces/msg/rosidl_generator_cpp__visibility_control.hpp
[17.793s] -- Symlinking: /home/htrice/go2_ros2_curr/install/go2_interfaces/include/go2_interfaces/go2_interfaces/msg/sport_mode_cmd.hpp
[17.801s] -- Symlinking: /home/htrice/go2_ros2_curr/install/go2_interfaces/include/go2_interfaces/go2_interfaces/msg/sport_mode_state.hpp
[17.813s] -- Symlinking: /home/htrice/go2_ros2_curr/install/go2_interfaces/include/go2_interfaces/go2_interfaces/msg/time_spec.hpp
[17.821s] -- Symlinking: /home/htrice/go2_ros2_curr/install/go2_interfaces/include/go2_interfaces/go2_interfaces/msg/uwb_state.hpp
[17.833s] -- Symlinking: /home/htrice/go2_ros2_curr/install/go2_interfaces/include/go2_interfaces/go2_interfaces/msg/uwb_switch.hpp
[17.841s] -- Symlinking: /home/htrice/go2_ros2_curr/install/go2_interfaces/include/go2_interfaces/go2_interfaces/msg/voxel_height_map_state.hpp
[17.848s] -- Symlinking: /home/htrice/go2_ros2_curr/install/go2_interfaces/include/go2_interfaces/go2_interfaces/msg/voxel_map_compressed.hpp
[17.861s] -- Symlinking: /home/htrice/go2_ros2_curr/install/go2_interfaces/include/go2_interfaces/go2_interfaces/msg/web_rtc_req.hpp
[17.873s] -- Symlinking: /home/htrice/go2_ros2_curr/install/go2_interfaces/include/go2_interfaces/go2_interfaces/msg/wireless_controller.hpp
[17.884s] -- Symlinking: /home/htrice/go2_ros2_curr/install/go2_interfaces/include/go2_interfaces/go2_interfaces/msg/detail/audio_data__rosidl_typesupport_fastrtps_cpp.hpp
[17.897s] -- Symlinking: /home/htrice/go2_ros2_curr/install/go2_interfaces/include/go2_interfaces/go2_interfaces/msg/detail/bms_cmd__rosidl_typesupport_fastrtps_cpp.hpp
[17.909s] -- Symlinking: /home/htrice/go2_ros2_curr/install/go2_interfaces/include/go2_interfaces/go2_interfaces/msg/detail/bms_state__rosidl_typesupport_fastrtps_cpp.hpp
[17.921s] -- Symlinking: /home/htrice/go2_ros2_curr/install/go2_interfaces/include/go2_interfaces/go2_interfaces/msg/detail/error__rosidl_typesupport_fastrtps_cpp.hpp
[17.933s] -- Symlinking: /home/htrice/go2_ros2_curr/install/go2_interfaces/include/go2_interfaces/go2_interfaces/msg/detail/go2_cmd__rosidl_typesupport_fastrtps_cpp.hpp
[17.942s] -- Symlinking: /home/htrice/go2_ros2_curr/install/go2_interfaces/include/go2_interfaces/go2_interfaces/msg/detail/go2_front_video_data__rosidl_typesupport_fastrtps_cpp.hpp
[17.954s] -- Symlinking: /home/htrice/go2_ros2_curr/install/go2_interfaces/include/go2_interfaces/go2_interfaces/msg/detail/go2_move__rosidl_typesupport_fastrtps_cpp.hpp
[17.962s] -- Symlinking: /home/htrice/go2_ros2_curr/install/go2_interfaces/include/go2_interfaces/go2_interfaces/msg/detail/go2_rpy_cmd__rosidl_typesupport_fastrtps_cpp.hpp
[17.974s] -- Symlinking: /home/htrice/go2_ros2_curr/install/go2_interfaces/include/go2_interfaces/go2_interfaces/msg/detail/go2_state__rosidl_typesupport_fastrtps_cpp.hpp
[17.982s] -- Symlinking: /home/htrice/go2_ros2_curr/install/go2_interfaces/include/go2_interfaces/go2_interfaces/msg/detail/height_map__rosidl_typesupport_fastrtps_cpp.hpp
[17.994s] -- Symlinking: /home/htrice/go2_ros2_curr/install/go2_interfaces/include/go2_interfaces/go2_interfaces/msg/detail/imu__rosidl_typesupport_fastrtps_cpp.hpp
[18.006s] -- Symlinking: /home/htrice/go2_ros2_curr/install/go2_interfaces/include/go2_interfaces/go2_interfaces/msg/detail/interface_config__rosidl_typesupport_fastrtps_cpp.hpp
[18.018s] -- Symlinking: /home/htrice/go2_ros2_curr/install/go2_interfaces/include/go2_interfaces/go2_interfaces/msg/detail/lidar_state__rosidl_typesupport_fastrtps_cpp.hpp
[18.031s] -- Symlinking: /home/htrice/go2_ros2_curr/install/go2_interfaces/include/go2_interfaces/go2_interfaces/msg/detail/low_cmd__rosidl_typesupport_fastrtps_cpp.hpp
[18.043s] -- Symlinking: /home/htrice/go2_ros2_curr/install/go2_interfaces/include/go2_interfaces/go2_interfaces/msg/detail/low_state__rosidl_typesupport_fastrtps_cpp.hpp
[18.055s] -- Symlinking: /home/htrice/go2_ros2_curr/install/go2_interfaces/include/go2_interfaces/go2_interfaces/msg/detail/motor_cmd__rosidl_typesupport_fastrtps_cpp.hpp
[18.068s] -- Symlinking: /home/htrice/go2_ros2_curr/install/go2_interfaces/include/go2_interfaces/go2_interfaces/msg/detail/motor_cmds__rosidl_typesupport_fastrtps_cpp.hpp
[18.080s] -- Symlinking: /home/htrice/go2_ros2_curr/install/go2_interfaces/include/go2_interfaces/go2_interfaces/msg/detail/motor_state__rosidl_typesupport_fastrtps_cpp.hpp
[18.092s] -- Symlinking: /home/htrice/go2_ros2_curr/install/go2_interfaces/include/go2_interfaces/go2_interfaces/msg/detail/motor_states__rosidl_typesupport_fastrtps_cpp.hpp
[18.104s] -- Symlinking: /home/htrice/go2_ros2_curr/install/go2_interfaces/include/go2_interfaces/go2_interfaces/msg/detail/path_point__rosidl_typesupport_fastrtps_cpp.hpp
[18.116s] -- Symlinking: /home/htrice/go2_ros2_curr/install/go2_interfaces/include/go2_interfaces/go2_interfaces/msg/detail/req__rosidl_typesupport_fastrtps_cpp.hpp
[18.128s] -- Symlinking: /home/htrice/go2_ros2_curr/install/go2_interfaces/include/go2_interfaces/go2_interfaces/msg/detail/res__rosidl_typesupport_fastrtps_cpp.hpp
[18.140s] -- Symlinking: /home/htrice/go2_ros2_curr/install/go2_interfaces/include/go2_interfaces/go2_interfaces/msg/detail/sport_mode_cmd__rosidl_typesupport_fastrtps_cpp.hpp
[18.153s] -- Symlinking: /home/htrice/go2_ros2_curr/install/go2_interfaces/include/go2_interfaces/go2_interfaces/msg/detail/sport_mode_state__rosidl_typesupport_fastrtps_cpp.hpp
[18.165s] -- Symlinking: /home/htrice/go2_ros2_curr/install/go2_interfaces/include/go2_interfaces/go2_interfaces/msg/detail/time_spec__rosidl_typesupport_fastrtps_cpp.hpp
[18.177s] -- Symlinking: /home/htrice/go2_ros2_curr/install/go2_interfaces/include/go2_interfaces/go2_interfaces/msg/detail/uwb_state__rosidl_typesupport_fastrtps_cpp.hpp
[18.189s] -- Symlinking: /home/htrice/go2_ros2_curr/install/go2_interfaces/include/go2_interfaces/go2_interfaces/msg/detail/uwb_switch__rosidl_typesupport_fastrtps_cpp.hpp
[18.198s] -- Symlinking: /home/htrice/go2_ros2_curr/install/go2_interfaces/include/go2_interfaces/go2_interfaces/msg/detail/voxel_height_map_state__rosidl_typesupport_fastrtps_cpp.hpp
[18.210s] -- Symlinking: /home/htrice/go2_ros2_curr/install/go2_interfaces/include/go2_interfaces/go2_interfaces/msg/detail/voxel_map_compressed__rosidl_typesupport_fastrtps_cpp.hpp
[18.222s] -- Symlinking: /home/htrice/go2_ros2_curr/install/go2_interfaces/include/go2_interfaces/go2_interfaces/msg/detail/web_rtc_req__rosidl_typesupport_fastrtps_cpp.hpp
[18.235s] -- Symlinking: /home/htrice/go2_ros2_curr/install/go2_interfaces/include/go2_interfaces/go2_interfaces/msg/detail/wireless_controller__rosidl_typesupport_fastrtps_cpp.hpp
[18.247s] -- Symlinking: /home/htrice/go2_ros2_curr/install/go2_interfaces/include/go2_interfaces/go2_interfaces/msg/rosidl_typesupport_fastrtps_cpp__visibility_control.h
[18.261s] -- Symlinking: /home/htrice/go2_ros2_curr/install/go2_interfaces/include/go2_interfaces/go2_interfaces/msg/detail/audio_data__rosidl_typesupport_introspection_c.h
[18.273s] -- Symlinking: /home/htrice/go2_ros2_curr/install/go2_interfaces/include/go2_interfaces/go2_interfaces/msg/detail/bms_cmd__rosidl_typesupport_introspection_c.h
[18.285s] -- Symlinking: /home/htrice/go2_ros2_curr/install/go2_interfaces/include/go2_interfaces/go2_interfaces/msg/detail/bms_state__rosidl_typesupport_introspection_c.h
[18.294s] -- Symlinking: /home/htrice/go2_ros2_curr/install/go2_interfaces/include/go2_interfaces/go2_interfaces/msg/detail/error__rosidl_typesupport_introspection_c.h
[18.305s] -- Symlinking: /home/htrice/go2_ros2_curr/install/go2_interfaces/include/go2_interfaces/go2_interfaces/msg/detail/go2_cmd__rosidl_typesupport_introspection_c.h
[18.317s] -- Symlinking: /home/htrice/go2_ros2_curr/install/go2_interfaces/include/go2_interfaces/go2_interfaces/msg/detail/go2_front_video_data__rosidl_typesupport_introspection_c.h
[18.329s] -- Symlinking: /home/htrice/go2_ros2_curr/install/go2_interfaces/include/go2_interfaces/go2_interfaces/msg/detail/go2_move__rosidl_typesupport_introspection_c.h
[18.341s] -- Symlinking: /home/htrice/go2_ros2_curr/install/go2_interfaces/include/go2_interfaces/go2_interfaces/msg/detail/go2_rpy_cmd__rosidl_typesupport_introspection_c.h
[18.353s] -- Symlinking: /home/htrice/go2_ros2_curr/install/go2_interfaces/include/go2_interfaces/go2_interfaces/msg/detail/go2_state__rosidl_typesupport_introspection_c.h
[18.365s] -- Symlinking: /home/htrice/go2_ros2_curr/install/go2_interfaces/include/go2_interfaces/go2_interfaces/msg/detail/height_map__rosidl_typesupport_introspection_c.h
[18.377s] -- Symlinking: /home/htrice/go2_ros2_curr/install/go2_interfaces/include/go2_interfaces/go2_interfaces/msg/detail/imu__rosidl_typesupport_introspection_c.h
[18.389s] -- Symlinking: /home/htrice/go2_ros2_curr/install/go2_interfaces/include/go2_interfaces/go2_interfaces/msg/detail/interface_config__rosidl_typesupport_introspection_c.h
[18.401s] -- Symlinking: /home/htrice/go2_ros2_curr/install/go2_interfaces/include/go2_interfaces/go2_interfaces/msg/detail/lidar_state__rosidl_typesupport_introspection_c.h
[18.414s] -- Symlinking: /home/htrice/go2_ros2_curr/install/go2_interfaces/include/go2_interfaces/go2_interfaces/msg/detail/low_cmd__rosidl_typesupport_introspection_c.h
[18.422s] -- Symlinking: /home/htrice/go2_ros2_curr/install/go2_interfaces/include/go2_interfaces/go2_interfaces/msg/detail/low_state__rosidl_typesupport_introspection_c.h
[18.434s] -- Symlinking: /home/htrice/go2_ros2_curr/install/go2_interfaces/include/go2_interfaces/go2_interfaces/msg/detail/motor_cmd__rosidl_typesupport_introspection_c.h
[18.442s] -- Symlinking: /home/htrice/go2_ros2_curr/install/go2_interfaces/include/go2_interfaces/go2_interfaces/msg/detail/motor_cmds__rosidl_typesupport_introspection_c.h
[18.454s] -- Symlinking: /home/htrice/go2_ros2_curr/install/go2_interfaces/include/go2_interfaces/go2_interfaces/msg/detail/motor_state__rosidl_typesupport_introspection_c.h
[18.466s] -- Symlinking: /home/htrice/go2_ros2_curr/install/go2_interfaces/include/go2_interfaces/go2_interfaces/msg/detail/motor_states__rosidl_typesupport_introspection_c.h
[18.479s] -- Symlinking: /home/htrice/go2_ros2_curr/install/go2_interfaces/include/go2_interfaces/go2_interfaces/msg/detail/path_point__rosidl_typesupport_introspection_c.h
[18.491s] -- Symlinking: /home/htrice/go2_ros2_curr/install/go2_interfaces/include/go2_interfaces/go2_interfaces/msg/detail/req__rosidl_typesupport_introspection_c.h
[18.503s] -- Symlinking: /home/htrice/go2_ros2_curr/install/go2_interfaces/include/go2_interfaces/go2_interfaces/msg/detail/res__rosidl_typesupport_introspection_c.h
[18.515s] -- Symlinking: /home/htrice/go2_ros2_curr/install/go2_interfaces/include/go2_interfaces/go2_interfaces/msg/detail/sport_mode_cmd__rosidl_typesupport_introspection_c.h
[18.528s] -- Symlinking: /home/htrice/go2_ros2_curr/install/go2_interfaces/include/go2_interfaces/go2_interfaces/msg/detail/sport_mode_state__rosidl_typesupport_introspection_c.h
[18.540s] -- Symlinking: /home/htrice/go2_ros2_curr/install/go2_interfaces/include/go2_interfaces/go2_interfaces/msg/detail/time_spec__rosidl_typesupport_introspection_c.h
[18.553s] -- Symlinking: /home/htrice/go2_ros2_curr/install/go2_interfaces/include/go2_interfaces/go2_interfaces/msg/detail/uwb_state__rosidl_typesupport_introspection_c.h
[18.565s] -- Symlinking: /home/htrice/go2_ros2_curr/install/go2_interfaces/include/go2_interfaces/go2_interfaces/msg/detail/uwb_switch__rosidl_typesupport_introspection_c.h
[18.577s] -- Symlinking: /home/htrice/go2_ros2_curr/install/go2_interfaces/include/go2_interfaces/go2_interfaces/msg/detail/voxel_height_map_state__rosidl_typesupport_introspection_c.h
[18.589s] -- Symlinking: /home/htrice/go2_ros2_curr/install/go2_interfaces/include/go2_interfaces/go2_interfaces/msg/detail/voxel_map_compressed__rosidl_typesupport_introspection_c.h
[18.601s] -- Symlinking: /home/htrice/go2_ros2_curr/install/go2_interfaces/include/go2_interfaces/go2_interfaces/msg/detail/web_rtc_req__rosidl_typesupport_introspection_c.h
[18.613s] -- Symlinking: /home/htrice/go2_ros2_curr/install/go2_interfaces/include/go2_interfaces/go2_interfaces/msg/detail/wireless_controller__rosidl_typesupport_introspection_c.h
[18.625s] -- Symlinking: /home/htrice/go2_ros2_curr/install/go2_interfaces/include/go2_interfaces/go2_interfaces/msg/rosidl_typesupport_introspection_c__visibility_control.h
[18.638s] -- Symlinking: /home/htrice/go2_ros2_curr/install/go2_interfaces/include/go2_interfaces/go2_interfaces/msg/detail/audio_data__rosidl_typesupport_introspection_cpp.hpp
[18.650s] -- Symlinking: /home/htrice/go2_ros2_curr/install/go2_interfaces/include/go2_interfaces/go2_interfaces/msg/detail/bms_cmd__rosidl_typesupport_introspection_cpp.hpp
[18.658s] -- Symlinking: /home/htrice/go2_ros2_curr/install/go2_interfaces/include/go2_interfaces/go2_interfaces/msg/detail/bms_state__rosidl_typesupport_introspection_cpp.hpp
[18.670s] -- Symlinking: /home/htrice/go2_ros2_curr/install/go2_interfaces/include/go2_interfaces/go2_interfaces/msg/detail/error__rosidl_typesupport_introspection_cpp.hpp
[18.682s] -- Symlinking: /home/htrice/go2_ros2_curr/install/go2_interfaces/include/go2_interfaces/go2_interfaces/msg/detail/go2_cmd__rosidl_typesupport_introspection_cpp.hpp
[18.694s] -- Symlinking: /home/htrice/go2_ros2_curr/install/go2_interfaces/include/go2_interfaces/go2_interfaces/msg/detail/go2_front_video_data__rosidl_typesupport_introspection_cpp.hpp
[18.706s] -- Symlinking: /home/htrice/go2_ros2_curr/install/go2_interfaces/include/go2_interfaces/go2_interfaces/msg/detail/go2_move__rosidl_typesupport_introspection_cpp.hpp
[18.723s] -- Symlinking: /home/htrice/go2_ros2_curr/install/go2_interfaces/include/go2_interfaces/go2_interfaces/msg/detail/go2_rpy_cmd__rosidl_typesupport_introspection_cpp.hpp
[18.738s] -- Symlinking: /home/htrice/go2_ros2_curr/install/go2_interfaces/include/go2_interfaces/go2_interfaces/msg/detail/go2_state__rosidl_typesupport_introspection_cpp.hpp
[18.753s] -- Symlinking: /home/htrice/go2_ros2_curr/install/go2_interfaces/include/go2_interfaces/go2_interfaces/msg/detail/height_map__rosidl_typesupport_introspection_cpp.hpp
[18.766s] -- Symlinking: /home/htrice/go2_ros2_curr/install/go2_interfaces/include/go2_interfaces/go2_interfaces/msg/detail/imu__rosidl_typesupport_introspection_cpp.hpp
[18.776s] -- Symlinking: /home/htrice/go2_ros2_curr/install/go2_interfaces/include/go2_interfaces/go2_interfaces/msg/detail/interface_config__rosidl_typesupport_introspection_cpp.hpp
[18.793s] -- Symlinking: /home/htrice/go2_ros2_curr/install/go2_interfaces/include/go2_interfaces/go2_interfaces/msg/detail/lidar_state__rosidl_typesupport_introspection_cpp.hpp
[18.805s] -- Symlinking: /home/htrice/go2_ros2_curr/install/go2_interfaces/include/go2_interfaces/go2_interfaces/msg/detail/low_cmd__rosidl_typesupport_introspection_cpp.hpp
[18.815s] -- Symlinking: /home/htrice/go2_ros2_curr/install/go2_interfaces/include/go2_interfaces/go2_interfaces/msg/detail/low_state__rosidl_typesupport_introspection_cpp.hpp
[18.826s] -- Symlinking: /home/htrice/go2_ros2_curr/install/go2_interfaces/include/go2_interfaces/go2_interfaces/msg/detail/motor_cmd__rosidl_typesupport_introspection_cpp.hpp
[18.834s] -- Symlinking: /home/htrice/go2_ros2_curr/install/go2_interfaces/include/go2_interfaces/go2_interfaces/msg/detail/motor_cmds__rosidl_typesupport_introspection_cpp.hpp
[18.843s] -- Symlinking: /home/htrice/go2_ros2_curr/install/go2_interfaces/include/go2_interfaces/go2_interfaces/msg/detail/motor_state__rosidl_typesupport_introspection_cpp.hpp
[18.852s] -- Symlinking: /home/htrice/go2_ros2_curr/install/go2_interfaces/include/go2_interfaces/go2_interfaces/msg/detail/motor_states__rosidl_typesupport_introspection_cpp.hpp
[18.861s] -- Symlinking: /home/htrice/go2_ros2_curr/install/go2_interfaces/include/go2_interfaces/go2_interfaces/msg/detail/path_point__rosidl_typesupport_introspection_cpp.hpp
[18.876s] -- Symlinking: /home/htrice/go2_ros2_curr/install/go2_interfaces/include/go2_interfaces/go2_interfaces/msg/detail/req__rosidl_typesupport_introspection_cpp.hpp
[18.888s] -- Symlinking: /home/htrice/go2_ros2_curr/install/go2_interfaces/include/go2_interfaces/go2_interfaces/msg/detail/res__rosidl_typesupport_introspection_cpp.hpp
[18.900s] -- Symlinking: /home/htrice/go2_ros2_curr/install/go2_interfaces/include/go2_interfaces/go2_interfaces/msg/detail/sport_mode_cmd__rosidl_typesupport_introspection_cpp.hpp
[18.913s] -- Symlinking: /home/htrice/go2_ros2_curr/install/go2_interfaces/include/go2_interfaces/go2_interfaces/msg/detail/sport_mode_state__rosidl_typesupport_introspection_cpp.hpp
[18.925s] -- Symlinking: /home/htrice/go2_ros2_curr/install/go2_interfaces/include/go2_interfaces/go2_interfaces/msg/detail/time_spec__rosidl_typesupport_introspection_cpp.hpp
[18.938s] -- Symlinking: /home/htrice/go2_ros2_curr/install/go2_interfaces/include/go2_interfaces/go2_interfaces/msg/detail/uwb_state__rosidl_typesupport_introspection_cpp.hpp
[18.947s] -- Symlinking: /home/htrice/go2_ros2_curr/install/go2_interfaces/include/go2_interfaces/go2_interfaces/msg/detail/uwb_switch__rosidl_typesupport_introspection_cpp.hpp
[18.956s] -- Symlinking: /home/htrice/go2_ros2_curr/install/go2_interfaces/include/go2_interfaces/go2_interfaces/msg/detail/voxel_height_map_state__rosidl_typesupport_introspection_cpp.hpp
[18.966s] -- Symlinking: /home/htrice/go2_ros2_curr/install/go2_interfaces/include/go2_interfaces/go2_interfaces/msg/detail/voxel_map_compressed__rosidl_typesupport_introspection_cpp.hpp
[18.974s] -- Symlinking: /home/htrice/go2_ros2_curr/install/go2_interfaces/include/go2_interfaces/go2_interfaces/msg/detail/web_rtc_req__rosidl_typesupport_introspection_cpp.hpp
[18.983s] -- Symlinking: /home/htrice/go2_ros2_curr/install/go2_interfaces/include/go2_interfaces/go2_interfaces/msg/detail/wireless_controller__rosidl_typesupport_introspection_cpp.hpp
[18.993s] -- Symlinking: /home/htrice/go2_ros2_curr/install/go2_interfaces/share/go2_interfaces/environment/pythonpath.sh
[19.005s] -- Symlinking: /home/htrice/go2_ros2_curr/install/go2_interfaces/share/go2_interfaces/environment/pythonpath.dsv
[19.018s] -- Symlinking: /home/htrice/go2_ros2_curr/install/go2_interfaces/local/lib/python3.10/dist-packages/go2_interfaces-0.0.0-py3.10.egg-info/PKG-INFO
[19.030s] -- Symlinking: /home/htrice/go2_ros2_curr/install/go2_interfaces/local/lib/python3.10/dist-packages/go2_interfaces-0.0.0-py3.10.egg-info/SOURCES.txt
[19.037s] -- Symlinking: /home/htrice/go2_ros2_curr/install/go2_interfaces/local/lib/python3.10/dist-packages/go2_interfaces-0.0.0-py3.10.egg-info/dependency_links.txt
[19.044s] -- Symlinking: /home/htrice/go2_ros2_curr/install/go2_interfaces/local/lib/python3.10/dist-packages/go2_interfaces-0.0.0-py3.10.egg-info/top_level.txt
[19.056s] -- Symlinking: /home/htrice/go2_ros2_curr/install/go2_interfaces/local/lib/python3.10/dist-packages/go2_interfaces/__init__.py
[19.063s] -- Symlinking: /home/htrice/go2_ros2_curr/install/go2_interfaces/local/lib/python3.10/dist-packages/go2_interfaces/_go2_interfaces_s.ep.rosidl_typesupport_c.c
[19.076s] -- Symlinking: /home/htrice/go2_ros2_curr/install/go2_interfaces/local/lib/python3.10/dist-packages/go2_interfaces/_go2_interfaces_s.ep.rosidl_typesupport_fastrtps_c.c
[19.088s] -- Symlinking: /home/htrice/go2_ros2_curr/install/go2_interfaces/local/lib/python3.10/dist-packages/go2_interfaces/_go2_interfaces_s.ep.rosidl_typesupport_introspection_c.c
[19.099s] -- Symlinking: /home/htrice/go2_ros2_curr/install/go2_interfaces/local/lib/python3.10/dist-packages/go2_interfaces/go2_interfaces_s__rosidl_typesupport_c.cpython-310-x86_64-linux-gnu.so
[19.111s] -- Symlinking: /home/htrice/go2_ros2_curr/install/go2_interfaces/local/lib/python3.10/dist-packages/go2_interfaces/go2_interfaces_s__rosidl_typesupport_fastrtps_c.cpython-310-x86_64-linux-gnu.so
[19.123s] -- Symlinking: /home/htrice/go2_ros2_curr/install/go2_interfaces/local/lib/python3.10/dist-packages/go2_interfaces/go2_interfaces_s__rosidl_typesupport_introspection_c.cpython-310-x86_64-linux-gnu.so
[19.133s] -- Symlinking: /home/htrice/go2_ros2_curr/install/go2_interfaces/local/lib/python3.10/dist-packages/go2_interfaces/libgo2_interfaces__rosidl_generator_py.so
[19.145s] -- Symlinking: /home/htrice/go2_ros2_curr/install/go2_interfaces/local/lib/python3.10/dist-packages/go2_interfaces/msg/__init__.py
[19.157s] -- Symlinking: /home/htrice/go2_ros2_curr/install/go2_interfaces/local/lib/python3.10/dist-packages/go2_interfaces/msg/_audio_data.py
[19.169s] -- Symlinking: /home/htrice/go2_ros2_curr/install/go2_interfaces/local/lib/python3.10/dist-packages/go2_interfaces/msg/_audio_data_s.c
[19.182s] -- Symlinking: /home/htrice/go2_ros2_curr/install/go2_interfaces/local/lib/python3.10/dist-packages/go2_interfaces/msg/_bms_cmd.py
[19.194s] -- Symlinking: /home/htrice/go2_ros2_curr/install/go2_interfaces/local/lib/python3.10/dist-packages/go2_interfaces/msg/_bms_cmd_s.c
[19.206s] -- Symlinking: /home/htrice/go2_ros2_curr/install/go2_interfaces/local/lib/python3.10/dist-packages/go2_interfaces/msg/_bms_state.py
[19.218s] -- Symlinking: /home/htrice/go2_ros2_curr/install/go2_interfaces/local/lib/python3.10/dist-packages/go2_interfaces/msg/_bms_state_s.c
[19.230s] -- Symlinking: /home/htrice/go2_ros2_curr/install/go2_interfaces/local/lib/python3.10/dist-packages/go2_interfaces/msg/_error.py
[19.239s] -- Symlinking: /home/htrice/go2_ros2_curr/install/go2_interfaces/local/lib/python3.10/dist-packages/go2_interfaces/msg/_error_s.c
[19.251s] -- Symlinking: /home/htrice/go2_ros2_curr/install/go2_interfaces/local/lib/python3.10/dist-packages/go2_interfaces/msg/_go2_cmd.py
[19.259s] -- Symlinking: /home/htrice/go2_ros2_curr/install/go2_interfaces/local/lib/python3.10/dist-packages/go2_interfaces/msg/_go2_cmd_s.c
[19.267s] -- Symlinking: /home/htrice/go2_ros2_curr/install/go2_interfaces/local/lib/python3.10/dist-packages/go2_interfaces/msg/_go2_front_video_data.py
[19.279s] -- Symlinking: /home/htrice/go2_ros2_curr/install/go2_interfaces/local/lib/python3.10/dist-packages/go2_interfaces/msg/_go2_front_video_data_s.c
[19.296s] -- Symlinking: /home/htrice/go2_ros2_curr/install/go2_interfaces/local/lib/python3.10/dist-packages/go2_interfaces/msg/_go2_move.py
[19.309s] -- Symlinking: /home/htrice/go2_ros2_curr/install/go2_interfaces/local/lib/python3.10/dist-packages/go2_interfaces/msg/_go2_move_s.c
[19.321s] -- Symlinking: /home/htrice/go2_ros2_curr/install/go2_interfaces/local/lib/python3.10/dist-packages/go2_interfaces/msg/_go2_rpy_cmd.py
[19.333s] -- Symlinking: /home/htrice/go2_ros2_curr/install/go2_interfaces/local/lib/python3.10/dist-packages/go2_interfaces/msg/_go2_rpy_cmd_s.c
[19.346s] -- Symlinking: /home/htrice/go2_ros2_curr/install/go2_interfaces/local/lib/python3.10/dist-packages/go2_interfaces/msg/_go2_state.py
[19.359s] -- Symlinking: /home/htrice/go2_ros2_curr/install/go2_interfaces/local/lib/python3.10/dist-packages/go2_interfaces/msg/_go2_state_s.c
[19.371s] -- Symlinking: /home/htrice/go2_ros2_curr/install/go2_interfaces/local/lib/python3.10/dist-packages/go2_interfaces/msg/_height_map.py
[19.383s] -- Symlinking: /home/htrice/go2_ros2_curr/install/go2_interfaces/local/lib/python3.10/dist-packages/go2_interfaces/msg/_height_map_s.c
[19.395s] -- Symlinking: /home/htrice/go2_ros2_curr/install/go2_interfaces/local/lib/python3.10/dist-packages/go2_interfaces/msg/_imu.py
[19.408s] -- Symlinking: /home/htrice/go2_ros2_curr/install/go2_interfaces/local/lib/python3.10/dist-packages/go2_interfaces/msg/_imu_s.c
[19.420s] -- Symlinking: /home/htrice/go2_ros2_curr/install/go2_interfaces/local/lib/python3.10/dist-packages/go2_interfaces/msg/_interface_config.py
[19.432s] -- Symlinking: /home/htrice/go2_ros2_curr/install/go2_interfaces/local/lib/python3.10/dist-packages/go2_interfaces/msg/_interface_config_s.c
[19.444s] -- Symlinking: /home/htrice/go2_ros2_curr/install/go2_interfaces/local/lib/python3.10/dist-packages/go2_interfaces/msg/_lidar_state.py
[19.456s] -- Symlinking: /home/htrice/go2_ros2_curr/install/go2_interfaces/local/lib/python3.10/dist-packages/go2_interfaces/msg/_lidar_state_s.c
[19.469s] -- Symlinking: /home/htrice/go2_ros2_curr/install/go2_interfaces/local/lib/python3.10/dist-packages/go2_interfaces/msg/_low_cmd.py
[19.481s] -- Symlinking: /home/htrice/go2_ros2_curr/install/go2_interfaces/local/lib/python3.10/dist-packages/go2_interfaces/msg/_low_cmd_s.c
[19.492s] -- Symlinking: /home/htrice/go2_ros2_curr/install/go2_interfaces/local/lib/python3.10/dist-packages/go2_interfaces/msg/_low_state.py
[19.504s] -- Symlinking: /home/htrice/go2_ros2_curr/install/go2_interfaces/local/lib/python3.10/dist-packages/go2_interfaces/msg/_low_state_s.c
[19.516s] -- Symlinking: /home/htrice/go2_ros2_curr/install/go2_interfaces/local/lib/python3.10/dist-packages/go2_interfaces/msg/_motor_cmd.py
[19.528s] -- Symlinking: /home/htrice/go2_ros2_curr/install/go2_interfaces/local/lib/python3.10/dist-packages/go2_interfaces/msg/_motor_cmd_s.c
[19.540s] -- Symlinking: /home/htrice/go2_ros2_curr/install/go2_interfaces/local/lib/python3.10/dist-packages/go2_interfaces/msg/_motor_cmds.py
[19.553s] -- Symlinking: /home/htrice/go2_ros2_curr/install/go2_interfaces/local/lib/python3.10/dist-packages/go2_interfaces/msg/_motor_cmds_s.c
[19.565s] -- Symlinking: /home/htrice/go2_ros2_curr/install/go2_interfaces/local/lib/python3.10/dist-packages/go2_interfaces/msg/_motor_state.py
[19.577s] -- Symlinking: /home/htrice/go2_ros2_curr/install/go2_interfaces/local/lib/python3.10/dist-packages/go2_interfaces/msg/_motor_state_s.c
[19.589s] -- Symlinking: /home/htrice/go2_ros2_curr/install/go2_interfaces/local/lib/python3.10/dist-packages/go2_interfaces/msg/_motor_states.py
[19.601s] -- Symlinking: /home/htrice/go2_ros2_curr/install/go2_interfaces/local/lib/python3.10/dist-packages/go2_interfaces/msg/_motor_states_s.c
[19.613s] -- Symlinking: /home/htrice/go2_ros2_curr/install/go2_interfaces/local/lib/python3.10/dist-packages/go2_interfaces/msg/_path_point.py
[19.625s] -- Symlinking: /home/htrice/go2_ros2_curr/install/go2_interfaces/local/lib/python3.10/dist-packages/go2_interfaces/msg/_path_point_s.c
[19.644s] -- Symlinking: /home/htrice/go2_ros2_curr/install/go2_interfaces/local/lib/python3.10/dist-packages/go2_interfaces/msg/_req.py
[19.656s] -- Symlinking: /home/htrice/go2_ros2_curr/install/go2_interfaces/local/lib/python3.10/dist-packages/go2_interfaces/msg/_req_s.c
[19.669s] -- Symlinking: /home/htrice/go2_ros2_curr/install/go2_interfaces/local/lib/python3.10/dist-packages/go2_interfaces/msg/_res.py
[19.681s] -- Symlinking: /home/htrice/go2_ros2_curr/install/go2_interfaces/local/lib/python3.10/dist-packages/go2_interfaces/msg/_res_s.c
[19.693s] -- Symlinking: /home/htrice/go2_ros2_curr/install/go2_interfaces/local/lib/python3.10/dist-packages/go2_interfaces/msg/_sport_mode_cmd.py
[19.706s] -- Symlinking: /home/htrice/go2_ros2_curr/install/go2_interfaces/local/lib/python3.10/dist-packages/go2_interfaces/msg/_sport_mode_cmd_s.c
[19.718s] -- Symlinking: /home/htrice/go2_ros2_curr/install/go2_interfaces/local/lib/python3.10/dist-packages/go2_interfaces/msg/_sport_mode_state.py
[19.726s] -- Symlinking: /home/htrice/go2_ros2_curr/install/go2_interfaces/local/lib/python3.10/dist-packages/go2_interfaces/msg/_sport_mode_state_s.c
[19.739s] -- Symlinking: /home/htrice/go2_ros2_curr/install/go2_interfaces/local/lib/python3.10/dist-packages/go2_interfaces/msg/_time_spec.py
[19.751s] -- Symlinking: /home/htrice/go2_ros2_curr/install/go2_interfaces/local/lib/python3.10/dist-packages/go2_interfaces/msg/_time_spec_s.c
[19.759s] -- Symlinking: /home/htrice/go2_ros2_curr/install/go2_interfaces/local/lib/python3.10/dist-packages/go2_interfaces/msg/_uwb_state.py
[19.771s] -- Symlinking: /home/htrice/go2_ros2_curr/install/go2_interfaces/local/lib/python3.10/dist-packages/go2_interfaces/msg/_uwb_state_s.c
[19.783s] -- Symlinking: /home/htrice/go2_ros2_curr/install/go2_interfaces/local/lib/python3.10/dist-packages/go2_interfaces/msg/_uwb_switch.py
[19.796s] -- Symlinking: /home/htrice/go2_ros2_curr/install/go2_interfaces/local/lib/python3.10/dist-packages/go2_interfaces/msg/_uwb_switch_s.c
[19.808s] -- Symlinking: /home/htrice/go2_ros2_curr/install/go2_interfaces/local/lib/python3.10/dist-packages/go2_interfaces/msg/_voxel_height_map_state.py
[19.820s] -- Symlinking: /home/htrice/go2_ros2_curr/install/go2_interfaces/local/lib/python3.10/dist-packages/go2_interfaces/msg/_voxel_height_map_state_s.c
[19.830s] -- Symlinking: /home/htrice/go2_ros2_curr/install/go2_interfaces/local/lib/python3.10/dist-packages/go2_interfaces/msg/_voxel_map_compressed.py
[19.838s] -- Symlinking: /home/htrice/go2_ros2_curr/install/go2_interfaces/local/lib/python3.10/dist-packages/go2_interfaces/msg/_voxel_map_compressed_s.c
[19.851s] -- Symlinking: /home/htrice/go2_ros2_curr/install/go2_interfaces/local/lib/python3.10/dist-packages/go2_interfaces/msg/_web_rtc_req.py
[19.864s] -- Symlinking: /home/htrice/go2_ros2_curr/install/go2_interfaces/local/lib/python3.10/dist-packages/go2_interfaces/msg/_web_rtc_req_s.c
[19.876s] -- Symlinking: /home/htrice/go2_ros2_curr/install/go2_interfaces/local/lib/python3.10/dist-packages/go2_interfaces/msg/_wireless_controller.py
[19.885s] -- Symlinking: /home/htrice/go2_ros2_curr/install/go2_interfaces/local/lib/python3.10/dist-packages/go2_interfaces/msg/_wireless_controller_s.c
[19.894s] -- Up-to-date symlink: /home/htrice/go2_ros2_curr/install/go2_interfaces/local/lib/python3.10/dist-packages/go2_interfaces/go2_interfaces_s__rosidl_typesupport_fastrtps_c.cpython-310-x86_64-linux-gnu.so
[19.895s] -- Up-to-date symlink: /home/htrice/go2_ros2_curr/install/go2_interfaces/local/lib/python3.10/dist-packages/go2_interfaces/go2_interfaces_s__rosidl_typesupport_introspection_c.cpython-310-x86_64-linux-gnu.so
[19.895s] -- Up-to-date symlink: /home/htrice/go2_ros2_curr/install/go2_interfaces/local/lib/python3.10/dist-packages/go2_interfaces/go2_interfaces_s__rosidl_typesupport_c.cpython-310-x86_64-linux-gnu.so
[19.895s] -- Symlinking: /home/htrice/go2_ros2_curr/install/go2_interfaces/share/go2_interfaces/msg/Go2Cmd.idl
[19.907s] -- Symlinking: /home/htrice/go2_ros2_curr/install/go2_interfaces/share/go2_interfaces/msg/Go2State.idl
[19.919s] -- Symlinking: /home/htrice/go2_ros2_curr/install/go2_interfaces/share/go2_interfaces/msg/Go2Move.idl
[19.931s] -- Symlinking: /home/htrice/go2_ros2_curr/install/go2_interfaces/share/go2_interfaces/msg/Go2RpyCmd.idl
[19.943s] -- Symlinking: /home/htrice/go2_ros2_curr/install/go2_interfaces/share/go2_interfaces/msg/IMU.idl
[19.955s] -- Symlinking: /home/htrice/go2_ros2_curr/install/go2_interfaces/share/go2_interfaces/msg/AudioData.idl
[19.968s] -- Symlinking: /home/htrice/go2_ros2_curr/install/go2_interfaces/share/go2_interfaces/msg/BmsCmd.idl
[19.981s] -- Symlinking: /home/htrice/go2_ros2_curr/install/go2_interfaces/share/go2_interfaces/msg/BmsState.idl
[19.990s] -- Symlinking: /home/htrice/go2_ros2_curr/install/go2_interfaces/share/go2_interfaces/msg/Error.idl
[20.002s] -- Symlinking: /home/htrice/go2_ros2_curr/install/go2_interfaces/share/go2_interfaces/msg/Go2FrontVideoData.idl
[20.014s] -- Symlinking: /home/htrice/go2_ros2_curr/install/go2_interfaces/share/go2_interfaces/msg/HeightMap.idl
[20.026s] -- Symlinking: /home/htrice/go2_ros2_curr/install/go2_interfaces/share/go2_interfaces/msg/InterfaceConfig.idl
[20.038s] -- Symlinking: /home/htrice/go2_ros2_curr/install/go2_interfaces/share/go2_interfaces/msg/LidarState.idl
[20.051s] -- Symlinking: /home/htrice/go2_ros2_curr/install/go2_interfaces/share/go2_interfaces/msg/LowCmd.idl
[20.063s] -- Symlinking: /home/htrice/go2_ros2_curr/install/go2_interfaces/share/go2_interfaces/msg/LowState.idl
[20.075s] -- Symlinking: /home/htrice/go2_ros2_curr/install/go2_interfaces/share/go2_interfaces/msg/MotorCmd.idl
[20.087s] -- Symlinking: /home/htrice/go2_ros2_curr/install/go2_interfaces/share/go2_interfaces/msg/MotorCmds.idl
[20.099s] -- Symlinking: /home/htrice/go2_ros2_curr/install/go2_interfaces/share/go2_interfaces/msg/MotorState.idl
[20.111s] -- Symlinking: /home/htrice/go2_ros2_curr/install/go2_interfaces/share/go2_interfaces/msg/MotorStates.idl
[20.123s] -- Symlinking: /home/htrice/go2_ros2_curr/install/go2_interfaces/share/go2_interfaces/msg/PathPoint.idl
[20.135s] -- Symlinking: /home/htrice/go2_ros2_curr/install/go2_interfaces/share/go2_interfaces/msg/Req.idl
[20.146s] -- Symlinking: /home/htrice/go2_ros2_curr/install/go2_interfaces/share/go2_interfaces/msg/Res.idl
[20.155s] -- Symlinking: /home/htrice/go2_ros2_curr/install/go2_interfaces/share/go2_interfaces/msg/SportModeCmd.idl
[20.167s] -- Symlinking: /home/htrice/go2_ros2_curr/install/go2_interfaces/share/go2_interfaces/msg/SportModeState.idl
[20.179s] -- Symlinking: /home/htrice/go2_ros2_curr/install/go2_interfaces/share/go2_interfaces/msg/TimeSpec.idl
[20.191s] -- Symlinking: /home/htrice/go2_ros2_curr/install/go2_interfaces/share/go2_interfaces/msg/UwbState.idl
[20.203s] -- Symlinking: /home/htrice/go2_ros2_curr/install/go2_interfaces/share/go2_interfaces/msg/UwbSwitch.idl
[20.214s] -- Symlinking: /home/htrice/go2_ros2_curr/install/go2_interfaces/share/go2_interfaces/msg/VoxelMapCompressed.idl
[20.226s] -- Symlinking: /home/htrice/go2_ros2_curr/install/go2_interfaces/share/go2_interfaces/msg/VoxelHeightMapState.idl
[20.237s] -- Symlinking: /home/htrice/go2_ros2_curr/install/go2_interfaces/share/go2_interfaces/msg/WebRtcReq.idl
[20.246s] -- Symlinking: /home/htrice/go2_ros2_curr/install/go2_interfaces/share/go2_interfaces/msg/WirelessController.idl
[20.258s] -- Symlinking: /home/htrice/go2_ros2_curr/install/go2_interfaces/share/go2_interfaces/msg/Go2Cmd.msg
[20.270s] -- Symlinking: /home/htrice/go2_ros2_curr/install/go2_interfaces/share/go2_interfaces/msg/Go2State.msg
[20.282s] -- Symlinking: /home/htrice/go2_ros2_curr/install/go2_interfaces/share/go2_interfaces/msg/Go2Move.msg
[20.293s] -- Symlinking: /home/htrice/go2_ros2_curr/install/go2_interfaces/share/go2_interfaces/msg/Go2RpyCmd.msg
[20.301s] -- Symlinking: /home/htrice/go2_ros2_curr/install/go2_interfaces/share/go2_interfaces/msg/IMU.msg
[20.310s] -- Symlinking: /home/htrice/go2_ros2_curr/install/go2_interfaces/share/go2_interfaces/msg/AudioData.msg
[20.318s] -- Symlinking: /home/htrice/go2_ros2_curr/install/go2_interfaces/share/go2_interfaces/msg/BmsCmd.msg
[20.329s] -- Symlinking: /home/htrice/go2_ros2_curr/install/go2_interfaces/share/go2_interfaces/msg/BmsState.msg
[20.341s] -- Symlinking: /home/htrice/go2_ros2_curr/install/go2_interfaces/share/go2_interfaces/msg/Error.msg
[20.350s] -- Symlinking: /home/htrice/go2_ros2_curr/install/go2_interfaces/share/go2_interfaces/msg/Go2FrontVideoData.msg
[20.359s] -- Symlinking: /home/htrice/go2_ros2_curr/install/go2_interfaces/share/go2_interfaces/msg/HeightMap.msg
[20.371s] -- Symlinking: /home/htrice/go2_ros2_curr/install/go2_interfaces/share/go2_interfaces/msg/InterfaceConfig.msg
[20.381s] -- Symlinking: /home/htrice/go2_ros2_curr/install/go2_interfaces/share/go2_interfaces/msg/LidarState.msg
[20.390s] -- Symlinking: /home/htrice/go2_ros2_curr/install/go2_interfaces/share/go2_interfaces/msg/LowCmd.msg
[20.399s] -- Symlinking: /home/htrice/go2_ros2_curr/install/go2_interfaces/share/go2_interfaces/msg/LowState.msg
[20.409s] -- Symlinking: /home/htrice/go2_ros2_curr/install/go2_interfaces/share/go2_interfaces/msg/MotorCmd.msg
[20.418s] -- Symlinking: /home/htrice/go2_ros2_curr/install/go2_interfaces/share/go2_interfaces/msg/MotorCmds.msg
[20.427s] -- Symlinking: /home/htrice/go2_ros2_curr/install/go2_interfaces/share/go2_interfaces/msg/MotorState.msg
[20.436s] -- Symlinking: /home/htrice/go2_ros2_curr/install/go2_interfaces/share/go2_interfaces/msg/MotorStates.msg
[20.448s] -- Symlinking: /home/htrice/go2_ros2_curr/install/go2_interfaces/share/go2_interfaces/msg/PathPoint.msg
[20.460s] -- Symlinking: /home/htrice/go2_ros2_curr/install/go2_interfaces/share/go2_interfaces/msg/Req.msg
[20.471s] -- Symlinking: /home/htrice/go2_ros2_curr/install/go2_interfaces/share/go2_interfaces/msg/Res.msg
[20.484s] -- Symlinking: /home/htrice/go2_ros2_curr/install/go2_interfaces/share/go2_interfaces/msg/SportModeCmd.msg
[20.495s] -- Symlinking: /home/htrice/go2_ros2_curr/install/go2_interfaces/share/go2_interfaces/msg/SportModeState.msg
[20.507s] -- Symlinking: /home/htrice/go2_ros2_curr/install/go2_interfaces/share/go2_interfaces/msg/TimeSpec.msg
[20.516s] -- Symlinking: /home/htrice/go2_ros2_curr/install/go2_interfaces/share/go2_interfaces/msg/UwbState.msg
[20.528s] -- Symlinking: /home/htrice/go2_ros2_curr/install/go2_interfaces/share/go2_interfaces/msg/UwbSwitch.msg
[20.540s] -- Symlinking: /home/htrice/go2_ros2_curr/install/go2_interfaces/share/go2_interfaces/msg/VoxelMapCompressed.msg
[20.552s] -- Symlinking: /home/htrice/go2_ros2_curr/install/go2_interfaces/share/go2_interfaces/msg/VoxelHeightMapState.msg
[20.560s] -- Symlinking: /home/htrice/go2_ros2_curr/install/go2_interfaces/share/go2_interfaces/msg/WebRtcReq.msg
[20.568s] -- Symlinking: /home/htrice/go2_ros2_curr/install/go2_interfaces/share/go2_interfaces/msg/WirelessController.msg
[20.580s] -- Symlinking: /home/htrice/go2_ros2_curr/install/go2_interfaces/share/ament_index/resource_index/package_run_dependencies/go2_interfaces
[20.592s] -- Symlinking: /home/htrice/go2_ros2_curr/install/go2_interfaces/share/ament_index/resource_index/parent_prefix_path/go2_interfaces
[20.605s] -- Symlinking: /home/htrice/go2_ros2_curr/install/go2_interfaces/share/go2_interfaces/environment/ament_prefix_path.sh
[20.617s] -- Symlinking: /home/htrice/go2_ros2_curr/install/go2_interfaces/share/go2_interfaces/environment/ament_prefix_path.dsv
[20.626s] -- Symlinking: /home/htrice/go2_ros2_curr/install/go2_interfaces/share/go2_interfaces/environment/path.sh
[20.635s] -- Symlinking: /home/htrice/go2_ros2_curr/install/go2_interfaces/share/go2_interfaces/environment/path.dsv
[20.646s] -- Symlinking: /home/htrice/go2_ros2_curr/install/go2_interfaces/share/go2_interfaces/local_setup.bash
[20.659s] -- Symlinking: /home/htrice/go2_ros2_curr/install/go2_interfaces/share/go2_interfaces/local_setup.sh
[20.671s] -- Symlinking: /home/htrice/go2_ros2_curr/install/go2_interfaces/share/go2_interfaces/local_setup.zsh
[20.684s] -- Symlinking: /home/htrice/go2_ros2_curr/install/go2_interfaces/share/go2_interfaces/local_setup.dsv
[20.696s] -- Symlinking: /home/htrice/go2_ros2_curr/install/go2_interfaces/share/go2_interfaces/package.dsv
[20.704s] -- Symlinking: /home/htrice/go2_ros2_curr/install/go2_interfaces/share/ament_index/resource_index/packages/go2_interfaces
[20.713s] -- Symlinking: /home/htrice/go2_ros2_curr/install/go2_interfaces/share/go2_interfaces/cmake/rosidl_cmake-extras.cmake
[20.721s] -- Symlinking: /home/htrice/go2_ros2_curr/install/go2_interfaces/share/go2_interfaces/cmake/ament_cmake_export_dependencies-extras.cmake
[20.734s] -- Symlinking: /home/htrice/go2_ros2_curr/install/go2_interfaces/share/go2_interfaces/cmake/ament_cmake_export_include_directories-extras.cmake
[20.743s] -- Symlinking: /home/htrice/go2_ros2_curr/install/go2_interfaces/share/go2_interfaces/cmake/ament_cmake_export_libraries-extras.cmake
[20.755s] -- Symlinking: /home/htrice/go2_ros2_curr/install/go2_interfaces/share/go2_interfaces/cmake/ament_cmake_export_targets-extras.cmake
[20.767s] -- Symlinking: /home/htrice/go2_ros2_curr/install/go2_interfaces/share/go2_interfaces/cmake/rosidl_cmake_export_typesupport_targets-extras.cmake
[20.779s] -- Symlinking: /home/htrice/go2_ros2_curr/install/go2_interfaces/share/go2_interfaces/cmake/rosidl_cmake_export_typesupport_libraries-extras.cmake
[20.791s] -- Symlinking: /home/htrice/go2_ros2_curr/install/go2_interfaces/share/go2_interfaces/cmake/go2_interfacesConfig.cmake
[20.803s] -- Symlinking: /home/htrice/go2_ros2_curr/install/go2_interfaces/share/go2_interfaces/cmake/go2_interfacesConfig-version.cmake
[20.816s] -- Symlinking: /home/htrice/go2_ros2_curr/install/go2_interfaces/share/go2_interfaces/package.xml
[20.828s] -- Installing: /home/htrice/go2_ros2_curr/install/go2_interfaces/lib/libgo2_interfaces__rosidl_generator_c.so
[20.829s] -- Set runtime path of "/home/htrice/go2_ros2_curr/install/go2_interfaces/lib/libgo2_interfaces__rosidl_generator_c.so" to ""
[20.829s] -- Installing: /home/htrice/go2_ros2_curr/install/go2_interfaces/lib/libgo2_interfaces__rosidl_typesupport_fastrtps_c.so
[20.830s] -- Set runtime path of "/home/htrice/go2_ros2_curr/install/go2_interfaces/lib/libgo2_interfaces__rosidl_typesupport_fastrtps_c.so" to ""
[20.830s] -- Installing: /home/htrice/go2_ros2_curr/install/go2_interfaces/lib/libgo2_interfaces__rosidl_typesupport_fastrtps_cpp.so
[20.832s] -- Set runtime path of "/home/htrice/go2_ros2_curr/install/go2_interfaces/lib/libgo2_interfaces__rosidl_typesupport_fastrtps_cpp.so" to ""
[20.832s] -- Installing: /home/htrice/go2_ros2_curr/install/go2_interfaces/lib/libgo2_interfaces__rosidl_typesupport_introspection_c.so
[20.833s] -- Set runtime path of "/home/htrice/go2_ros2_curr/install/go2_interfaces/lib/libgo2_interfaces__rosidl_typesupport_introspection_c.so" to ""
[20.833s] -- Installing: /home/htrice/go2_ros2_curr/install/go2_interfaces/lib/libgo2_interfaces__rosidl_typesupport_c.so
[20.834s] -- Set runtime path of "/home/htrice/go2_ros2_curr/install/go2_interfaces/lib/libgo2_interfaces__rosidl_typesupport_c.so" to ""
[20.834s] -- Installing: /home/htrice/go2_ros2_curr/install/go2_interfaces/lib/libgo2_interfaces__rosidl_typesupport_introspection_cpp.so
[20.836s] -- Set runtime path of "/home/htrice/go2_ros2_curr/install/go2_interfaces/lib/libgo2_interfaces__rosidl_typesupport_introspection_cpp.so" to ""
[20.836s] -- Installing: /home/htrice/go2_ros2_curr/install/go2_interfaces/lib/libgo2_interfaces__rosidl_typesupport_cpp.so
[20.837s] -- Set runtime path of "/home/htrice/go2_ros2_curr/install/go2_interfaces/lib/libgo2_interfaces__rosidl_typesupport_cpp.so" to ""
[20.899s] Listing '/home/htrice/go2_ros2_curr/install/go2_interfaces/local/lib/python3.10/dist-packages/go2_interfaces'...
[20.899s] Compiling '/home/htrice/go2_ros2_curr/install/go2_interfaces/local/lib/python3.10/dist-packages/go2_interfaces/__init__.py'...
[20.899s] Listing '/home/htrice/go2_ros2_curr/install/go2_interfaces/local/lib/python3.10/dist-packages/go2_interfaces/msg'...
[20.899s] Compiling '/home/htrice/go2_ros2_curr/install/go2_interfaces/local/lib/python3.10/dist-packages/go2_interfaces/msg/__init__.py'...
[20.899s] Compiling '/home/htrice/go2_ros2_curr/install/go2_interfaces/local/lib/python3.10/dist-packages/go2_interfaces/msg/_audio_data.py'...
[20.900s] Compiling '/home/htrice/go2_ros2_curr/install/go2_interfaces/local/lib/python3.10/dist-packages/go2_interfaces/msg/_bms_cmd.py'...
[20.900s] Compiling '/home/htrice/go2_ros2_curr/install/go2_interfaces/local/lib/python3.10/dist-packages/go2_interfaces/msg/_bms_state.py'...
[20.900s] Compiling '/home/htrice/go2_ros2_curr/install/go2_interfaces/local/lib/python3.10/dist-packages/go2_interfaces/msg/_error.py'...
[20.900s] Compiling '/home/htrice/go2_ros2_curr/install/go2_interfaces/local/lib/python3.10/dist-packages/go2_interfaces/msg/_go2_cmd.py'...
[20.900s] Compiling '/home/htrice/go2_ros2_curr/install/go2_interfaces/local/lib/python3.10/dist-packages/go2_interfaces/msg/_go2_front_video_data.py'...
[20.900s] Compiling '/home/htrice/go2_ros2_curr/install/go2_interfaces/local/lib/python3.10/dist-packages/go2_interfaces/msg/_go2_move.py'...
[20.900s] Compiling '/home/htrice/go2_ros2_curr/install/go2_interfaces/local/lib/python3.10/dist-packages/go2_interfaces/msg/_go2_rpy_cmd.py'...
[20.900s] Compiling '/home/htrice/go2_ros2_curr/install/go2_interfaces/local/lib/python3.10/dist-packages/go2_interfaces/msg/_go2_state.py'...
[20.900s] Compiling '/home/htrice/go2_ros2_curr/install/go2_interfaces/local/lib/python3.10/dist-packages/go2_interfaces/msg/_height_map.py'...
[20.900s] Compiling '/home/htrice/go2_ros2_curr/install/go2_interfaces/local/lib/python3.10/dist-packages/go2_interfaces/msg/_imu.py'...
[20.900s] Compiling '/home/htrice/go2_ros2_curr/install/go2_interfaces/local/lib/python3.10/dist-packages/go2_interfaces/msg/_interface_config.py'...
[20.900s] Compiling '/home/htrice/go2_ros2_curr/install/go2_interfaces/local/lib/python3.10/dist-packages/go2_interfaces/msg/_lidar_state.py'...
[20.901s] Compiling '/home/htrice/go2_ros2_curr/install/go2_interfaces/local/lib/python3.10/dist-packages/go2_interfaces/msg/_low_cmd.py'...
[20.901s] Compiling '/home/htrice/go2_ros2_curr/install/go2_interfaces/local/lib/python3.10/dist-packages/go2_interfaces/msg/_low_state.py'...
[20.901s] Compiling '/home/htrice/go2_ros2_curr/install/go2_interfaces/local/lib/python3.10/dist-packages/go2_interfaces/msg/_motor_cmd.py'...
[20.901s] Compiling '/home/htrice/go2_ros2_curr/install/go2_interfaces/local/lib/python3.10/dist-packages/go2_interfaces/msg/_motor_cmds.py'...
[20.901s] Compiling '/home/htrice/go2_ros2_curr/install/go2_interfaces/local/lib/python3.10/dist-packages/go2_interfaces/msg/_motor_state.py'...
[20.901s] Compiling '/home/htrice/go2_ros2_curr/install/go2_interfaces/local/lib/python3.10/dist-packages/go2_interfaces/msg/_motor_states.py'...
[20.901s] Compiling '/home/htrice/go2_ros2_curr/install/go2_interfaces/local/lib/python3.10/dist-packages/go2_interfaces/msg/_path_point.py'...
[20.901s] Compiling '/home/htrice/go2_ros2_curr/install/go2_interfaces/local/lib/python3.10/dist-packages/go2_interfaces/msg/_req.py'...
[20.901s] Compiling '/home/htrice/go2_ros2_curr/install/go2_interfaces/local/lib/python3.10/dist-packages/go2_interfaces/msg/_res.py'...
[20.901s] Compiling '/home/htrice/go2_ros2_curr/install/go2_interfaces/local/lib/python3.10/dist-packages/go2_interfaces/msg/_sport_mode_cmd.py'...
[20.901s] Compiling '/home/htrice/go2_ros2_curr/install/go2_interfaces/local/lib/python3.10/dist-packages/go2_interfaces/msg/_sport_mode_state.py'...
[20.901s] Compiling '/home/htrice/go2_ros2_curr/install/go2_interfaces/local/lib/python3.10/dist-packages/go2_interfaces/msg/_time_spec.py'...
[20.901s] Compiling '/home/htrice/go2_ros2_curr/install/go2_interfaces/local/lib/python3.10/dist-packages/go2_interfaces/msg/_uwb_state.py'...
[20.902s] Compiling '/home/htrice/go2_ros2_curr/install/go2_interfaces/local/lib/python3.10/dist-packages/go2_interfaces/msg/_uwb_switch.py'...
[20.902s] Compiling '/home/htrice/go2_ros2_curr/install/go2_interfaces/local/lib/python3.10/dist-packages/go2_interfaces/msg/_voxel_height_map_state.py'...
[20.902s] Compiling '/home/htrice/go2_ros2_curr/install/go2_interfaces/local/lib/python3.10/dist-packages/go2_interfaces/msg/_voxel_map_compressed.py'...
[20.902s] Compiling '/home/htrice/go2_ros2_curr/install/go2_interfaces/local/lib/python3.10/dist-packages/go2_interfaces/msg/_web_rtc_req.py'...
[20.902s] Compiling '/home/htrice/go2_ros2_curr/install/go2_interfaces/local/lib/python3.10/dist-packages/go2_interfaces/msg/_wireless_controller.py'...
[20.902s] -- Installing: /home/htrice/go2_ros2_curr/install/go2_interfaces/lib/libgo2_interfaces__rosidl_generator_py.so
[20.904s] -- Set runtime path of "/home/htrice/go2_ros2_curr/install/go2_interfaces/lib/libgo2_interfaces__rosidl_generator_py.so" to ""
[20.904s] -- Installing: /home/htrice/go2_ros2_curr/install/go2_interfaces/share/go2_interfaces/cmake/export_go2_interfaces__rosidl_generator_cExport.cmake
[20.904s] -- Installing: /home/htrice/go2_ros2_curr/install/go2_interfaces/share/go2_interfaces/cmake/export_go2_interfaces__rosidl_generator_cExport-noconfig.cmake
[20.905s] -- Installing: /home/htrice/go2_ros2_curr/install/go2_interfaces/share/go2_interfaces/cmake/export_go2_interfaces__rosidl_typesupport_fastrtps_cExport.cmake
[20.905s] -- Installing: /home/htrice/go2_ros2_curr/install/go2_interfaces/share/go2_interfaces/cmake/export_go2_interfaces__rosidl_typesupport_fastrtps_cExport-noconfig.cmake
[20.905s] -- Installing: /home/htrice/go2_ros2_curr/install/go2_interfaces/share/go2_interfaces/cmake/export_go2_interfaces__rosidl_generator_cppExport.cmake
[20.906s] -- Installing: /home/htrice/go2_ros2_curr/install/go2_interfaces/share/go2_interfaces/cmake/export_go2_interfaces__rosidl_typesupport_fastrtps_cppExport.cmake
[20.906s] -- Installing: /home/htrice/go2_ros2_curr/install/go2_interfaces/share/go2_interfaces/cmake/export_go2_interfaces__rosidl_typesupport_fastrtps_cppExport-noconfig.cmake
[20.907s] -- Installing: /home/htrice/go2_ros2_curr/install/go2_interfaces/share/go2_interfaces/cmake/go2_interfaces__rosidl_typesupport_introspection_cExport.cmake
[20.907s] -- Installing: /home/htrice/go2_ros2_curr/install/go2_interfaces/share/go2_interfaces/cmake/go2_interfaces__rosidl_typesupport_introspection_cExport-noconfig.cmake
[20.907s] -- Installing: /home/htrice/go2_ros2_curr/install/go2_interfaces/share/go2_interfaces/cmake/go2_interfaces__rosidl_typesupport_cExport.cmake
[20.908s] -- Installing: /home/htrice/go2_ros2_curr/install/go2_interfaces/share/go2_interfaces/cmake/go2_interfaces__rosidl_typesupport_cExport-noconfig.cmake
[20.908s] -- Installing: /home/htrice/go2_ros2_curr/install/go2_interfaces/share/go2_interfaces/cmake/go2_interfaces__rosidl_typesupport_introspection_cppExport.cmake
[20.908s] -- Installing: /home/htrice/go2_ros2_curr/install/go2_interfaces/share/go2_interfaces/cmake/go2_interfaces__rosidl_typesupport_introspection_cppExport-noconfig.cmake
[20.909s] -- Installing: /home/htrice/go2_ros2_curr/install/go2_interfaces/share/go2_interfaces/cmake/go2_interfaces__rosidl_typesupport_cppExport.cmake
[20.909s] -- Installing: /home/htrice/go2_ros2_curr/install/go2_interfaces/share/go2_interfaces/cmake/go2_interfaces__rosidl_typesupport_cppExport-noconfig.cmake
[20.909s] -- Installing: /home/htrice/go2_ros2_curr/install/go2_interfaces/share/go2_interfaces/cmake/export_go2_interfaces__rosidl_generator_pyExport.cmake
[20.910s] -- Installing: /home/htrice/go2_ros2_curr/install/go2_interfaces/share/go2_interfaces/cmake/export_go2_interfaces__rosidl_generator_pyExport-noconfig.cmake
[20.914s] Invoked command in '/home/htrice/go2_ros2_curr/build/go2_interfaces' returned '0': CMAKE_PREFIX_PATH=/opt/ros/humble /usr/bin/cmake --install /home/htrice/go2_ros2_curr/build/go2_interfaces
