[0.000000] (-) TimerEvent: {}
[0.000500] (coco_detector) JobQueued: {'identifier': 'coco_detector', 'dependencies': OrderedDict()}
[0.000551] (go2_interfaces) JobQueued: {'identifier': 'go2_interfaces', 'dependencies': OrderedDict()}
[0.000570] (lidar_processor) JobQueued: {'identifier': 'lidar_processor', 'dependencies': OrderedDict()}
[0.000585] (go2_robot_sdk) JobQueued: {'identifier': 'go2_robot_sdk', 'dependencies': OrderedDict([('go2_interfaces', '/home/htrice/go2_ros2_curr/install/go2_interfaces')])}
[0.000603] (speech_processor) JobQueued: {'identifier': 'speech_processor', 'dependencies': OrderedDict([('go2_interfaces', '/home/htrice/go2_ros2_curr/install/go2_interfaces')])}
[0.000621] (go2_interfaces) JobStarted: {'identifier': 'go2_interfaces'}
[0.007611] (coco_detector) JobStarted: {'identifier': 'coco_detector'}
[0.012661] (lidar_processor) JobStarted: {'identifier': 'lidar_processor'}
[0.016873] (go2_interfaces) JobProgress: {'identifier': 'go2_interfaces', 'progress': 'cmake'}
[0.017525] (go2_interfaces) Command: {'cmd': ['/usr/bin/cmake', '/home/htrice/go2_ros2_curr/src/go2_interfaces', '-DAMENT_CMAKE_SYMLINK_INSTALL=1', '-DCMAKE_INSTALL_PREFIX=/home/htrice/go2_ros2_curr/install/go2_interfaces'], 'cwd': '/home/htrice/go2_ros2_curr/build/go2_interfaces', 'env': OrderedDict([('GJS_DEBUG_TOPICS', 'JS ERROR;JS LOG'), ('LESSOPEN', '| /usr/bin/lesspipe %s'), ('USER', 'htrice'), ('FONTCONFIG_PATH', '/etc/fonts'), ('GIO_MODULE_DIR', '/home/htrice/snap/code/common/.cache/gio-modules'), ('XDG_SESSION_TYPE', 'x11'), ('GIT_ASKPASS', '/snap/code/205/usr/share/code/resources/app/extensions/git/dist/askpass.sh'), ('GTK_EXE_PREFIX_VSCODE_SNAP_ORIG', ''), ('GDK_BACKEND_VSCODE_SNAP_ORIG', ''), ('SHLVL', '1'), ('LD_LIBRARY_PATH', '/opt/ros/humble/opt/rviz_ogre_vendor/lib:/opt/ros/humble/lib/x86_64-linux-gnu:/opt/ros/humble/lib'), ('HOME', '/home/htrice'), ('CHROME_DESKTOP', 'code.desktop'), ('LOCPATH_VSCODE_SNAP_ORIG', ''), ('OLDPWD', '/home/htrice/go2_ros2_curr'), ('TERM_PROGRAM_VERSION', '1.103.2'), ('DESKTOP_SESSION', 'ubuntu'), ('GTK_PATH', '/snap/code/205/usr/lib/x86_64-linux-gnu/gtk-3.0'), ('XDG_DATA_HOME_VSCODE_SNAP_ORIG', ''), ('GTK_IM_MODULE_FILE', '/home/htrice/snap/code/common/.cache/immodules/immodules.cache'), ('GIO_LAUNCHED_DESKTOP_FILE', '/var/lib/snapd/desktop/applications/code_code.desktop'), ('ROS_PYTHON_VERSION', '3'), ('GNOME_SHELL_SESSION_MODE', 'ubuntu'), ('GTK_MODULES', 'gail:atk-bridge'), ('GSETTINGS_SCHEMA_DIR_VSCODE_SNAP_ORIG', ''), ('VSCODE_GIT_ASKPASS_MAIN', '/snap/code/205/usr/share/code/resources/app/extensions/git/dist/askpass-main.js'), ('VSCODE_GIT_ASKPASS_NODE', '/snap/code/205/usr/share/code/code'), ('MANAGERPID', '1849'), ('SYSTEMD_EXEC_PID', '2030'), ('DBUS_SESSION_BUS_ADDRESS', 'unix:path=/run/user/1007/bus'), ('COLORTERM', 'truecolor'), ('GIO_LAUNCHED_DESKTOP_FILE_PID', '4108'), ('IM_CONFIG_PHASE', '1'), ('ROS_DISTRO', 'humble'), ('GTK_IM_MODULE', 'ibus'), ('LOGNAME', 'htrice'), ('JOURNAL_STREAM', '8:21689'), ('_', '/usr/bin/colcon'), ('ROS_VERSION', '2'), ('XDG_CONFIG_DIRS_VSCODE_SNAP_ORIG', '/etc/xdg/xdg-ubuntu:/etc/xdg'), ('XDG_SESSION_CLASS', 'user'), ('XDG_DATA_DIRS_VSCODE_SNAP_ORIG', '/usr/share/ubuntu:/usr/share/gnome:/usr/local/share/:/usr/share/:/var/lib/snapd/desktop'), ('USERNAME', 'htrice'), ('TERM', 'xterm-256color'), ('GNOME_DESKTOP_SESSION_ID', 'this-is-deprecated'), ('ROS_LOCALHOST_ONLY', '0'), ('WINDOWPATH', '2'), ('PATH', '/home/htrice/.local/bin:/opt/ros/humble/bin:/usr/local/sbin:/usr/local/bin:/usr/sbin:/usr/bin:/sbin:/bin:/usr/games:/usr/local/games:/snap/bin:/snap/bin:/home/htrice/.config/Code/User/globalStorage/github.copilot-chat/debugCommand'), ('SESSION_MANAGER', 'local/ntthuan:@/tmp/.ICE-unix/2002,unix/ntthuan:/tmp/.ICE-unix/2002'), ('GTK_EXE_PREFIX', '/snap/code/205/usr'), ('INVOCATION_ID', '790d985d8c2545c5a9e7c9f88ff27c5a'), ('XDG_MENU_PREFIX', 'gnome-'), ('BAMF_DESKTOP_FILE_HINT', '/var/lib/snapd/desktop/applications/code_code.desktop'), ('XDG_RUNTIME_DIR', '/run/user/1007'), ('GDK_BACKEND', 'x11'), ('DISPLAY', ':1'), ('LOCPATH', '/snap/code/205/usr/lib/locale'), ('LANG', 'en_US.UTF-8'), ('XDG_CURRENT_DESKTOP', 'Unity'), ('GIO_MODULE_DIR_VSCODE_SNAP_ORIG', ''), ('XDG_DATA_HOME', '/home/htrice/snap/code/205/.local/share'), ('XMODIFIERS', '@im=ibus'), ('XDG_SESSION_DESKTOP', 'ubuntu'), ('XAUTHORITY', '/run/user/1007/gdm/Xauthority'), ('LS_COLORS', 'rs=0:di=01;34:ln=01;36:mh=00:pi=40;33:so=01;35:do=01;35:bd=40;33;01:cd=40;33;01:or=40;31;01:mi=00:su=37;41:sg=30;43:ca=30;41:tw=30;42:ow=34;42:st=37;44:ex=01;32:*.tar=01;31:*.tgz=01;31:*.arc=01;31:*.arj=01;31:*.taz=01;31:*.lha=01;31:*.lz4=01;31:*.lzh=01;31:*.lzma=01;31:*.tlz=01;31:*.txz=01;31:*.tzo=01;31:*.t7z=01;31:*.zip=01;31:*.z=01;31:*.dz=01;31:*.gz=01;31:*.lrz=01;31:*.lz=01;31:*.lzo=01;31:*.xz=01;31:*.zst=01;31:*.tzst=01;31:*.bz2=01;31:*.bz=01;31:*.tbz=01;31:*.tbz2=01;31:*.tz=01;31:*.deb=01;31:*.rpm=01;31:*.jar=01;31:*.war=01;31:*.ear=01;31:*.sar=01;31:*.rar=01;31:*.alz=01;31:*.ace=01;31:*.zoo=01;31:*.cpio=01;31:*.7z=01;31:*.rz=01;31:*.cab=01;31:*.wim=01;31:*.swm=01;31:*.dwm=01;31:*.esd=01;31:*.jpg=01;35:*.jpeg=01;35:*.mjpg=01;35:*.mjpeg=01;35:*.gif=01;35:*.bmp=01;35:*.pbm=01;35:*.pgm=01;35:*.ppm=01;35:*.tga=01;35:*.xbm=01;35:*.xpm=01;35:*.tif=01;35:*.tiff=01;35:*.png=01;35:*.svg=01;35:*.svgz=01;35:*.mng=01;35:*.pcx=01;35:*.mov=01;35:*.mpg=01;35:*.mpeg=01;35:*.m2v=01;35:*.mkv=01;35:*.webm=01;35:*.webp=01;35:*.ogm=01;35:*.mp4=01;35:*.m4v=01;35:*.mp4v=01;35:*.vob=01;35:*.qt=01;35:*.nuv=01;35:*.wmv=01;35:*.asf=01;35:*.rm=01;35:*.rmvb=01;35:*.flc=01;35:*.avi=01;35:*.fli=01;35:*.flv=01;35:*.gl=01;35:*.dl=01;35:*.xcf=01;35:*.xwd=01;35:*.yuv=01;35:*.cgm=01;35:*.emf=01;35:*.ogv=01;35:*.ogx=01;35:*.aac=00;36:*.au=00;36:*.flac=00;36:*.m4a=00;36:*.mid=00;36:*.midi=00;36:*.mka=00;36:*.mp3=00;36:*.mpc=00;36:*.ogg=00;36:*.ra=00;36:*.wav=00;36:*.oga=00;36:*.opus=00;36:*.spx=00;36:*.xspf=00;36:'), ('VSCODE_GIT_IPC_HANDLE', '/run/user/1007/vscode-git-62d08c1e57.sock'), ('TERM_PROGRAM', 'vscode'), ('SSH_AGENT_LAUNCHER', 'gnome-keyring'), ('SSH_AUTH_SOCK', '/run/user/1007/keyring/ssh'), ('GSETTINGS_SCHEMA_DIR', '/home/htrice/snap/code/205/.local/share/glib-2.0/schemas'), ('AMENT_PREFIX_PATH', '/opt/ros/humble'), ('ORIGINAL_XDG_CURRENT_DESKTOP', 'ubuntu:GNOME'), ('SHELL', '/bin/bash'), ('QT_ACCESSIBILITY', '1'), ('GDMSESSION', 'ubuntu'), ('LESSCLOSE', '/usr/bin/lesspipe %s %s'), ('GTK_PATH_VSCODE_SNAP_ORIG', ''), ('FONTCONFIG_FILE', '/etc/fonts/fonts.conf'), ('GTK_IM_MODULE_FILE_VSCODE_SNAP_ORIG', ''), ('GPG_AGENT_INFO', '/run/user/1007/gnupg/S.gpg-agent:0:1'), ('GJS_DEBUG_OUTPUT', 'stderr'), ('VSCODE_GIT_ASKPASS_EXTRA_ARGS', ''), ('GIT_PAGER', 'cat'), ('QT_IM_MODULE', 'ibus'), ('PWD', '/home/htrice/go2_ros2_curr/build/go2_interfaces'), ('XDG_CONFIG_DIRS', '/etc/xdg/xdg-ubuntu:/etc/xdg'), ('XDG_DATA_DIRS', '/home/htrice/snap/code/205/.local/share:/home/htrice/snap/code/205:/snap/code/205/usr/share:/usr/share/ubuntu:/usr/share/gnome:/usr/local/share/:/usr/share/:/var/lib/snapd/desktop'), ('PYTHONPATH', '/opt/ros/humble/lib/python3.10/site-packages:/opt/ros/humble/local/lib/python3.10/dist-packages'), ('COLCON', '1'), ('CMAKE_PREFIX_PATH', '/opt/ros/humble')]), 'shell': False}
[0.099866] (-) TimerEvent: {}
[0.200239] (-) TimerEvent: {}
[0.244918] (go2_interfaces) StdoutLine: {'line': b'-- The C compiler identification is GNU 11.4.0\n'}
[0.300377] (-) TimerEvent: {}
[0.345574] (go2_interfaces) StdoutLine: {'line': b'-- The CXX compiler identification is GNU 11.4.0\n'}
[0.360438] (go2_interfaces) StdoutLine: {'line': b'-- Detecting C compiler ABI info\n'}
[0.400484] (-) TimerEvent: {}
[0.467146] (go2_interfaces) StdoutLine: {'line': b'-- Detecting C compiler ABI info - done\n'}
[0.479928] (go2_interfaces) StdoutLine: {'line': b'-- Check for working C compiler: /usr/bin/cc - skipped\n'}
[0.480641] (go2_interfaces) StdoutLine: {'line': b'-- Detecting C compile features\n'}
[0.482500] (go2_interfaces) StdoutLine: {'line': b'-- Detecting C compile features - done\n'}
[0.488234] (go2_interfaces) StdoutLine: {'line': b'-- Detecting CXX compiler ABI info\n'}
[0.500557] (-) TimerEvent: {}
[0.600835] (-) TimerEvent: {}
[0.601070] (go2_interfaces) StdoutLine: {'line': b'-- Detecting CXX compiler ABI info - done\n'}
[0.614052] (go2_interfaces) StdoutLine: {'line': b'-- Check for working CXX compiler: /usr/bin/c++ - skipped\n'}
[0.614478] (go2_interfaces) StdoutLine: {'line': b'-- Detecting CXX compile features\n'}
[0.615232] (go2_interfaces) StdoutLine: {'line': b'-- Detecting CXX compile features - done\n'}
[0.621944] (go2_interfaces) StdoutLine: {'line': b'-- Found ament_cmake: 1.3.11 (/opt/ros/humble/share/ament_cmake/cmake)\n'}
[0.700945] (-) TimerEvent: {}
[0.801271] (-) TimerEvent: {}
[0.803714] (go2_interfaces) StdoutLine: {'line': b'-- Found Python3: /usr/bin/python3 (found version "3.10.12") found components: Interpreter \n'}
[0.808380] (lidar_processor) Command: {'cmd': ['/usr/bin/python3', '-W', 'ignore:setup.py install is deprecated', '-W', 'ignore:easy_install command is deprecated', 'setup.py', 'develop', '--editable', '--build-directory', '/home/htrice/go2_ros2_curr/build/lidar_processor/build', '--no-deps', 'symlink_data'], 'cwd': '/home/htrice/go2_ros2_curr/build/lidar_processor', 'env': {'GJS_DEBUG_TOPICS': 'JS ERROR;JS LOG', 'LESSOPEN': '| /usr/bin/lesspipe %s', 'USER': 'htrice', 'FONTCONFIG_PATH': '/etc/fonts', 'GIO_MODULE_DIR': '/home/htrice/snap/code/common/.cache/gio-modules', 'XDG_SESSION_TYPE': 'x11', 'GIT_ASKPASS': '/snap/code/205/usr/share/code/resources/app/extensions/git/dist/askpass.sh', 'GTK_EXE_PREFIX_VSCODE_SNAP_ORIG': '', 'GDK_BACKEND_VSCODE_SNAP_ORIG': '', 'SHLVL': '1', 'LD_LIBRARY_PATH': '/opt/ros/humble/opt/rviz_ogre_vendor/lib:/opt/ros/humble/lib/x86_64-linux-gnu:/opt/ros/humble/lib', 'HOME': '/home/htrice', 'CHROME_DESKTOP': 'code.desktop', 'LOCPATH_VSCODE_SNAP_ORIG': '', 'OLDPWD': '/home/htrice/go2_ros2_curr', 'TERM_PROGRAM_VERSION': '1.103.2', 'DESKTOP_SESSION': 'ubuntu', 'GTK_PATH': '/snap/code/205/usr/lib/x86_64-linux-gnu/gtk-3.0', 'XDG_DATA_HOME_VSCODE_SNAP_ORIG': '', 'GTK_IM_MODULE_FILE': '/home/htrice/snap/code/common/.cache/immodules/immodules.cache', 'GIO_LAUNCHED_DESKTOP_FILE': '/var/lib/snapd/desktop/applications/code_code.desktop', 'ROS_PYTHON_VERSION': '3', 'GNOME_SHELL_SESSION_MODE': 'ubuntu', 'GTK_MODULES': 'gail:atk-bridge', 'GSETTINGS_SCHEMA_DIR_VSCODE_SNAP_ORIG': '', 'VSCODE_GIT_ASKPASS_MAIN': '/snap/code/205/usr/share/code/resources/app/extensions/git/dist/askpass-main.js', 'VSCODE_GIT_ASKPASS_NODE': '/snap/code/205/usr/share/code/code', 'MANAGERPID': '1849', 'SYSTEMD_EXEC_PID': '2030', 'DBUS_SESSION_BUS_ADDRESS': 'unix:path=/run/user/1007/bus', 'COLORTERM': 'truecolor', 'GIO_LAUNCHED_DESKTOP_FILE_PID': '4108', 'IM_CONFIG_PHASE': '1', 'ROS_DISTRO': 'humble', 'GTK_IM_MODULE': 'ibus', 'LOGNAME': 'htrice', 'JOURNAL_STREAM': '8:21689', '_': '/usr/bin/colcon', 'ROS_VERSION': '2', 'XDG_CONFIG_DIRS_VSCODE_SNAP_ORIG': '/etc/xdg/xdg-ubuntu:/etc/xdg', 'XDG_SESSION_CLASS': 'user', 'XDG_DATA_DIRS_VSCODE_SNAP_ORIG': '/usr/share/ubuntu:/usr/share/gnome:/usr/local/share/:/usr/share/:/var/lib/snapd/desktop', 'USERNAME': 'htrice', 'TERM': 'xterm-256color', 'GNOME_DESKTOP_SESSION_ID': 'this-is-deprecated', 'ROS_LOCALHOST_ONLY': '0', 'WINDOWPATH': '2', 'PATH': '/home/htrice/.local/bin:/opt/ros/humble/bin:/usr/local/sbin:/usr/local/bin:/usr/sbin:/usr/bin:/sbin:/bin:/usr/games:/usr/local/games:/snap/bin:/snap/bin:/home/htrice/.config/Code/User/globalStorage/github.copilot-chat/debugCommand', 'SESSION_MANAGER': 'local/ntthuan:@/tmp/.ICE-unix/2002,unix/ntthuan:/tmp/.ICE-unix/2002', 'GTK_EXE_PREFIX': '/snap/code/205/usr', 'INVOCATION_ID': '790d985d8c2545c5a9e7c9f88ff27c5a', 'XDG_MENU_PREFIX': 'gnome-', 'BAMF_DESKTOP_FILE_HINT': '/var/lib/snapd/desktop/applications/code_code.desktop', 'XDG_RUNTIME_DIR': '/run/user/1007', 'GDK_BACKEND': 'x11', 'DISPLAY': ':1', 'LOCPATH': '/snap/code/205/usr/lib/locale', 'LANG': 'en_US.UTF-8', 'XDG_CURRENT_DESKTOP': 'Unity', 'GIO_MODULE_DIR_VSCODE_SNAP_ORIG': '', 'XDG_DATA_HOME': '/home/htrice/snap/code/205/.local/share', 'XMODIFIERS': '@im=ibus', 'XDG_SESSION_DESKTOP': 'ubuntu', 'XAUTHORITY': '/run/user/1007/gdm/Xauthority', 'LS_COLORS': 'rs=0:di=01;34:ln=01;36:mh=00:pi=40;33:so=01;35:do=01;35:bd=40;33;01:cd=40;33;01:or=40;31;01:mi=00:su=37;41:sg=30;43:ca=30;41:tw=30;42:ow=34;42:st=37;44:ex=01;32:*.tar=01;31:*.tgz=01;31:*.arc=01;31:*.arj=01;31:*.taz=01;31:*.lha=01;31:*.lz4=01;31:*.lzh=01;31:*.lzma=01;31:*.tlz=01;31:*.txz=01;31:*.tzo=01;31:*.t7z=01;31:*.zip=01;31:*.z=01;31:*.dz=01;31:*.gz=01;31:*.lrz=01;31:*.lz=01;31:*.lzo=01;31:*.xz=01;31:*.zst=01;31:*.tzst=01;31:*.bz2=01;31:*.bz=01;31:*.tbz=01;31:*.tbz2=01;31:*.tz=01;31:*.deb=01;31:*.rpm=01;31:*.jar=01;31:*.war=01;31:*.ear=01;31:*.sar=01;31:*.rar=01;31:*.alz=01;31:*.ace=01;31:*.zoo=01;31:*.cpio=01;31:*.7z=01;31:*.rz=01;31:*.cab=01;31:*.wim=01;31:*.swm=01;31:*.dwm=01;31:*.esd=01;31:*.jpg=01;35:*.jpeg=01;35:*.mjpg=01;35:*.mjpeg=01;35:*.gif=01;35:*.bmp=01;35:*.pbm=01;35:*.pgm=01;35:*.ppm=01;35:*.tga=01;35:*.xbm=01;35:*.xpm=01;35:*.tif=01;35:*.tiff=01;35:*.png=01;35:*.svg=01;35:*.svgz=01;35:*.mng=01;35:*.pcx=01;35:*.mov=01;35:*.mpg=01;35:*.mpeg=01;35:*.m2v=01;35:*.mkv=01;35:*.webm=01;35:*.webp=01;35:*.ogm=01;35:*.mp4=01;35:*.m4v=01;35:*.mp4v=01;35:*.vob=01;35:*.qt=01;35:*.nuv=01;35:*.wmv=01;35:*.asf=01;35:*.rm=01;35:*.rmvb=01;35:*.flc=01;35:*.avi=01;35:*.fli=01;35:*.flv=01;35:*.gl=01;35:*.dl=01;35:*.xcf=01;35:*.xwd=01;35:*.yuv=01;35:*.cgm=01;35:*.emf=01;35:*.ogv=01;35:*.ogx=01;35:*.aac=00;36:*.au=00;36:*.flac=00;36:*.m4a=00;36:*.mid=00;36:*.midi=00;36:*.mka=00;36:*.mp3=00;36:*.mpc=00;36:*.ogg=00;36:*.ra=00;36:*.wav=00;36:*.oga=00;36:*.opus=00;36:*.spx=00;36:*.xspf=00;36:', 'VSCODE_GIT_IPC_HANDLE': '/run/user/1007/vscode-git-62d08c1e57.sock', 'TERM_PROGRAM': 'vscode', 'SSH_AGENT_LAUNCHER': 'gnome-keyring', 'SSH_AUTH_SOCK': '/run/user/1007/keyring/ssh', 'GSETTINGS_SCHEMA_DIR': '/home/htrice/snap/code/205/.local/share/glib-2.0/schemas', 'AMENT_PREFIX_PATH': '/opt/ros/humble', 'ORIGINAL_XDG_CURRENT_DESKTOP': 'ubuntu:GNOME', 'SHELL': '/bin/bash', 'QT_ACCESSIBILITY': '1', 'GDMSESSION': 'ubuntu', 'LESSCLOSE': '/usr/bin/lesspipe %s %s', 'GTK_PATH_VSCODE_SNAP_ORIG': '', 'FONTCONFIG_FILE': '/etc/fonts/fonts.conf', 'GTK_IM_MODULE_FILE_VSCODE_SNAP_ORIG': '', 'GPG_AGENT_INFO': '/run/user/1007/gnupg/S.gpg-agent:0:1', 'GJS_DEBUG_OUTPUT': 'stderr', 'VSCODE_GIT_ASKPASS_EXTRA_ARGS': '', 'GIT_PAGER': 'cat', 'QT_IM_MODULE': 'ibus', 'PWD': '/home/htrice/go2_ros2_curr/build/lidar_processor', 'XDG_CONFIG_DIRS': '/etc/xdg/xdg-ubuntu:/etc/xdg', 'XDG_DATA_DIRS': '/home/htrice/snap/code/205/.local/share:/home/htrice/snap/code/205:/snap/code/205/usr/share:/usr/share/ubuntu:/usr/share/gnome:/usr/local/share/:/usr/share/:/var/lib/snapd/desktop', 'PYTHONPATH': '/home/htrice/go2_ros2_curr/build/lidar_processor/prefix_override:/usr/lib/python3/dist-packages/colcon_core/task/python/colcon_distutils_commands:/home/htrice/go2_ros2_curr/install/lidar_processor/lib/python3.10/site-packages:/opt/ros/humble/lib/python3.10/site-packages:/opt/ros/humble/local/lib/python3.10/dist-packages', 'COLCON': '1'}, 'shell': False}
[0.812189] (coco_detector) Command: {'cmd': ['/usr/bin/python3', '-W', 'ignore:setup.py install is deprecated', '-W', 'ignore:easy_install command is deprecated', 'setup.py', 'develop', '--editable', '--build-directory', '/home/htrice/go2_ros2_curr/build/coco_detector/build', '--no-deps', 'symlink_data'], 'cwd': '/home/htrice/go2_ros2_curr/build/coco_detector', 'env': {'GJS_DEBUG_TOPICS': 'JS ERROR;JS LOG', 'LESSOPEN': '| /usr/bin/lesspipe %s', 'USER': 'htrice', 'FONTCONFIG_PATH': '/etc/fonts', 'GIO_MODULE_DIR': '/home/htrice/snap/code/common/.cache/gio-modules', 'XDG_SESSION_TYPE': 'x11', 'GIT_ASKPASS': '/snap/code/205/usr/share/code/resources/app/extensions/git/dist/askpass.sh', 'GTK_EXE_PREFIX_VSCODE_SNAP_ORIG': '', 'GDK_BACKEND_VSCODE_SNAP_ORIG': '', 'SHLVL': '1', 'LD_LIBRARY_PATH': '/opt/ros/humble/opt/rviz_ogre_vendor/lib:/opt/ros/humble/lib/x86_64-linux-gnu:/opt/ros/humble/lib', 'HOME': '/home/htrice', 'CHROME_DESKTOP': 'code.desktop', 'LOCPATH_VSCODE_SNAP_ORIG': '', 'OLDPWD': '/home/htrice/go2_ros2_curr', 'TERM_PROGRAM_VERSION': '1.103.2', 'DESKTOP_SESSION': 'ubuntu', 'GTK_PATH': '/snap/code/205/usr/lib/x86_64-linux-gnu/gtk-3.0', 'XDG_DATA_HOME_VSCODE_SNAP_ORIG': '', 'GTK_IM_MODULE_FILE': '/home/htrice/snap/code/common/.cache/immodules/immodules.cache', 'GIO_LAUNCHED_DESKTOP_FILE': '/var/lib/snapd/desktop/applications/code_code.desktop', 'ROS_PYTHON_VERSION': '3', 'GNOME_SHELL_SESSION_MODE': 'ubuntu', 'GTK_MODULES': 'gail:atk-bridge', 'GSETTINGS_SCHEMA_DIR_VSCODE_SNAP_ORIG': '', 'VSCODE_GIT_ASKPASS_MAIN': '/snap/code/205/usr/share/code/resources/app/extensions/git/dist/askpass-main.js', 'VSCODE_GIT_ASKPASS_NODE': '/snap/code/205/usr/share/code/code', 'MANAGERPID': '1849', 'SYSTEMD_EXEC_PID': '2030', 'DBUS_SESSION_BUS_ADDRESS': 'unix:path=/run/user/1007/bus', 'COLORTERM': 'truecolor', 'GIO_LAUNCHED_DESKTOP_FILE_PID': '4108', 'IM_CONFIG_PHASE': '1', 'ROS_DISTRO': 'humble', 'GTK_IM_MODULE': 'ibus', 'LOGNAME': 'htrice', 'JOURNAL_STREAM': '8:21689', '_': '/usr/bin/colcon', 'ROS_VERSION': '2', 'XDG_CONFIG_DIRS_VSCODE_SNAP_ORIG': '/etc/xdg/xdg-ubuntu:/etc/xdg', 'XDG_SESSION_CLASS': 'user', 'XDG_DATA_DIRS_VSCODE_SNAP_ORIG': '/usr/share/ubuntu:/usr/share/gnome:/usr/local/share/:/usr/share/:/var/lib/snapd/desktop', 'USERNAME': 'htrice', 'TERM': 'xterm-256color', 'GNOME_DESKTOP_SESSION_ID': 'this-is-deprecated', 'ROS_LOCALHOST_ONLY': '0', 'WINDOWPATH': '2', 'PATH': '/home/htrice/.local/bin:/opt/ros/humble/bin:/usr/local/sbin:/usr/local/bin:/usr/sbin:/usr/bin:/sbin:/bin:/usr/games:/usr/local/games:/snap/bin:/snap/bin:/home/htrice/.config/Code/User/globalStorage/github.copilot-chat/debugCommand', 'SESSION_MANAGER': 'local/ntthuan:@/tmp/.ICE-unix/2002,unix/ntthuan:/tmp/.ICE-unix/2002', 'GTK_EXE_PREFIX': '/snap/code/205/usr', 'INVOCATION_ID': '790d985d8c2545c5a9e7c9f88ff27c5a', 'XDG_MENU_PREFIX': 'gnome-', 'BAMF_DESKTOP_FILE_HINT': '/var/lib/snapd/desktop/applications/code_code.desktop', 'XDG_RUNTIME_DIR': '/run/user/1007', 'GDK_BACKEND': 'x11', 'DISPLAY': ':1', 'LOCPATH': '/snap/code/205/usr/lib/locale', 'LANG': 'en_US.UTF-8', 'XDG_CURRENT_DESKTOP': 'Unity', 'GIO_MODULE_DIR_VSCODE_SNAP_ORIG': '', 'XDG_DATA_HOME': '/home/htrice/snap/code/205/.local/share', 'XMODIFIERS': '@im=ibus', 'XDG_SESSION_DESKTOP': 'ubuntu', 'XAUTHORITY': '/run/user/1007/gdm/Xauthority', 'LS_COLORS': 'rs=0:di=01;34:ln=01;36:mh=00:pi=40;33:so=01;35:do=01;35:bd=40;33;01:cd=40;33;01:or=40;31;01:mi=00:su=37;41:sg=30;43:ca=30;41:tw=30;42:ow=34;42:st=37;44:ex=01;32:*.tar=01;31:*.tgz=01;31:*.arc=01;31:*.arj=01;31:*.taz=01;31:*.lha=01;31:*.lz4=01;31:*.lzh=01;31:*.lzma=01;31:*.tlz=01;31:*.txz=01;31:*.tzo=01;31:*.t7z=01;31:*.zip=01;31:*.z=01;31:*.dz=01;31:*.gz=01;31:*.lrz=01;31:*.lz=01;31:*.lzo=01;31:*.xz=01;31:*.zst=01;31:*.tzst=01;31:*.bz2=01;31:*.bz=01;31:*.tbz=01;31:*.tbz2=01;31:*.tz=01;31:*.deb=01;31:*.rpm=01;31:*.jar=01;31:*.war=01;31:*.ear=01;31:*.sar=01;31:*.rar=01;31:*.alz=01;31:*.ace=01;31:*.zoo=01;31:*.cpio=01;31:*.7z=01;31:*.rz=01;31:*.cab=01;31:*.wim=01;31:*.swm=01;31:*.dwm=01;31:*.esd=01;31:*.jpg=01;35:*.jpeg=01;35:*.mjpg=01;35:*.mjpeg=01;35:*.gif=01;35:*.bmp=01;35:*.pbm=01;35:*.pgm=01;35:*.ppm=01;35:*.tga=01;35:*.xbm=01;35:*.xpm=01;35:*.tif=01;35:*.tiff=01;35:*.png=01;35:*.svg=01;35:*.svgz=01;35:*.mng=01;35:*.pcx=01;35:*.mov=01;35:*.mpg=01;35:*.mpeg=01;35:*.m2v=01;35:*.mkv=01;35:*.webm=01;35:*.webp=01;35:*.ogm=01;35:*.mp4=01;35:*.m4v=01;35:*.mp4v=01;35:*.vob=01;35:*.qt=01;35:*.nuv=01;35:*.wmv=01;35:*.asf=01;35:*.rm=01;35:*.rmvb=01;35:*.flc=01;35:*.avi=01;35:*.fli=01;35:*.flv=01;35:*.gl=01;35:*.dl=01;35:*.xcf=01;35:*.xwd=01;35:*.yuv=01;35:*.cgm=01;35:*.emf=01;35:*.ogv=01;35:*.ogx=01;35:*.aac=00;36:*.au=00;36:*.flac=00;36:*.m4a=00;36:*.mid=00;36:*.midi=00;36:*.mka=00;36:*.mp3=00;36:*.mpc=00;36:*.ogg=00;36:*.ra=00;36:*.wav=00;36:*.oga=00;36:*.opus=00;36:*.spx=00;36:*.xspf=00;36:', 'VSCODE_GIT_IPC_HANDLE': '/run/user/1007/vscode-git-62d08c1e57.sock', 'TERM_PROGRAM': 'vscode', 'SSH_AGENT_LAUNCHER': 'gnome-keyring', 'SSH_AUTH_SOCK': '/run/user/1007/keyring/ssh', 'GSETTINGS_SCHEMA_DIR': '/home/htrice/snap/code/205/.local/share/glib-2.0/schemas', 'AMENT_PREFIX_PATH': '/opt/ros/humble', 'ORIGINAL_XDG_CURRENT_DESKTOP': 'ubuntu:GNOME', 'SHELL': '/bin/bash', 'QT_ACCESSIBILITY': '1', 'GDMSESSION': 'ubuntu', 'LESSCLOSE': '/usr/bin/lesspipe %s %s', 'GTK_PATH_VSCODE_SNAP_ORIG': '', 'FONTCONFIG_FILE': '/etc/fonts/fonts.conf', 'GTK_IM_MODULE_FILE_VSCODE_SNAP_ORIG': '', 'GPG_AGENT_INFO': '/run/user/1007/gnupg/S.gpg-agent:0:1', 'GJS_DEBUG_OUTPUT': 'stderr', 'VSCODE_GIT_ASKPASS_EXTRA_ARGS': '', 'GIT_PAGER': 'cat', 'QT_IM_MODULE': 'ibus', 'PWD': '/home/htrice/go2_ros2_curr/build/coco_detector', 'XDG_CONFIG_DIRS': '/etc/xdg/xdg-ubuntu:/etc/xdg', 'XDG_DATA_DIRS': '/home/htrice/snap/code/205/.local/share:/home/htrice/snap/code/205:/snap/code/205/usr/share:/usr/share/ubuntu:/usr/share/gnome:/usr/local/share/:/usr/share/:/var/lib/snapd/desktop', 'PYTHONPATH': '/home/htrice/go2_ros2_curr/build/coco_detector/prefix_override:/usr/lib/python3/dist-packages/colcon_core/task/python/colcon_distutils_commands:/home/htrice/go2_ros2_curr/install/coco_detector/lib/python3.10/site-packages:/opt/ros/humble/lib/python3.10/site-packages:/opt/ros/humble/local/lib/python3.10/dist-packages', 'COLCON': '1'}, 'shell': False}
[0.866731] (go2_interfaces) StdoutLine: {'line': b'-- Override CMake install command with custom implementation using symlinks instead of copying resources\n'}
[0.901362] (-) TimerEvent: {}
[0.925994] (go2_interfaces) StdoutLine: {'line': b'-- Found geometry_msgs: 4.8.0 (/opt/ros/humble/share/geometry_msgs/cmake)\n'}
[1.001463] (-) TimerEvent: {}
[1.001734] (go2_interfaces) StdoutLine: {'line': b'-- Found rosidl_generator_c: 3.1.6 (/opt/ros/humble/share/rosidl_generator_c/cmake)\n'}
[1.009185] (go2_interfaces) StdoutLine: {'line': b'-- Found rosidl_adapter: 3.1.6 (/opt/ros/humble/share/rosidl_adapter/cmake)\n'}
[1.023473] (go2_interfaces) StdoutLine: {'line': b'-- Found rosidl_generator_cpp: 3.1.6 (/opt/ros/humble/share/rosidl_generator_cpp/cmake)\n'}
[1.042484] (go2_interfaces) StdoutLine: {'line': b'-- Using all available rosidl_typesupport_c: rosidl_typesupport_fastrtps_c;rosidl_typesupport_introspection_c\n'}
[1.059278] (coco_detector) StdoutLine: {'line': b'running develop\n'}
[1.059635] (lidar_processor) StdoutLine: {'line': b'running develop\n'}
[1.072058] (go2_interfaces) StdoutLine: {'line': b'-- Using all available rosidl_typesupport_cpp: rosidl_typesupport_fastrtps_cpp;rosidl_typesupport_introspection_cpp\n'}
[1.101546] (-) TimerEvent: {}
[1.118919] (go2_interfaces) StdoutLine: {'line': b'-- Found rosidl_default_generators: 1.2.0 (/opt/ros/humble/share/rosidl_default_generators/cmake)\n'}
[1.201654] (-) TimerEvent: {}
[1.233099] (coco_detector) StdoutLine: {'line': b'running egg_info\n'}
[1.233299] (coco_detector) StdoutLine: {'line': b'creating coco_detector.egg-info\n'}
[1.233414] (coco_detector) StdoutLine: {'line': b'writing coco_detector.egg-info/PKG-INFO\n'}
[1.233574] (coco_detector) StdoutLine: {'line': b'writing dependency_links to coco_detector.egg-info/dependency_links.txt\n'}
[1.233692] (coco_detector) StdoutLine: {'line': b'writing entry points to coco_detector.egg-info/entry_points.txt\n'}
[1.233812] (coco_detector) StdoutLine: {'line': b'writing requirements to coco_detector.egg-info/requires.txt\n'}
[1.233901] (coco_detector) StdoutLine: {'line': b'writing top-level names to coco_detector.egg-info/top_level.txt\n'}
[1.234014] (coco_detector) StdoutLine: {'line': b"writing manifest file 'coco_detector.egg-info/SOURCES.txt'\n"}
[1.235242] (coco_detector) StdoutLine: {'line': b"reading manifest file 'coco_detector.egg-info/SOURCES.txt'\n"}
[1.235715] (coco_detector) StdoutLine: {'line': b"writing manifest file 'coco_detector.egg-info/SOURCES.txt'\n"}
[1.236712] (coco_detector) StdoutLine: {'line': b'running build_ext\n'}
[1.236874] (coco_detector) StdoutLine: {'line': b'Creating /home/htrice/go2_ros2_curr/install/coco_detector/lib/python3.10/site-packages/coco-detector.egg-link (link to .)\n'}
[1.237527] (coco_detector) StdoutLine: {'line': b'Installing coco_detector_node script to /home/htrice/go2_ros2_curr/install/coco_detector/lib/coco_detector\n'}
[1.237748] (coco_detector) StdoutLine: {'line': b'\n'}
[1.237845] (coco_detector) StdoutLine: {'line': b'Installed /home/htrice/go2_ros2_curr/build/coco_detector\n'}
[1.237960] (coco_detector) StdoutLine: {'line': b'running symlink_data\n'}
[1.238080] (coco_detector) StdoutLine: {'line': b'creating /home/htrice/go2_ros2_curr/install/coco_detector/share/ament_index\n'}
[1.238173] (coco_detector) StdoutLine: {'line': b'creating /home/htrice/go2_ros2_curr/install/coco_detector/share/ament_index/resource_index\n'}
[1.238329] (coco_detector) StdoutLine: {'line': b'creating /home/htrice/go2_ros2_curr/install/coco_detector/share/ament_index/resource_index/packages\n'}
[1.238433] (coco_detector) StdoutLine: {'line': b'symbolically linking /home/htrice/go2_ros2_curr/build/coco_detector/resource/coco_detector -> /home/htrice/go2_ros2_curr/install/coco_detector/share/ament_index/resource_index/packages\n'}
[1.238538] (coco_detector) StdoutLine: {'line': b'symbolically linking /home/htrice/go2_ros2_curr/build/coco_detector/package.xml -> /home/htrice/go2_ros2_curr/install/coco_detector/share/coco_detector\n'}
[1.238739] (lidar_processor) StdoutLine: {'line': b'running egg_info\n'}
[1.238942] (lidar_processor) StdoutLine: {'line': b'creating lidar_processor.egg-info\n'}
[1.239092] (lidar_processor) StdoutLine: {'line': b'writing lidar_processor.egg-info/PKG-INFO\n'}
[1.239253] (lidar_processor) StdoutLine: {'line': b'writing dependency_links to lidar_processor.egg-info/dependency_links.txt\n'}
[1.239409] (lidar_processor) StdoutLine: {'line': b'writing entry points to lidar_processor.egg-info/entry_points.txt\n'}
[1.239537] (lidar_processor) StdoutLine: {'line': b'writing requirements to lidar_processor.egg-info/requires.txt\n'}
[1.239640] (lidar_processor) StdoutLine: {'line': b'writing top-level names to lidar_processor.egg-info/top_level.txt\n'}
[1.239764] (lidar_processor) StdoutLine: {'line': b"writing manifest file 'lidar_processor.egg-info/SOURCES.txt'\n"}
[1.241882] (lidar_processor) StdoutLine: {'line': b"reading manifest file 'lidar_processor.egg-info/SOURCES.txt'\n"}
[1.242414] (lidar_processor) StdoutLine: {'line': b"writing manifest file 'lidar_processor.egg-info/SOURCES.txt'\n"}
[1.243589] (lidar_processor) StdoutLine: {'line': b'running build_ext\n'}
[1.243746] (lidar_processor) StdoutLine: {'line': b'Creating /home/htrice/go2_ros2_curr/install/lidar_processor/lib/python3.10/site-packages/lidar-processor.egg-link (link to .)\n'}
[1.244598] (lidar_processor) StdoutLine: {'line': b'Installing lidar_to_pointcloud script to /home/htrice/go2_ros2_curr/install/lidar_processor/lib/lidar_processor\n'}
[1.244785] (lidar_processor) StdoutLine: {'line': b'Installing pointcloud_aggregator script to /home/htrice/go2_ros2_curr/install/lidar_processor/lib/lidar_processor\n'}
[1.244947] (lidar_processor) StdoutLine: {'line': b'\n'}
[1.245015] (lidar_processor) StdoutLine: {'line': b'Installed /home/htrice/go2_ros2_curr/build/lidar_processor\n'}
[1.245120] (lidar_processor) StdoutLine: {'line': b'running symlink_data\n'}
[1.245218] (lidar_processor) StdoutLine: {'line': b'creating /home/htrice/go2_ros2_curr/install/lidar_processor/share/ament_index\n'}
[1.245317] (lidar_processor) StdoutLine: {'line': b'creating /home/htrice/go2_ros2_curr/install/lidar_processor/share/ament_index/resource_index\n'}
[1.245385] (lidar_processor) StdoutLine: {'line': b'creating /home/htrice/go2_ros2_curr/install/lidar_processor/share/ament_index/resource_index/packages\n'}
[1.245491] (lidar_processor) StdoutLine: {'line': b'symbolically linking /home/htrice/go2_ros2_curr/build/lidar_processor/resource/lidar_processor -> /home/htrice/go2_ros2_curr/install/lidar_processor/share/ament_index/resource_index/packages\n'}
[1.245558] (lidar_processor) StdoutLine: {'line': b'symbolically linking /home/htrice/go2_ros2_curr/build/lidar_processor/package.xml -> /home/htrice/go2_ros2_curr/install/lidar_processor/share/lidar_processor\n'}
[1.271826] (coco_detector) CommandEnded: {'returncode': 0}
[1.288686] (coco_detector) JobEnded: {'identifier': 'coco_detector', 'rc': 0}
[1.289444] (lidar_processor) CommandEnded: {'returncode': 0}
[1.297191] (lidar_processor) JobEnded: {'identifier': 'lidar_processor', 'rc': 0}
[1.301716] (-) TimerEvent: {}
[1.401906] (-) TimerEvent: {}
[1.502232] (-) TimerEvent: {}
[1.564788] (go2_interfaces) StdoutLine: {'line': b'-- Found ament_cmake_ros: 0.10.0 (/opt/ros/humble/share/ament_cmake_ros/cmake)\n'}
[1.602302] (-) TimerEvent: {}
[1.702542] (-) TimerEvent: {}
[1.802819] (-) TimerEvent: {}
[1.903101] (-) TimerEvent: {}
[2.003371] (-) TimerEvent: {}
[2.103674] (-) TimerEvent: {}
[2.117612] (go2_interfaces) StdoutLine: {'line': b'-- Using all available rosidl_typesupport_c: rosidl_typesupport_fastrtps_c;rosidl_typesupport_introspection_c\n'}
[2.203771] (-) TimerEvent: {}
[2.304085] (-) TimerEvent: {}
[2.327200] (go2_interfaces) StdoutLine: {'line': b'-- Using all available rosidl_typesupport_cpp: rosidl_typesupport_fastrtps_cpp;rosidl_typesupport_introspection_cpp\n'}
[2.352196] (go2_interfaces) StdoutLine: {'line': b'-- Found PythonInterp: /usr/bin/python3 (found suitable version "3.10.12", minimum required is "3.6") \n'}
[2.355522] (go2_interfaces) StdoutLine: {'line': b'-- Found python_cmake_module: 0.10.0 (/opt/ros/humble/share/python_cmake_module/cmake)\n'}
[2.393909] (go2_interfaces) StdoutLine: {'line': b'-- Found PythonLibs: /usr/lib/x86_64-linux-gnu/libpython3.10.so (found suitable version "3.10.12", minimum required is "3.5") \n'}
[2.394154] (go2_interfaces) StdoutLine: {'line': b'-- Using PYTHON_EXECUTABLE: /usr/bin/python3\n'}
[2.394256] (go2_interfaces) StdoutLine: {'line': b'-- Using PYTHON_INCLUDE_DIRS: /usr/include/python3.10\n'}
[2.394346] (go2_interfaces) StdoutLine: {'line': b'-- Using PYTHON_LIBRARIES: /usr/lib/x86_64-linux-gnu/libpython3.10.so\n'}
[2.404175] (-) TimerEvent: {}
[2.414751] (go2_interfaces) StdoutLine: {'line': b'-- Found PythonExtra: .so  \n'}
[2.504293] (-) TimerEvent: {}
[2.534085] (go2_interfaces) StdoutLine: {'line': b'-- Configuring done\n'}
[2.604402] (-) TimerEvent: {}
[2.622466] (go2_interfaces) StdoutLine: {'line': b'-- Generating done\n'}
[2.635803] (go2_interfaces) StdoutLine: {'line': b'-- Build files have been written to: /home/htrice/go2_ros2_curr/build/go2_interfaces\n'}
[2.644049] (go2_interfaces) CommandEnded: {'returncode': 0}
[2.644971] (go2_interfaces) JobProgress: {'identifier': 'go2_interfaces', 'progress': 'build'}
[2.646845] (go2_interfaces) Command: {'cmd': ['/usr/bin/cmake', '--build', '/home/htrice/go2_ros2_curr/build/go2_interfaces', '--', '-j16', '-l16'], 'cwd': '/home/htrice/go2_ros2_curr/build/go2_interfaces', 'env': OrderedDict([('GJS_DEBUG_TOPICS', 'JS ERROR;JS LOG'), ('LESSOPEN', '| /usr/bin/lesspipe %s'), ('USER', 'htrice'), ('FONTCONFIG_PATH', '/etc/fonts'), ('GIO_MODULE_DIR', '/home/htrice/snap/code/common/.cache/gio-modules'), ('XDG_SESSION_TYPE', 'x11'), ('GIT_ASKPASS', '/snap/code/205/usr/share/code/resources/app/extensions/git/dist/askpass.sh'), ('GTK_EXE_PREFIX_VSCODE_SNAP_ORIG', ''), ('GDK_BACKEND_VSCODE_SNAP_ORIG', ''), ('SHLVL', '1'), ('LD_LIBRARY_PATH', '/opt/ros/humble/opt/rviz_ogre_vendor/lib:/opt/ros/humble/lib/x86_64-linux-gnu:/opt/ros/humble/lib'), ('HOME', '/home/htrice'), ('CHROME_DESKTOP', 'code.desktop'), ('LOCPATH_VSCODE_SNAP_ORIG', ''), ('OLDPWD', '/home/htrice/go2_ros2_curr'), ('TERM_PROGRAM_VERSION', '1.103.2'), ('DESKTOP_SESSION', 'ubuntu'), ('GTK_PATH', '/snap/code/205/usr/lib/x86_64-linux-gnu/gtk-3.0'), ('XDG_DATA_HOME_VSCODE_SNAP_ORIG', ''), ('GTK_IM_MODULE_FILE', '/home/htrice/snap/code/common/.cache/immodules/immodules.cache'), ('GIO_LAUNCHED_DESKTOP_FILE', '/var/lib/snapd/desktop/applications/code_code.desktop'), ('ROS_PYTHON_VERSION', '3'), ('GNOME_SHELL_SESSION_MODE', 'ubuntu'), ('GTK_MODULES', 'gail:atk-bridge'), ('GSETTINGS_SCHEMA_DIR_VSCODE_SNAP_ORIG', ''), ('VSCODE_GIT_ASKPASS_MAIN', '/snap/code/205/usr/share/code/resources/app/extensions/git/dist/askpass-main.js'), ('VSCODE_GIT_ASKPASS_NODE', '/snap/code/205/usr/share/code/code'), ('MANAGERPID', '1849'), ('SYSTEMD_EXEC_PID', '2030'), ('DBUS_SESSION_BUS_ADDRESS', 'unix:path=/run/user/1007/bus'), ('COLORTERM', 'truecolor'), ('GIO_LAUNCHED_DESKTOP_FILE_PID', '4108'), ('IM_CONFIG_PHASE', '1'), ('ROS_DISTRO', 'humble'), ('GTK_IM_MODULE', 'ibus'), ('LOGNAME', 'htrice'), ('JOURNAL_STREAM', '8:21689'), ('_', '/usr/bin/colcon'), ('ROS_VERSION', '2'), ('XDG_CONFIG_DIRS_VSCODE_SNAP_ORIG', '/etc/xdg/xdg-ubuntu:/etc/xdg'), ('XDG_SESSION_CLASS', 'user'), ('XDG_DATA_DIRS_VSCODE_SNAP_ORIG', '/usr/share/ubuntu:/usr/share/gnome:/usr/local/share/:/usr/share/:/var/lib/snapd/desktop'), ('USERNAME', 'htrice'), ('TERM', 'xterm-256color'), ('GNOME_DESKTOP_SESSION_ID', 'this-is-deprecated'), ('ROS_LOCALHOST_ONLY', '0'), ('WINDOWPATH', '2'), ('PATH', '/home/htrice/.local/bin:/opt/ros/humble/bin:/usr/local/sbin:/usr/local/bin:/usr/sbin:/usr/bin:/sbin:/bin:/usr/games:/usr/local/games:/snap/bin:/snap/bin:/home/htrice/.config/Code/User/globalStorage/github.copilot-chat/debugCommand'), ('SESSION_MANAGER', 'local/ntthuan:@/tmp/.ICE-unix/2002,unix/ntthuan:/tmp/.ICE-unix/2002'), ('GTK_EXE_PREFIX', '/snap/code/205/usr'), ('INVOCATION_ID', '790d985d8c2545c5a9e7c9f88ff27c5a'), ('XDG_MENU_PREFIX', 'gnome-'), ('BAMF_DESKTOP_FILE_HINT', '/var/lib/snapd/desktop/applications/code_code.desktop'), ('XDG_RUNTIME_DIR', '/run/user/1007'), ('GDK_BACKEND', 'x11'), ('DISPLAY', ':1'), ('LOCPATH', '/snap/code/205/usr/lib/locale'), ('LANG', 'en_US.UTF-8'), ('XDG_CURRENT_DESKTOP', 'Unity'), ('GIO_MODULE_DIR_VSCODE_SNAP_ORIG', ''), ('XDG_DATA_HOME', '/home/htrice/snap/code/205/.local/share'), ('XMODIFIERS', '@im=ibus'), ('XDG_SESSION_DESKTOP', 'ubuntu'), ('XAUTHORITY', '/run/user/1007/gdm/Xauthority'), ('LS_COLORS', 'rs=0:di=01;34:ln=01;36:mh=00:pi=40;33:so=01;35:do=01;35:bd=40;33;01:cd=40;33;01:or=40;31;01:mi=00:su=37;41:sg=30;43:ca=30;41:tw=30;42:ow=34;42:st=37;44:ex=01;32:*.tar=01;31:*.tgz=01;31:*.arc=01;31:*.arj=01;31:*.taz=01;31:*.lha=01;31:*.lz4=01;31:*.lzh=01;31:*.lzma=01;31:*.tlz=01;31:*.txz=01;31:*.tzo=01;31:*.t7z=01;31:*.zip=01;31:*.z=01;31:*.dz=01;31:*.gz=01;31:*.lrz=01;31:*.lz=01;31:*.lzo=01;31:*.xz=01;31:*.zst=01;31:*.tzst=01;31:*.bz2=01;31:*.bz=01;31:*.tbz=01;31:*.tbz2=01;31:*.tz=01;31:*.deb=01;31:*.rpm=01;31:*.jar=01;31:*.war=01;31:*.ear=01;31:*.sar=01;31:*.rar=01;31:*.alz=01;31:*.ace=01;31:*.zoo=01;31:*.cpio=01;31:*.7z=01;31:*.rz=01;31:*.cab=01;31:*.wim=01;31:*.swm=01;31:*.dwm=01;31:*.esd=01;31:*.jpg=01;35:*.jpeg=01;35:*.mjpg=01;35:*.mjpeg=01;35:*.gif=01;35:*.bmp=01;35:*.pbm=01;35:*.pgm=01;35:*.ppm=01;35:*.tga=01;35:*.xbm=01;35:*.xpm=01;35:*.tif=01;35:*.tiff=01;35:*.png=01;35:*.svg=01;35:*.svgz=01;35:*.mng=01;35:*.pcx=01;35:*.mov=01;35:*.mpg=01;35:*.mpeg=01;35:*.m2v=01;35:*.mkv=01;35:*.webm=01;35:*.webp=01;35:*.ogm=01;35:*.mp4=01;35:*.m4v=01;35:*.mp4v=01;35:*.vob=01;35:*.qt=01;35:*.nuv=01;35:*.wmv=01;35:*.asf=01;35:*.rm=01;35:*.rmvb=01;35:*.flc=01;35:*.avi=01;35:*.fli=01;35:*.flv=01;35:*.gl=01;35:*.dl=01;35:*.xcf=01;35:*.xwd=01;35:*.yuv=01;35:*.cgm=01;35:*.emf=01;35:*.ogv=01;35:*.ogx=01;35:*.aac=00;36:*.au=00;36:*.flac=00;36:*.m4a=00;36:*.mid=00;36:*.midi=00;36:*.mka=00;36:*.mp3=00;36:*.mpc=00;36:*.ogg=00;36:*.ra=00;36:*.wav=00;36:*.oga=00;36:*.opus=00;36:*.spx=00;36:*.xspf=00;36:'), ('VSCODE_GIT_IPC_HANDLE', '/run/user/1007/vscode-git-62d08c1e57.sock'), ('TERM_PROGRAM', 'vscode'), ('SSH_AGENT_LAUNCHER', 'gnome-keyring'), ('SSH_AUTH_SOCK', '/run/user/1007/keyring/ssh'), ('GSETTINGS_SCHEMA_DIR', '/home/htrice/snap/code/205/.local/share/glib-2.0/schemas'), ('AMENT_PREFIX_PATH', '/opt/ros/humble'), ('ORIGINAL_XDG_CURRENT_DESKTOP', 'ubuntu:GNOME'), ('SHELL', '/bin/bash'), ('QT_ACCESSIBILITY', '1'), ('GDMSESSION', 'ubuntu'), ('LESSCLOSE', '/usr/bin/lesspipe %s %s'), ('GTK_PATH_VSCODE_SNAP_ORIG', ''), ('FONTCONFIG_FILE', '/etc/fonts/fonts.conf'), ('GTK_IM_MODULE_FILE_VSCODE_SNAP_ORIG', ''), ('GPG_AGENT_INFO', '/run/user/1007/gnupg/S.gpg-agent:0:1'), ('GJS_DEBUG_OUTPUT', 'stderr'), ('VSCODE_GIT_ASKPASS_EXTRA_ARGS', ''), ('GIT_PAGER', 'cat'), ('QT_IM_MODULE', 'ibus'), ('PWD', '/home/htrice/go2_ros2_curr/build/go2_interfaces'), ('XDG_CONFIG_DIRS', '/etc/xdg/xdg-ubuntu:/etc/xdg'), ('XDG_DATA_DIRS', '/home/htrice/snap/code/205/.local/share:/home/htrice/snap/code/205:/snap/code/205/usr/share:/usr/share/ubuntu:/usr/share/gnome:/usr/local/share/:/usr/share/:/var/lib/snapd/desktop'), ('PYTHONPATH', '/opt/ros/humble/lib/python3.10/site-packages:/opt/ros/humble/local/lib/python3.10/dist-packages'), ('COLCON', '1'), ('CMAKE_PREFIX_PATH', '/opt/ros/humble')]), 'shell': False}
[2.704045] (go2_interfaces) StdoutLine: {'line': b'[  1%] \x1b[34m\x1b[1mGenerating C code for ROS interfaces\x1b[0m\n'}
[2.704466] (-) TimerEvent: {}
[2.720555] (go2_interfaces) StdoutLine: {'line': b'[  1%] \x1b[34m\x1b[1mGenerating C++ code for ROS interfaces\x1b[0m\n'}
[2.723595] (go2_interfaces) StdoutLine: {'line': b'[  1%] Built target ament_cmake_python_symlink_go2_interfaces\n'}
[2.804574] (-) TimerEvent: {}
[2.904829] (-) TimerEvent: {}
[2.949325] (go2_interfaces) StdoutLine: {'line': b'running egg_info\n'}
[2.949646] (go2_interfaces) StdoutLine: {'line': b'creating go2_interfaces.egg-info\n'}
[2.949825] (go2_interfaces) StdoutLine: {'line': b'writing go2_interfaces.egg-info/PKG-INFO\n'}
[2.949932] (go2_interfaces) StdoutLine: {'line': b'writing dependency_links to go2_interfaces.egg-info/dependency_links.txt\n'}
[2.950063] (go2_interfaces) StdoutLine: {'line': b'writing top-level names to go2_interfaces.egg-info/top_level.txt\n'}
[2.950196] (go2_interfaces) StdoutLine: {'line': b"writing manifest file 'go2_interfaces.egg-info/SOURCES.txt'\n"}
[2.951550] (go2_interfaces) StdoutLine: {'line': b"reading manifest file 'go2_interfaces.egg-info/SOURCES.txt'\n"}
[2.952000] (go2_interfaces) StdoutLine: {'line': b"writing manifest file 'go2_interfaces.egg-info/SOURCES.txt'\n"}
[2.974687] (go2_interfaces) StdoutLine: {'line': b'[  1%] Built target ament_cmake_python_build_go2_interfaces_egg\n'}
[3.004896] (-) TimerEvent: {}
[3.105093] (-) TimerEvent: {}
[3.205330] (-) TimerEvent: {}
[3.305573] (-) TimerEvent: {}
[3.405812] (-) TimerEvent: {}
[3.506064] (-) TimerEvent: {}
[3.606300] (-) TimerEvent: {}
[3.706545] (-) TimerEvent: {}
[3.806784] (-) TimerEvent: {}
[3.907024] (-) TimerEvent: {}
[4.007278] (-) TimerEvent: {}
[4.107515] (-) TimerEvent: {}
[4.207759] (-) TimerEvent: {}
[4.307999] (-) TimerEvent: {}
[4.408980] (-) TimerEvent: {}
[4.509418] (-) TimerEvent: {}
[4.550529] (go2_interfaces) StdoutLine: {'line': b'[  1%] \x1b[32mBuilding C object CMakeFiles/go2_interfaces__rosidl_generator_c.dir/rosidl_generator_c/go2_interfaces/msg/detail/go2_cmd__functions.c.o\x1b[0m\n'}
[4.555939] (go2_interfaces) StdoutLine: {'line': b'[  2%] \x1b[32mBuilding C object CMakeFiles/go2_interfaces__rosidl_generator_c.dir/rosidl_generator_c/go2_interfaces/msg/detail/go2_move__functions.c.o\x1b[0m\n'}
[4.556272] (go2_interfaces) StdoutLine: {'line': b'[  2%] \x1b[32mBuilding C object CMakeFiles/go2_interfaces__rosidl_generator_c.dir/rosidl_generator_c/go2_interfaces/msg/detail/imu__functions.c.o\x1b[0m\n'}
[4.556348] (go2_interfaces) StdoutLine: {'line': b'[  2%] \x1b[32mBuilding C object CMakeFiles/go2_interfaces__rosidl_generator_c.dir/rosidl_generator_c/go2_interfaces/msg/detail/go2_rpy_cmd__functions.c.o\x1b[0m\n'}
[4.556414] (go2_interfaces) StdoutLine: {'line': b'[  2%] \x1b[32mBuilding C object CMakeFiles/go2_interfaces__rosidl_generator_c.dir/rosidl_generator_c/go2_interfaces/msg/detail/go2_state__functions.c.o\x1b[0m\n'}
[4.558341] (go2_interfaces) StdoutLine: {'line': b'[  3%] \x1b[32mBuilding C object CMakeFiles/go2_interfaces__rosidl_generator_c.dir/rosidl_generator_c/go2_interfaces/msg/detail/audio_data__functions.c.o\x1b[0m\n'}
[4.560014] (go2_interfaces) StdoutLine: {'line': b'[  3%] \x1b[32mBuilding C object CMakeFiles/go2_interfaces__rosidl_generator_c.dir/rosidl_generator_c/go2_interfaces/msg/detail/bms_cmd__functions.c.o\x1b[0m\n'}
[4.562210] (go2_interfaces) StdoutLine: {'line': b'[  4%] \x1b[32mBuilding C object CMakeFiles/go2_interfaces__rosidl_generator_c.dir/rosidl_generator_c/go2_interfaces/msg/detail/bms_state__functions.c.o\x1b[0m\n'}
[4.564514] (go2_interfaces) StdoutLine: {'line': b'[  4%] \x1b[32mBuilding C object CMakeFiles/go2_interfaces__rosidl_generator_c.dir/rosidl_generator_c/go2_interfaces/msg/detail/error__functions.c.o\x1b[0m\n'}
[4.567814] (go2_interfaces) StdoutLine: {'line': b'[  4%] \x1b[32mBuilding C object CMakeFiles/go2_interfaces__rosidl_generator_c.dir/rosidl_generator_c/go2_interfaces/msg/detail/go2_front_video_data__functions.c.o\x1b[0m\n'}
[4.578897] (go2_interfaces) StdoutLine: {'line': b'[  5%] \x1b[32mBuilding C object CMakeFiles/go2_interfaces__rosidl_generator_c.dir/rosidl_generator_c/go2_interfaces/msg/detail/height_map__functions.c.o\x1b[0m\n'}
[4.579157] (go2_interfaces) StdoutLine: {'line': b'[  5%] \x1b[32mBuilding C object CMakeFiles/go2_interfaces__rosidl_generator_c.dir/rosidl_generator_c/go2_interfaces/msg/detail/interface_config__functions.c.o\x1b[0m\n'}
[4.583718] (go2_interfaces) StdoutLine: {'line': b'[  6%] \x1b[32mBuilding C object CMakeFiles/go2_interfaces__rosidl_generator_c.dir/rosidl_generator_c/go2_interfaces/msg/detail/lidar_state__functions.c.o\x1b[0m\n'}
[4.583912] (go2_interfaces) StdoutLine: {'line': b'[  6%] \x1b[32mBuilding C object CMakeFiles/go2_interfaces__rosidl_generator_c.dir/rosidl_generator_c/go2_interfaces/msg/detail/low_cmd__functions.c.o\x1b[0m\n'}
[4.586622] (go2_interfaces) StdoutLine: {'line': b'[  6%] \x1b[32mBuilding C object CMakeFiles/go2_interfaces__rosidl_generator_c.dir/rosidl_generator_c/go2_interfaces/msg/detail/low_state__functions.c.o\x1b[0m\n'}
[4.609509] (-) TimerEvent: {}
[4.648013] (go2_interfaces) StdoutLine: {'line': b'[  6%] \x1b[32mBuilding C object CMakeFiles/go2_interfaces__rosidl_generator_c.dir/rosidl_generator_c/go2_interfaces/msg/detail/motor_cmds__functions.c.o\x1b[0m\n'}
[4.648335] (go2_interfaces) StdoutLine: {'line': b'[  7%] \x1b[32mBuilding C object CMakeFiles/go2_interfaces__rosidl_generator_c.dir/rosidl_generator_c/go2_interfaces/msg/detail/motor_cmd__functions.c.o\x1b[0m\n'}
[4.649488] (go2_interfaces) StdoutLine: {'line': b'[  7%] \x1b[32mBuilding C object CMakeFiles/go2_interfaces__rosidl_generator_c.dir/rosidl_generator_c/go2_interfaces/msg/detail/motor_state__functions.c.o\x1b[0m\n'}
[4.649637] (go2_interfaces) StdoutLine: {'line': b'[  7%] \x1b[32mBuilding C object CMakeFiles/go2_interfaces__rosidl_generator_c.dir/rosidl_generator_c/go2_interfaces/msg/detail/path_point__functions.c.o\x1b[0m\n'}
[4.649742] (go2_interfaces) StdoutLine: {'line': b'[  8%] \x1b[32mBuilding C object CMakeFiles/go2_interfaces__rosidl_generator_c.dir/rosidl_generator_c/go2_interfaces/msg/detail/motor_states__functions.c.o\x1b[0m\n'}
[4.649985] (go2_interfaces) StdoutLine: {'line': b'[  9%] \x1b[32mBuilding C object CMakeFiles/go2_interfaces__rosidl_generator_c.dir/rosidl_generator_c/go2_interfaces/msg/detail/res__functions.c.o\x1b[0m\n'}
[4.650430] (go2_interfaces) StdoutLine: {'line': b'[  9%] \x1b[32mBuilding C object CMakeFiles/go2_interfaces__rosidl_generator_c.dir/rosidl_generator_c/go2_interfaces/msg/detail/sport_mode_cmd__functions.c.o\x1b[0m\n'}
[4.650643] (go2_interfaces) StdoutLine: {'line': b'[  9%] \x1b[32mBuilding C object CMakeFiles/go2_interfaces__rosidl_generator_c.dir/rosidl_generator_c/go2_interfaces/msg/detail/sport_mode_state__functions.c.o\x1b[0m\n'}
[4.652299] (go2_interfaces) StdoutLine: {'line': b'[  9%] \x1b[32mBuilding C object CMakeFiles/go2_interfaces__rosidl_generator_c.dir/rosidl_generator_c/go2_interfaces/msg/detail/req__functions.c.o\x1b[0m\n'}
[4.654340] (go2_interfaces) StdoutLine: {'line': b'[ 10%] \x1b[32mBuilding C object CMakeFiles/go2_interfaces__rosidl_generator_c.dir/rosidl_generator_c/go2_interfaces/msg/detail/time_spec__functions.c.o\x1b[0m\n'}
[4.655267] (go2_interfaces) StdoutLine: {'line': b'[ 10%] \x1b[32mBuilding C object CMakeFiles/go2_interfaces__rosidl_generator_c.dir/rosidl_generator_c/go2_interfaces/msg/detail/uwb_state__functions.c.o\x1b[0m\n'}
[4.670682] (go2_interfaces) StdoutLine: {'line': b'[ 11%] \x1b[32mBuilding C object CMakeFiles/go2_interfaces__rosidl_generator_c.dir/rosidl_generator_c/go2_interfaces/msg/detail/uwb_switch__functions.c.o\x1b[0m\n'}
[4.676929] (go2_interfaces) StdoutLine: {'line': b'[ 11%] \x1b[32mBuilding C object CMakeFiles/go2_interfaces__rosidl_generator_c.dir/rosidl_generator_c/go2_interfaces/msg/detail/voxel_map_compressed__functions.c.o\x1b[0m\n'}
[4.679261] (go2_interfaces) StdoutLine: {'line': b'[ 11%] \x1b[32mBuilding C object CMakeFiles/go2_interfaces__rosidl_generator_c.dir/rosidl_generator_c/go2_interfaces/msg/detail/voxel_height_map_state__functions.c.o\x1b[0m\n'}
[4.681005] (go2_interfaces) StdoutLine: {'line': b'[ 12%] \x1b[32mBuilding C object CMakeFiles/go2_interfaces__rosidl_generator_c.dir/rosidl_generator_c/go2_interfaces/msg/detail/web_rtc_req__functions.c.o\x1b[0m\n'}
[4.707674] (go2_interfaces) StdoutLine: {'line': b'[ 12%] \x1b[32mBuilding C object CMakeFiles/go2_interfaces__rosidl_generator_c.dir/rosidl_generator_c/go2_interfaces/msg/detail/wireless_controller__functions.c.o\x1b[0m\n'}
[4.709831] (-) TimerEvent: {}
[4.766118] (go2_interfaces) StdoutLine: {'line': b'[ 12%] \x1b[32m\x1b[1mLinking C shared library libgo2_interfaces__rosidl_generator_c.so\x1b[0m\n'}
[4.769068] (go2_interfaces) StdoutLine: {'line': b'[ 12%] Built target go2_interfaces__cpp\n'}
[4.783747] (go2_interfaces) StdoutLine: {'line': b'[ 13%] \x1b[34m\x1b[1mGenerating C++ type support dispatch for ROS interfaces\x1b[0m\n'}
[4.785596] (go2_interfaces) StdoutLine: {'line': b'[ 14%] \x1b[34m\x1b[1mGenerating C++ introspection for ROS interfaces\x1b[0m\n'}
[4.786784] (go2_interfaces) StdoutLine: {'line': b'[ 15%] \x1b[34m\x1b[1mGenerating C++ type support for eProsima Fast-RTPS\x1b[0m\n'}
[4.809936] (-) TimerEvent: {}
[4.826790] (go2_interfaces) StdoutLine: {'line': b'[ 15%] Built target go2_interfaces__rosidl_generator_c\n'}
[4.840876] (go2_interfaces) StdoutLine: {'line': b'[ 16%] \x1b[34m\x1b[1mGenerating C type support dispatch for ROS interfaces\x1b[0m\n'}
[4.841238] (go2_interfaces) StdoutLine: {'line': b'[ 17%] \x1b[34m\x1b[1mGenerating C introspection for ROS interfaces\x1b[0m\n'}
[4.843418] (go2_interfaces) StdoutLine: {'line': b'[ 18%] \x1b[34m\x1b[1mGenerating C type support for eProsima Fast-RTPS\x1b[0m\n'}
[4.910013] (-) TimerEvent: {}
[5.010252] (-) TimerEvent: {}
[5.110476] (-) TimerEvent: {}
[5.210694] (-) TimerEvent: {}
[5.310931] (-) TimerEvent: {}
[5.411206] (-) TimerEvent: {}
[5.511457] (-) TimerEvent: {}
[5.611715] (-) TimerEvent: {}
[5.711967] (-) TimerEvent: {}
[5.812273] (-) TimerEvent: {}
[5.913086] (-) TimerEvent: {}
[5.965980] (go2_interfaces) StdoutLine: {'line': b'[ 18%] \x1b[32mBuilding CXX object CMakeFiles/go2_interfaces__rosidl_typesupport_cpp.dir/rosidl_typesupport_cpp/go2_interfaces/msg/go2_cmd__type_support.cpp.o\x1b[0m\n'}
[5.966214] (go2_interfaces) StdoutLine: {'line': b'[ 18%] \x1b[32mBuilding CXX object CMakeFiles/go2_interfaces__rosidl_typesupport_cpp.dir/rosidl_typesupport_cpp/go2_interfaces/msg/go2_state__type_support.cpp.o\x1b[0m\n'}
[5.968778] (go2_interfaces) StdoutLine: {'line': b'[ 19%] \x1b[32mBuilding CXX object CMakeFiles/go2_interfaces__rosidl_typesupport_cpp.dir/rosidl_typesupport_cpp/go2_interfaces/msg/go2_move__type_support.cpp.o\x1b[0m\n'}
[5.968949] (go2_interfaces) StdoutLine: {'line': b'[ 19%] \x1b[32mBuilding CXX object CMakeFiles/go2_interfaces__rosidl_typesupport_cpp.dir/rosidl_typesupport_cpp/go2_interfaces/msg/imu__type_support.cpp.o\x1b[0m\n'}
[5.969014] (go2_interfaces) StdoutLine: {'line': b'[ 19%] \x1b[32mBuilding CXX object CMakeFiles/go2_interfaces__rosidl_typesupport_cpp.dir/rosidl_typesupport_cpp/go2_interfaces/msg/go2_rpy_cmd__type_support.cpp.o\x1b[0m\n'}
[5.969759] (go2_interfaces) StdoutLine: {'line': b'[ 20%] \x1b[32mBuilding CXX object CMakeFiles/go2_interfaces__rosidl_typesupport_cpp.dir/rosidl_typesupport_cpp/go2_interfaces/msg/audio_data__type_support.cpp.o\x1b[0m\n'}
[5.976159] (go2_interfaces) StdoutLine: {'line': b'[ 20%] \x1b[32mBuilding CXX object CMakeFiles/go2_interfaces__rosidl_typesupport_cpp.dir/rosidl_typesupport_cpp/go2_interfaces/msg/bms_cmd__type_support.cpp.o\x1b[0m\n'}
[5.979732] (go2_interfaces) StdoutLine: {'line': b'[ 20%] \x1b[32mBuilding CXX object CMakeFiles/go2_interfaces__rosidl_typesupport_cpp.dir/rosidl_typesupport_cpp/go2_interfaces/msg/go2_front_video_data__type_support.cpp.o\x1b[0m\n'}
[5.981010] (go2_interfaces) StdoutLine: {'line': b'[ 21%] \x1b[32mBuilding CXX object CMakeFiles/go2_interfaces__rosidl_typesupport_cpp.dir/rosidl_typesupport_cpp/go2_interfaces/msg/error__type_support.cpp.o\x1b[0m\n'}
[5.981497] (go2_interfaces) StdoutLine: {'line': b'[ 21%] \x1b[32mBuilding CXX object CMakeFiles/go2_interfaces__rosidl_typesupport_cpp.dir/rosidl_typesupport_cpp/go2_interfaces/msg/bms_state__type_support.cpp.o\x1b[0m\n'}
[5.990450] (go2_interfaces) StdoutLine: {'line': b'[ 22%] \x1b[32mBuilding CXX object CMakeFiles/go2_interfaces__rosidl_typesupport_cpp.dir/rosidl_typesupport_cpp/go2_interfaces/msg/height_map__type_support.cpp.o\x1b[0m\n'}
[6.006532] (go2_interfaces) StdoutLine: {'line': b'[ 22%] \x1b[32mBuilding CXX object CMakeFiles/go2_interfaces__rosidl_typesupport_c.dir/rosidl_typesupport_c/go2_interfaces/msg/go2_cmd__type_support.cpp.o\x1b[0m\n'}
[6.013376] (-) TimerEvent: {}
[6.052215] (go2_interfaces) StdoutLine: {'line': b'[ 22%] \x1b[32mBuilding CXX object CMakeFiles/go2_interfaces__rosidl_typesupport_c.dir/rosidl_typesupport_c/go2_interfaces/msg/go2_state__type_support.cpp.o\x1b[0m\n'}
[6.088546] (go2_interfaces) StdoutLine: {'line': b'[ 23%] \x1b[32mBuilding CXX object CMakeFiles/go2_interfaces__rosidl_typesupport_c.dir/rosidl_typesupport_c/go2_interfaces/msg/go2_move__type_support.cpp.o\x1b[0m\n'}
[6.114114] (-) TimerEvent: {}
[6.129176] (go2_interfaces) StdoutLine: {'line': b'[ 23%] \x1b[32mBuilding CXX object CMakeFiles/go2_interfaces__rosidl_typesupport_c.dir/rosidl_typesupport_c/go2_interfaces/msg/go2_rpy_cmd__type_support.cpp.o\x1b[0m\n'}
[6.171433] (go2_interfaces) StdoutLine: {'line': b'[ 23%] \x1b[32mBuilding CXX object CMakeFiles/go2_interfaces__rosidl_typesupport_c.dir/rosidl_typesupport_c/go2_interfaces/msg/imu__type_support.cpp.o\x1b[0m\n'}
[6.214229] (-) TimerEvent: {}
[6.214888] (go2_interfaces) StdoutLine: {'line': b'[ 24%] \x1b[32mBuilding CXX object CMakeFiles/go2_interfaces__rosidl_typesupport_c.dir/rosidl_typesupport_c/go2_interfaces/msg/audio_data__type_support.cpp.o\x1b[0m\n'}
[6.277134] (go2_interfaces) StdoutLine: {'line': b'[ 24%] \x1b[32mBuilding CXX object CMakeFiles/go2_interfaces__rosidl_typesupport_c.dir/rosidl_typesupport_c/go2_interfaces/msg/bms_cmd__type_support.cpp.o\x1b[0m\n'}
[6.314350] (-) TimerEvent: {}
[6.317841] (go2_interfaces) StdoutLine: {'line': b'[ 25%] \x1b[32mBuilding CXX object CMakeFiles/go2_interfaces__rosidl_typesupport_c.dir/rosidl_typesupport_c/go2_interfaces/msg/bms_state__type_support.cpp.o\x1b[0m\n'}
[6.360754] (go2_interfaces) StdoutLine: {'line': b'[ 25%] \x1b[32mBuilding CXX object CMakeFiles/go2_interfaces__rosidl_typesupport_cpp.dir/rosidl_typesupport_cpp/go2_interfaces/msg/interface_config__type_support.cpp.o\x1b[0m\n'}
[6.361334] (go2_interfaces) StdoutLine: {'line': b'[ 25%] \x1b[32mBuilding CXX object CMakeFiles/go2_interfaces__rosidl_typesupport_c.dir/rosidl_typesupport_c/go2_interfaces/msg/error__type_support.cpp.o\x1b[0m\n'}
[6.362616] (go2_interfaces) StdoutLine: {'line': b'[ 25%] \x1b[32mBuilding CXX object CMakeFiles/go2_interfaces__rosidl_typesupport_cpp.dir/rosidl_typesupport_cpp/go2_interfaces/msg/lidar_state__type_support.cpp.o\x1b[0m\n'}
[6.364424] (go2_interfaces) StdoutLine: {'line': b'[ 26%] \x1b[32mBuilding CXX object CMakeFiles/go2_interfaces__rosidl_typesupport_c.dir/rosidl_typesupport_c/go2_interfaces/msg/height_map__type_support.cpp.o\x1b[0m\n'}
[6.364989] (go2_interfaces) StdoutLine: {'line': b'[ 26%] \x1b[32mBuilding CXX object CMakeFiles/go2_interfaces__rosidl_typesupport_c.dir/rosidl_typesupport_c/go2_interfaces/msg/go2_front_video_data__type_support.cpp.o\x1b[0m\n'}
[6.371633] (go2_interfaces) StdoutLine: {'line': b'[ 27%] \x1b[32mBuilding CXX object CMakeFiles/go2_interfaces__rosidl_typesupport_cpp.dir/rosidl_typesupport_cpp/go2_interfaces/msg/low_cmd__type_support.cpp.o\x1b[0m\n'}
[6.371975] (go2_interfaces) StdoutLine: {'line': b'[ 27%] \x1b[32mBuilding CXX object CMakeFiles/go2_interfaces__rosidl_typesupport_c.dir/rosidl_typesupport_c/go2_interfaces/msg/interface_config__type_support.cpp.o\x1b[0m\n'}
[6.377710] (go2_interfaces) StdoutLine: {'line': b'[ 27%] \x1b[32mBuilding CXX object CMakeFiles/go2_interfaces__rosidl_typesupport_c.dir/rosidl_typesupport_c/go2_interfaces/msg/lidar_state__type_support.cpp.o\x1b[0m\n'}
[6.384598] (go2_interfaces) StdoutLine: {'line': b'[ 27%] \x1b[32mBuilding CXX object CMakeFiles/go2_interfaces__rosidl_typesupport_cpp.dir/rosidl_typesupport_cpp/go2_interfaces/msg/low_state__type_support.cpp.o\x1b[0m\n'}
[6.388291] (go2_interfaces) StdoutLine: {'line': b'[ 28%] \x1b[32mBuilding CXX object CMakeFiles/go2_interfaces__rosidl_typesupport_c.dir/rosidl_typesupport_c/go2_interfaces/msg/low_cmd__type_support.cpp.o\x1b[0m\n'}
[6.395317] (go2_interfaces) StdoutLine: {'line': b'[ 28%] \x1b[32mBuilding CXX object CMakeFiles/go2_interfaces__rosidl_typesupport_cpp.dir/rosidl_typesupport_cpp/go2_interfaces/msg/motor_cmd__type_support.cpp.o\x1b[0m\n'}
[6.395595] (go2_interfaces) StdoutLine: {'line': b'[ 28%] \x1b[32mBuilding CXX object CMakeFiles/go2_interfaces__rosidl_typesupport_c.dir/rosidl_typesupport_c/go2_interfaces/msg/low_state__type_support.cpp.o\x1b[0m\n'}
[6.404535] (go2_interfaces) StdoutLine: {'line': b'[ 29%] \x1b[32mBuilding CXX object CMakeFiles/go2_interfaces__rosidl_typesupport_cpp.dir/rosidl_typesupport_cpp/go2_interfaces/msg/motor_state__type_support.cpp.o\x1b[0m\n'}
[6.404862] (go2_interfaces) StdoutLine: {'line': b'[ 29%] \x1b[32mBuilding CXX object CMakeFiles/go2_interfaces__rosidl_typesupport_cpp.dir/rosidl_typesupport_cpp/go2_interfaces/msg/motor_cmds__type_support.cpp.o\x1b[0m\n'}
[6.406540] (go2_interfaces) StdoutLine: {'line': b'[ 30%] \x1b[32mBuilding CXX object CMakeFiles/go2_interfaces__rosidl_typesupport_cpp.dir/rosidl_typesupport_cpp/go2_interfaces/msg/motor_states__type_support.cpp.o\x1b[0m\n'}
[6.414468] (-) TimerEvent: {}
[6.421186] (go2_interfaces) StdoutLine: {'line': b'[ 30%] \x1b[32mBuilding CXX object CMakeFiles/go2_interfaces__rosidl_typesupport_cpp.dir/rosidl_typesupport_cpp/go2_interfaces/msg/path_point__type_support.cpp.o\x1b[0m\n'}
[6.432475] (go2_interfaces) StdoutLine: {'line': b'[ 30%] \x1b[32mBuilding CXX object CMakeFiles/go2_interfaces__rosidl_typesupport_cpp.dir/rosidl_typesupport_cpp/go2_interfaces/msg/req__type_support.cpp.o\x1b[0m\n'}
[6.441124] (go2_interfaces) StdoutLine: {'line': b'[ 30%] \x1b[32mBuilding CXX object CMakeFiles/go2_interfaces__rosidl_typesupport_c.dir/rosidl_typesupport_c/go2_interfaces/msg/motor_cmd__type_support.cpp.o\x1b[0m\n'}
[6.441614] (go2_interfaces) StdoutLine: {'line': b'[ 31%] \x1b[32mBuilding CXX object CMakeFiles/go2_interfaces__rosidl_typesupport_cpp.dir/rosidl_typesupport_cpp/go2_interfaces/msg/res__type_support.cpp.o\x1b[0m\n'}
[6.485684] (go2_interfaces) StdoutLine: {'line': b'[ 32%] \x1b[32mBuilding CXX object CMakeFiles/go2_interfaces__rosidl_typesupport_c.dir/rosidl_typesupport_c/go2_interfaces/msg/motor_cmds__type_support.cpp.o\x1b[0m\n'}
[6.514584] (-) TimerEvent: {}
[6.525474] (go2_interfaces) StdoutLine: {'line': b'[ 32%] \x1b[32mBuilding CXX object CMakeFiles/go2_interfaces__rosidl_typesupport_c.dir/rosidl_typesupport_c/go2_interfaces/msg/motor_state__type_support.cpp.o\x1b[0m\n'}
[6.565631] (go2_interfaces) StdoutLine: {'line': b'[ 33%] \x1b[32mBuilding CXX object CMakeFiles/go2_interfaces__rosidl_typesupport_c.dir/rosidl_typesupport_c/go2_interfaces/msg/motor_states__type_support.cpp.o\x1b[0m\n'}
[6.605181] (go2_interfaces) StdoutLine: {'line': b'[ 33%] \x1b[32mBuilding CXX object CMakeFiles/go2_interfaces__rosidl_typesupport_c.dir/rosidl_typesupport_c/go2_interfaces/msg/path_point__type_support.cpp.o\x1b[0m\n'}
[6.617484] (-) TimerEvent: {}
[6.644917] (go2_interfaces) StdoutLine: {'line': b'[ 33%] \x1b[32mBuilding CXX object CMakeFiles/go2_interfaces__rosidl_typesupport_c.dir/rosidl_typesupport_c/go2_interfaces/msg/req__type_support.cpp.o\x1b[0m\n'}
[6.687561] (go2_interfaces) StdoutLine: {'line': b'[ 34%] \x1b[32mBuilding CXX object CMakeFiles/go2_interfaces__rosidl_typesupport_c.dir/rosidl_typesupport_c/go2_interfaces/msg/res__type_support.cpp.o\x1b[0m\n'}
[6.709578] (go2_interfaces) StdoutLine: {'line': b'[ 34%] \x1b[32mBuilding CXX object CMakeFiles/go2_interfaces__rosidl_typesupport_c.dir/rosidl_typesupport_c/go2_interfaces/msg/sport_mode_cmd__type_support.cpp.o\x1b[0m\n'}
[6.716405] (go2_interfaces) StdoutLine: {'line': b'[ 34%] \x1b[32mBuilding CXX object CMakeFiles/go2_interfaces__rosidl_typesupport_c.dir/rosidl_typesupport_c/go2_interfaces/msg/sport_mode_state__type_support.cpp.o\x1b[0m\n'}
[6.717818] (-) TimerEvent: {}
[6.722100] (go2_interfaces) StdoutLine: {'line': b'[ 35%] \x1b[32mBuilding CXX object CMakeFiles/go2_interfaces__rosidl_typesupport_c.dir/rosidl_typesupport_c/go2_interfaces/msg/time_spec__type_support.cpp.o\x1b[0m\n'}
[6.737981] (go2_interfaces) StdoutLine: {'line': b'[ 35%] \x1b[32mBuilding CXX object CMakeFiles/go2_interfaces__rosidl_typesupport_cpp.dir/rosidl_typesupport_cpp/go2_interfaces/msg/sport_mode_cmd__type_support.cpp.o\x1b[0m\n'}
[6.746120] (go2_interfaces) StdoutLine: {'line': b'[ 35%] \x1b[32mBuilding CXX object CMakeFiles/go2_interfaces__rosidl_typesupport_c.dir/rosidl_typesupport_c/go2_interfaces/msg/uwb_state__type_support.cpp.o\x1b[0m\n'}
[6.751357] (go2_interfaces) StdoutLine: {'line': b'[ 35%] \x1b[32mBuilding CXX object CMakeFiles/go2_interfaces__rosidl_typesupport_cpp.dir/rosidl_typesupport_cpp/go2_interfaces/msg/sport_mode_state__type_support.cpp.o\x1b[0m\n'}
[6.758122] (go2_interfaces) StdoutLine: {'line': b'[ 36%] \x1b[32mBuilding CXX object CMakeFiles/go2_interfaces__rosidl_typesupport_cpp.dir/rosidl_typesupport_cpp/go2_interfaces/msg/time_spec__type_support.cpp.o\x1b[0m\n'}
[6.758456] (go2_interfaces) StdoutLine: {'line': b'[ 37%] \x1b[32mBuilding CXX object CMakeFiles/go2_interfaces__rosidl_typesupport_c.dir/rosidl_typesupport_c/go2_interfaces/msg/uwb_switch__type_support.cpp.o\x1b[0m\n'}
[6.758530] (go2_interfaces) StdoutLine: {'line': b'[ 37%] \x1b[32mBuilding CXX object CMakeFiles/go2_interfaces__rosidl_typesupport_cpp.dir/rosidl_typesupport_cpp/go2_interfaces/msg/uwb_state__type_support.cpp.o\x1b[0m\n'}
[6.759802] (go2_interfaces) StdoutLine: {'line': b'[ 37%] \x1b[32mBuilding CXX object CMakeFiles/go2_interfaces__rosidl_typesupport_c.dir/rosidl_typesupport_c/go2_interfaces/msg/voxel_map_compressed__type_support.cpp.o\x1b[0m\n'}
[6.759947] (go2_interfaces) StdoutLine: {'line': b'[ 37%] \x1b[32mBuilding CXX object CMakeFiles/go2_interfaces__rosidl_typesupport_c.dir/rosidl_typesupport_c/go2_interfaces/msg/voxel_height_map_state__type_support.cpp.o\x1b[0m\n'}
[6.762449] (go2_interfaces) StdoutLine: {'line': b'[ 37%] \x1b[32mBuilding CXX object CMakeFiles/go2_interfaces__rosidl_typesupport_cpp.dir/rosidl_typesupport_cpp/go2_interfaces/msg/uwb_switch__type_support.cpp.o\x1b[0m\n'}
[6.767154] (go2_interfaces) StdoutLine: {'line': b'[ 38%] \x1b[32mBuilding CXX object CMakeFiles/go2_interfaces__rosidl_typesupport_c.dir/rosidl_typesupport_c/go2_interfaces/msg/web_rtc_req__type_support.cpp.o\x1b[0m\n'}
[6.777630] (go2_interfaces) StdoutLine: {'line': b'[ 38%] \x1b[32mBuilding CXX object CMakeFiles/go2_interfaces__rosidl_typesupport_introspection_cpp.dir/rosidl_typesupport_introspection_cpp/go2_interfaces/msg/detail/go2_cmd__type_support.cpp.o\x1b[0m\n'}
[6.782543] (go2_interfaces) StdoutLine: {'line': b'[ 38%] \x1b[32mBuilding CXX object CMakeFiles/go2_interfaces__rosidl_typesupport_c.dir/rosidl_typesupport_c/go2_interfaces/msg/wireless_controller__type_support.cpp.o\x1b[0m\n'}
[6.785927] (go2_interfaces) StdoutLine: {'line': b'[ 39%] \x1b[32mBuilding CXX object CMakeFiles/go2_interfaces__rosidl_typesupport_introspection_cpp.dir/rosidl_typesupport_introspection_cpp/go2_interfaces/msg/detail/go2_state__type_support.cpp.o\x1b[0m\n'}
[6.786152] (go2_interfaces) StdoutLine: {'line': b'[ 39%] \x1b[32mBuilding CXX object CMakeFiles/go2_interfaces__rosidl_typesupport_cpp.dir/rosidl_typesupport_cpp/go2_interfaces/msg/voxel_map_compressed__type_support.cpp.o\x1b[0m\n'}
[6.796655] (go2_interfaces) StdoutLine: {'line': b'[ 40%] \x1b[32mBuilding CXX object CMakeFiles/go2_interfaces__rosidl_typesupport_cpp.dir/rosidl_typesupport_cpp/go2_interfaces/msg/voxel_height_map_state__type_support.cpp.o\x1b[0m\n'}
[6.796899] (go2_interfaces) StdoutLine: {'line': b'[ 40%] \x1b[32mBuilding CXX object CMakeFiles/go2_interfaces__rosidl_typesupport_cpp.dir/rosidl_typesupport_cpp/go2_interfaces/msg/web_rtc_req__type_support.cpp.o\x1b[0m\n'}
[6.799149] (go2_interfaces) StdoutLine: {'line': b'[ 41%] \x1b[32mBuilding CXX object CMakeFiles/go2_interfaces__rosidl_typesupport_introspection_cpp.dir/rosidl_typesupport_introspection_cpp/go2_interfaces/msg/detail/go2_move__type_support.cpp.o\x1b[0m\n'}
[6.806909] (go2_interfaces) StdoutLine: {'line': b'[ 41%] \x1b[32mBuilding CXX object CMakeFiles/go2_interfaces__rosidl_typesupport_introspection_cpp.dir/rosidl_typesupport_introspection_cpp/go2_interfaces/msg/detail/go2_rpy_cmd__type_support.cpp.o\x1b[0m\n'}
[6.817959] (-) TimerEvent: {}
[6.821150] (go2_interfaces) StdoutLine: {'line': b'[ 41%] \x1b[32m\x1b[1mLinking CXX shared library libgo2_interfaces__rosidl_typesupport_c.so\x1b[0m\n'}
[6.895849] (go2_interfaces) StdoutLine: {'line': b'[ 41%] Built target go2_interfaces__rosidl_typesupport_c\n'}
[6.913976] (go2_interfaces) StdoutLine: {'line': b'[ 42%] \x1b[32mBuilding CXX object CMakeFiles/go2_interfaces__rosidl_typesupport_introspection_cpp.dir/rosidl_typesupport_introspection_cpp/go2_interfaces/msg/detail/imu__type_support.cpp.o\x1b[0m\n'}
[6.918108] (-) TimerEvent: {}
[7.018867] (-) TimerEvent: {}
[7.038798] (go2_interfaces) StdoutLine: {'line': b'[ 42%] \x1b[32mBuilding C object CMakeFiles/go2_interfaces__rosidl_typesupport_introspection_c.dir/rosidl_typesupport_introspection_c/go2_interfaces/msg/detail/go2_cmd__type_support.c.o\x1b[0m\n'}
[7.076610] (go2_interfaces) StdoutLine: {'line': b'[ 43%] \x1b[32mBuilding C object CMakeFiles/go2_interfaces__rosidl_typesupport_introspection_c.dir/rosidl_typesupport_introspection_c/go2_interfaces/msg/detail/go2_state__type_support.c.o\x1b[0m\n'}
[7.089192] (go2_interfaces) StdoutLine: {'line': b'[ 43%] \x1b[32mBuilding C object CMakeFiles/go2_interfaces__rosidl_typesupport_introspection_c.dir/rosidl_typesupport_introspection_c/go2_interfaces/msg/detail/go2_move__type_support.c.o\x1b[0m\n'}
[7.094654] (go2_interfaces) StdoutLine: {'line': b'[ 43%] \x1b[32mBuilding CXX object CMakeFiles/go2_interfaces__rosidl_typesupport_introspection_cpp.dir/rosidl_typesupport_introspection_cpp/go2_interfaces/msg/detail/audio_data__type_support.cpp.o\x1b[0m\n'}
[7.094926] (go2_interfaces) StdoutLine: {'line': b'[ 43%] \x1b[32mBuilding C object CMakeFiles/go2_interfaces__rosidl_typesupport_introspection_c.dir/rosidl_typesupport_introspection_c/go2_interfaces/msg/detail/go2_rpy_cmd__type_support.c.o\x1b[0m\n'}
[7.098209] (go2_interfaces) StdoutLine: {'line': b'[ 44%] \x1b[32mBuilding C object CMakeFiles/go2_interfaces__rosidl_typesupport_introspection_c.dir/rosidl_typesupport_introspection_c/go2_interfaces/msg/detail/imu__type_support.c.o\x1b[0m\n'}
[7.102583] (go2_interfaces) StdoutLine: {'line': b'[ 44%] \x1b[32mBuilding CXX object CMakeFiles/go2_interfaces__rosidl_typesupport_introspection_cpp.dir/rosidl_typesupport_introspection_cpp/go2_interfaces/msg/detail/bms_cmd__type_support.cpp.o\x1b[0m\n'}
[7.102827] (go2_interfaces) StdoutLine: {'line': b'[ 45%] \x1b[32mBuilding CXX object CMakeFiles/go2_interfaces__rosidl_typesupport_introspection_cpp.dir/rosidl_typesupport_introspection_cpp/go2_interfaces/msg/detail/bms_state__type_support.cpp.o\x1b[0m\n'}
[7.119020] (-) TimerEvent: {}
[7.128838] (go2_interfaces) StdoutLine: {'line': b'[ 45%] \x1b[32mBuilding C object CMakeFiles/go2_interfaces__rosidl_typesupport_introspection_c.dir/rosidl_typesupport_introspection_c/go2_interfaces/msg/detail/audio_data__type_support.c.o\x1b[0m\n'}
[7.150630] (go2_interfaces) StdoutLine: {'line': b'[ 45%] \x1b[32mBuilding CXX object CMakeFiles/go2_interfaces__rosidl_typesupport_cpp.dir/rosidl_typesupport_cpp/go2_interfaces/msg/wireless_controller__type_support.cpp.o\x1b[0m\n'}
[7.150941] (go2_interfaces) StdoutLine: {'line': b'[ 45%] \x1b[32mBuilding CXX object CMakeFiles/go2_interfaces__rosidl_typesupport_introspection_cpp.dir/rosidl_typesupport_introspection_cpp/go2_interfaces/msg/detail/error__type_support.cpp.o\x1b[0m\n'}
[7.156400] (go2_interfaces) StdoutLine: {'line': b'[ 45%] \x1b[32mBuilding CXX object CMakeFiles/go2_interfaces__rosidl_typesupport_introspection_cpp.dir/rosidl_typesupport_introspection_cpp/go2_interfaces/msg/detail/go2_front_video_data__type_support.cpp.o\x1b[0m\n'}
[7.156660] (go2_interfaces) StdoutLine: {'line': b'[ 46%] \x1b[32mBuilding CXX object CMakeFiles/go2_interfaces__rosidl_typesupport_introspection_cpp.dir/rosidl_typesupport_introspection_cpp/go2_interfaces/msg/detail/height_map__type_support.cpp.o\x1b[0m\n'}
[7.157128] (go2_interfaces) StdoutLine: {'line': b'[ 46%] \x1b[32mBuilding C object CMakeFiles/go2_interfaces__rosidl_typesupport_introspection_c.dir/rosidl_typesupport_introspection_c/go2_interfaces/msg/detail/bms_cmd__type_support.c.o\x1b[0m\n'}
[7.188601] (go2_interfaces) StdoutLine: {'line': b'[ 46%] \x1b[32mBuilding CXX object CMakeFiles/go2_interfaces__rosidl_typesupport_introspection_cpp.dir/rosidl_typesupport_introspection_cpp/go2_interfaces/msg/detail/interface_config__type_support.cpp.o\x1b[0m\n'}
[7.205184] (go2_interfaces) StdoutLine: {'line': b'[ 47%] \x1b[32mBuilding C object CMakeFiles/go2_interfaces__rosidl_typesupport_introspection_c.dir/rosidl_typesupport_introspection_c/go2_interfaces/msg/detail/bms_state__type_support.c.o\x1b[0m\n'}
[7.219131] (-) TimerEvent: {}
[7.264561] (go2_interfaces) StdoutLine: {'line': b'[ 47%] \x1b[32mBuilding C object CMakeFiles/go2_interfaces__rosidl_typesupport_introspection_c.dir/rosidl_typesupport_introspection_c/go2_interfaces/msg/detail/error__type_support.c.o\x1b[0m\n'}
[7.264795] (go2_interfaces) StdoutLine: {'line': b'[ 47%] \x1b[32mBuilding CXX object CMakeFiles/go2_interfaces__rosidl_typesupport_introspection_cpp.dir/rosidl_typesupport_introspection_cpp/go2_interfaces/msg/detail/lidar_state__type_support.cpp.o\x1b[0m\n'}
[7.270958] (go2_interfaces) StdoutLine: {'line': b'[ 48%] \x1b[32mBuilding CXX object CMakeFiles/go2_interfaces__rosidl_typesupport_introspection_cpp.dir/rosidl_typesupport_introspection_cpp/go2_interfaces/msg/detail/low_cmd__type_support.cpp.o\x1b[0m\n'}
[7.273509] (go2_interfaces) StdoutLine: {'line': b'[ 48%] \x1b[32mBuilding CXX object CMakeFiles/go2_interfaces__rosidl_typesupport_fastrtps_c.dir/rosidl_typesupport_fastrtps_c/go2_interfaces/msg/detail/go2_cmd__type_support_c.cpp.o\x1b[0m\n'}
[7.281669] (go2_interfaces) StdoutLine: {'line': b'[ 48%] \x1b[32mBuilding CXX object CMakeFiles/go2_interfaces__rosidl_typesupport_introspection_cpp.dir/rosidl_typesupport_introspection_cpp/go2_interfaces/msg/detail/low_state__type_support.cpp.o\x1b[0m\n'}
[7.281947] (go2_interfaces) StdoutLine: {'line': b'[ 48%] \x1b[32mBuilding CXX object CMakeFiles/go2_interfaces__rosidl_typesupport_fastrtps_c.dir/rosidl_typesupport_fastrtps_c/go2_interfaces/msg/detail/go2_state__type_support_c.cpp.o\x1b[0m\n'}
[7.315362] (go2_interfaces) StdoutLine: {'line': b'[ 48%] \x1b[32mBuilding C object CMakeFiles/go2_interfaces__rosidl_typesupport_introspection_c.dir/rosidl_typesupport_introspection_c/go2_interfaces/msg/detail/go2_front_video_data__type_support.c.o\x1b[0m\n'}
[7.319235] (-) TimerEvent: {}
[7.327360] (go2_interfaces) StdoutLine: {'line': b'[ 48%] \x1b[32mBuilding CXX object CMakeFiles/go2_interfaces__rosidl_typesupport_fastrtps_cpp.dir/rosidl_typesupport_fastrtps_cpp/go2_interfaces/msg/detail/dds_fastrtps/go2_cmd__type_support.cpp.o\x1b[0m\n'}
[7.368320] (go2_interfaces) StdoutLine: {'line': b'[ 49%] \x1b[32mBuilding C object CMakeFiles/go2_interfaces__rosidl_typesupport_introspection_c.dir/rosidl_typesupport_introspection_c/go2_interfaces/msg/detail/height_map__type_support.c.o\x1b[0m\n'}
[7.371567] (go2_interfaces) StdoutLine: {'line': b'[ 50%] \x1b[32mBuilding CXX object CMakeFiles/go2_interfaces__rosidl_typesupport_fastrtps_c.dir/rosidl_typesupport_fastrtps_c/go2_interfaces/msg/detail/go2_move__type_support_c.cpp.o\x1b[0m\n'}
[7.423128] (-) TimerEvent: {}
[7.426658] (go2_interfaces) StdoutLine: {'line': b'[ 50%] \x1b[32mBuilding C object CMakeFiles/go2_interfaces__rosidl_typesupport_introspection_c.dir/rosidl_typesupport_introspection_c/go2_interfaces/msg/detail/interface_config__type_support.c.o\x1b[0m\n'}
[7.465144] (go2_interfaces) StdoutLine: {'line': b'[ 50%] \x1b[32m\x1b[1mLinking CXX shared library libgo2_interfaces__rosidl_typesupport_cpp.so\x1b[0m\n'}
[7.486982] (go2_interfaces) StdoutLine: {'line': b'[ 51%] \x1b[32mBuilding C object CMakeFiles/go2_interfaces__rosidl_typesupport_introspection_c.dir/rosidl_typesupport_introspection_c/go2_interfaces/msg/detail/lidar_state__type_support.c.o\x1b[0m\n'}
[7.523261] (-) TimerEvent: {}
[7.544272] (go2_interfaces) StdoutLine: {'line': b'[ 51%] Built target go2_interfaces__rosidl_typesupport_cpp\n'}
[7.551822] (go2_interfaces) StdoutLine: {'line': b'[ 51%] \x1b[32mBuilding C object CMakeFiles/go2_interfaces__rosidl_typesupport_introspection_c.dir/rosidl_typesupport_introspection_c/go2_interfaces/msg/detail/low_state__type_support.c.o\x1b[0m\n'}
[7.554195] (go2_interfaces) StdoutLine: {'line': b'[ 51%] \x1b[32mBuilding C object CMakeFiles/go2_interfaces__rosidl_typesupport_introspection_c.dir/rosidl_typesupport_introspection_c/go2_interfaces/msg/detail/low_cmd__type_support.c.o\x1b[0m\n'}
[7.556970] (go2_interfaces) StdoutLine: {'line': b'[ 52%] \x1b[32mBuilding C object CMakeFiles/go2_interfaces__rosidl_typesupport_introspection_c.dir/rosidl_typesupport_introspection_c/go2_interfaces/msg/detail/motor_cmd__type_support.c.o\x1b[0m\n'}
[7.570798] (go2_interfaces) StdoutLine: {'line': b'[ 53%] \x1b[32mBuilding CXX object CMakeFiles/go2_interfaces__rosidl_typesupport_introspection_cpp.dir/rosidl_typesupport_introspection_cpp/go2_interfaces/msg/detail/motor_cmd__type_support.cpp.o\x1b[0m\n'}
[7.606404] (go2_interfaces) StdoutLine: {'line': b'[ 53%] \x1b[32mBuilding CXX object CMakeFiles/go2_interfaces__rosidl_typesupport_fastrtps_cpp.dir/rosidl_typesupport_fastrtps_cpp/go2_interfaces/msg/detail/dds_fastrtps/go2_state__type_support.cpp.o\x1b[0m\n'}
[7.609159] (go2_interfaces) StdoutLine: {'line': b'[ 53%] \x1b[32mBuilding CXX object CMakeFiles/go2_interfaces__rosidl_typesupport_fastrtps_c.dir/rosidl_typesupport_fastrtps_c/go2_interfaces/msg/detail/go2_rpy_cmd__type_support_c.cpp.o\x1b[0m\n'}
[7.611955] (go2_interfaces) StdoutLine: {'line': b'[ 54%] \x1b[32mBuilding CXX object CMakeFiles/go2_interfaces__rosidl_typesupport_fastrtps_cpp.dir/rosidl_typesupport_fastrtps_cpp/go2_interfaces/msg/detail/dds_fastrtps/go2_move__type_support.cpp.o\x1b[0m\n'}
[7.623416] (-) TimerEvent: {}
[7.626869] (go2_interfaces) StdoutLine: {'line': b'[ 55%] \x1b[32mBuilding CXX object CMakeFiles/go2_interfaces__rosidl_typesupport_fastrtps_c.dir/rosidl_typesupport_fastrtps_c/go2_interfaces/msg/detail/imu__type_support_c.cpp.o\x1b[0m\n'}
[7.627232] (go2_interfaces) StdoutLine: {'line': b'[ 55%] \x1b[32mBuilding CXX object CMakeFiles/go2_interfaces__rosidl_typesupport_introspection_cpp.dir/rosidl_typesupport_introspection_cpp/go2_interfaces/msg/detail/motor_cmds__type_support.cpp.o\x1b[0m\n'}
[7.636715] (go2_interfaces) StdoutLine: {'line': b'[ 55%] \x1b[32mBuilding C object CMakeFiles/go2_interfaces__rosidl_typesupport_introspection_c.dir/rosidl_typesupport_introspection_c/go2_interfaces/msg/detail/motor_cmds__type_support.c.o\x1b[0m\n'}
[7.652922] (go2_interfaces) StdoutLine: {'line': b'[ 55%] \x1b[32mBuilding C object CMakeFiles/go2_interfaces__rosidl_typesupport_introspection_c.dir/rosidl_typesupport_introspection_c/go2_interfaces/msg/detail/motor_state__type_support.c.o\x1b[0m\n'}
[7.682210] (go2_interfaces) StdoutLine: {'line': b'[ 55%] \x1b[32mBuilding CXX object CMakeFiles/go2_interfaces__rosidl_typesupport_introspection_cpp.dir/rosidl_typesupport_introspection_cpp/go2_interfaces/msg/detail/motor_state__type_support.cpp.o\x1b[0m\n'}
[7.695176] (go2_interfaces) StdoutLine: {'line': b'[ 55%] \x1b[32mBuilding CXX object CMakeFiles/go2_interfaces__rosidl_typesupport_fastrtps_cpp.dir/rosidl_typesupport_fastrtps_cpp/go2_interfaces/msg/detail/dds_fastrtps/go2_rpy_cmd__type_support.cpp.o\x1b[0m\n'}
[7.695581] (go2_interfaces) StdoutLine: {'line': b'[ 55%] \x1b[32mBuilding CXX object CMakeFiles/go2_interfaces__rosidl_typesupport_fastrtps_cpp.dir/rosidl_typesupport_fastrtps_cpp/go2_interfaces/msg/detail/dds_fastrtps/imu__type_support.cpp.o\x1b[0m\n'}
[7.701413] (go2_interfaces) StdoutLine: {'line': b'[ 56%] \x1b[32mBuilding C object CMakeFiles/go2_interfaces__rosidl_typesupport_introspection_c.dir/rosidl_typesupport_introspection_c/go2_interfaces/msg/detail/motor_states__type_support.c.o\x1b[0m\n'}
[7.716207] (go2_interfaces) StdoutLine: {'line': b'[ 56%] \x1b[32mBuilding C object CMakeFiles/go2_interfaces__rosidl_typesupport_introspection_c.dir/rosidl_typesupport_introspection_c/go2_interfaces/msg/detail/path_point__type_support.c.o\x1b[0m\n'}
[7.723546] (-) TimerEvent: {}
[7.746076] (go2_interfaces) StdoutLine: {'line': b'[ 57%] \x1b[32mBuilding CXX object CMakeFiles/go2_interfaces__rosidl_typesupport_fastrtps_cpp.dir/rosidl_typesupport_fastrtps_cpp/go2_interfaces/msg/detail/dds_fastrtps/audio_data__type_support.cpp.o\x1b[0m\n'}
[7.761565] (go2_interfaces) StdoutLine: {'line': b'[ 57%] \x1b[32mBuilding CXX object CMakeFiles/go2_interfaces__rosidl_typesupport_fastrtps_cpp.dir/rosidl_typesupport_fastrtps_cpp/go2_interfaces/msg/detail/dds_fastrtps/bms_cmd__type_support.cpp.o\x1b[0m\n'}
[7.770387] (go2_interfaces) StdoutLine: {'line': b'[ 58%] \x1b[32mBuilding C object CMakeFiles/go2_interfaces__rosidl_typesupport_introspection_c.dir/rosidl_typesupport_introspection_c/go2_interfaces/msg/detail/req__type_support.c.o\x1b[0m\n'}
[7.783995] (go2_interfaces) StdoutLine: {'line': b'[ 59%] \x1b[32mBuilding CXX object CMakeFiles/go2_interfaces__rosidl_typesupport_fastrtps_cpp.dir/rosidl_typesupport_fastrtps_cpp/go2_interfaces/msg/detail/dds_fastrtps/bms_state__type_support.cpp.o\x1b[0m\n'}
[7.804880] (go2_interfaces) StdoutLine: {'line': b'[ 59%] \x1b[32mBuilding CXX object CMakeFiles/go2_interfaces__rosidl_typesupport_fastrtps_c.dir/rosidl_typesupport_fastrtps_c/go2_interfaces/msg/detail/audio_data__type_support_c.cpp.o\x1b[0m\n'}
[7.818748] (go2_interfaces) StdoutLine: {'line': b'[ 60%] \x1b[32mBuilding CXX object CMakeFiles/go2_interfaces__rosidl_typesupport_introspection_cpp.dir/rosidl_typesupport_introspection_cpp/go2_interfaces/msg/detail/motor_states__type_support.cpp.o\x1b[0m\n'}
[7.825190] (-) TimerEvent: {}
[7.826409] (go2_interfaces) StdoutLine: {'line': b'[ 60%] \x1b[32mBuilding C object CMakeFiles/go2_interfaces__rosidl_typesupport_introspection_c.dir/rosidl_typesupport_introspection_c/go2_interfaces/msg/detail/res__type_support.c.o\x1b[0m\n'}
[7.834224] (go2_interfaces) StdoutLine: {'line': b'[ 60%] \x1b[32mBuilding CXX object CMakeFiles/go2_interfaces__rosidl_typesupport_fastrtps_c.dir/rosidl_typesupport_fastrtps_c/go2_interfaces/msg/detail/bms_cmd__type_support_c.cpp.o\x1b[0m\n'}
[7.892239] (go2_interfaces) StdoutLine: {'line': b'[ 60%] \x1b[32mBuilding C object CMakeFiles/go2_interfaces__rosidl_typesupport_introspection_c.dir/rosidl_typesupport_introspection_c/go2_interfaces/msg/detail/sport_mode_cmd__type_support.c.o\x1b[0m\n'}
[7.925327] (-) TimerEvent: {}
[7.968529] (go2_interfaces) StdoutLine: {'line': b'[ 61%] \x1b[32mBuilding C object CMakeFiles/go2_interfaces__rosidl_typesupport_introspection_c.dir/rosidl_typesupport_introspection_c/go2_interfaces/msg/detail/sport_mode_state__type_support.c.o\x1b[0m\n'}
[8.006985] (go2_interfaces) StdoutLine: {'line': b'[ 61%] \x1b[32mBuilding CXX object CMakeFiles/go2_interfaces__rosidl_typesupport_fastrtps_cpp.dir/rosidl_typesupport_fastrtps_cpp/go2_interfaces/msg/detail/dds_fastrtps/error__type_support.cpp.o\x1b[0m\n'}
[8.021151] (go2_interfaces) StdoutLine: {'line': b'[ 61%] \x1b[32mBuilding CXX object CMakeFiles/go2_interfaces__rosidl_typesupport_introspection_cpp.dir/rosidl_typesupport_introspection_cpp/go2_interfaces/msg/detail/path_point__type_support.cpp.o\x1b[0m\n'}
[8.025305] (go2_interfaces) StdoutLine: {'line': b'[ 61%] \x1b[32mBuilding CXX object CMakeFiles/go2_interfaces__rosidl_typesupport_introspection_cpp.dir/rosidl_typesupport_introspection_cpp/go2_interfaces/msg/detail/req__type_support.cpp.o\x1b[0m\n'}
[8.025564] (-) TimerEvent: {}
[8.032476] (go2_interfaces) StdoutLine: {'line': b'[ 61%] \x1b[32mBuilding C object CMakeFiles/go2_interfaces__rosidl_typesupport_introspection_c.dir/rosidl_typesupport_introspection_c/go2_interfaces/msg/detail/time_spec__type_support.c.o\x1b[0m\n'}
[8.078409] (go2_interfaces) StdoutLine: {'line': b'[ 61%] \x1b[32mBuilding CXX object CMakeFiles/go2_interfaces__rosidl_typesupport_fastrtps_cpp.dir/rosidl_typesupport_fastrtps_cpp/go2_interfaces/msg/detail/dds_fastrtps/go2_front_video_data__type_support.cpp.o\x1b[0m\n'}
[8.093149] (go2_interfaces) StdoutLine: {'line': b'[ 61%] \x1b[32mBuilding C object CMakeFiles/go2_interfaces__rosidl_typesupport_introspection_c.dir/rosidl_typesupport_introspection_c/go2_interfaces/msg/detail/uwb_state__type_support.c.o\x1b[0m\n'}
[8.125724] (-) TimerEvent: {}
[8.131097] (go2_interfaces) StdoutLine: {'line': b'[ 62%] \x1b[32mBuilding CXX object CMakeFiles/go2_interfaces__rosidl_typesupport_introspection_cpp.dir/rosidl_typesupport_introspection_cpp/go2_interfaces/msg/detail/res__type_support.cpp.o\x1b[0m\n'}
[8.147068] (go2_interfaces) StdoutLine: {'line': b'[ 63%] \x1b[32mBuilding C object CMakeFiles/go2_interfaces__rosidl_typesupport_introspection_c.dir/rosidl_typesupport_introspection_c/go2_interfaces/msg/detail/uwb_switch__type_support.c.o\x1b[0m\n'}
[8.166710] (go2_interfaces) StdoutLine: {'line': b'[ 63%] \x1b[32mBuilding C object CMakeFiles/go2_interfaces__rosidl_typesupport_introspection_c.dir/rosidl_typesupport_introspection_c/go2_interfaces/msg/detail/voxel_map_compressed__type_support.c.o\x1b[0m\n'}
[8.168902] (go2_interfaces) StdoutLine: {'line': b'[ 63%] \x1b[32mBuilding C object CMakeFiles/go2_interfaces__rosidl_typesupport_introspection_c.dir/rosidl_typesupport_introspection_c/go2_interfaces/msg/detail/voxel_height_map_state__type_support.c.o\x1b[0m\n'}
[8.175117] (go2_interfaces) StdoutLine: {'line': b'[ 64%] \x1b[32mBuilding CXX object CMakeFiles/go2_interfaces__rosidl_typesupport_fastrtps_c.dir/rosidl_typesupport_fastrtps_c/go2_interfaces/msg/detail/bms_state__type_support_c.cpp.o\x1b[0m\n'}
[8.196899] (go2_interfaces) StdoutLine: {'line': b'[ 65%] \x1b[32mBuilding CXX object CMakeFiles/go2_interfaces__rosidl_typesupport_fastrtps_cpp.dir/rosidl_typesupport_fastrtps_cpp/go2_interfaces/msg/detail/dds_fastrtps/height_map__type_support.cpp.o\x1b[0m\n'}
[8.213354] (go2_interfaces) StdoutLine: {'line': b'[ 65%] \x1b[32mBuilding CXX object CMakeFiles/go2_interfaces__rosidl_typesupport_introspection_cpp.dir/rosidl_typesupport_introspection_cpp/go2_interfaces/msg/detail/sport_mode_cmd__type_support.cpp.o\x1b[0m\n'}
[8.223044] (go2_interfaces) StdoutLine: {'line': b'[ 65%] \x1b[32mBuilding CXX object CMakeFiles/go2_interfaces__rosidl_typesupport_fastrtps_c.dir/rosidl_typesupport_fastrtps_c/go2_interfaces/msg/detail/error__type_support_c.cpp.o\x1b[0m\n'}
[8.228119] (go2_interfaces) StdoutLine: {'line': b'[ 66%] \x1b[32mBuilding C object CMakeFiles/go2_interfaces__rosidl_typesupport_introspection_c.dir/rosidl_typesupport_introspection_c/go2_interfaces/msg/detail/web_rtc_req__type_support.c.o\x1b[0m\n'}
[8.228377] (-) TimerEvent: {}
[8.247314] (go2_interfaces) StdoutLine: {'line': b'[ 66%] \x1b[32mBuilding C object CMakeFiles/go2_interfaces__rosidl_typesupport_introspection_c.dir/rosidl_typesupport_introspection_c/go2_interfaces/msg/detail/wireless_controller__type_support.c.o\x1b[0m\n'}
[8.248170] (go2_interfaces) StdoutLine: {'line': b'[ 67%] \x1b[32mBuilding CXX object CMakeFiles/go2_interfaces__rosidl_typesupport_introspection_cpp.dir/rosidl_typesupport_introspection_cpp/go2_interfaces/msg/detail/sport_mode_state__type_support.cpp.o\x1b[0m\n'}
[8.266354] (go2_interfaces) StdoutLine: {'line': b'[ 67%] \x1b[32mBuilding CXX object CMakeFiles/go2_interfaces__rosidl_typesupport_fastrtps_c.dir/rosidl_typesupport_fastrtps_c/go2_interfaces/msg/detail/go2_front_video_data__type_support_c.cpp.o\x1b[0m\n'}
[8.271782] (go2_interfaces) StdoutLine: {'line': b'[ 67%] \x1b[32mBuilding CXX object CMakeFiles/go2_interfaces__rosidl_typesupport_introspection_cpp.dir/rosidl_typesupport_introspection_cpp/go2_interfaces/msg/detail/time_spec__type_support.cpp.o\x1b[0m\n'}
[8.276744] (go2_interfaces) StdoutLine: {'line': b'[ 68%] \x1b[32mBuilding CXX object CMakeFiles/go2_interfaces__rosidl_typesupport_fastrtps_c.dir/rosidl_typesupport_fastrtps_c/go2_interfaces/msg/detail/height_map__type_support_c.cpp.o\x1b[0m\n'}
[8.288338] (go2_interfaces) StdoutLine: {'line': b'[ 68%] \x1b[32mBuilding CXX object CMakeFiles/go2_interfaces__rosidl_typesupport_introspection_cpp.dir/rosidl_typesupport_introspection_cpp/go2_interfaces/msg/detail/uwb_state__type_support.cpp.o\x1b[0m\n'}
[8.309110] (go2_interfaces) StdoutLine: {'line': b'[ 69%] \x1b[32m\x1b[1mLinking C shared library libgo2_interfaces__rosidl_typesupport_introspection_c.so\x1b[0m\n'}
[8.312622] (go2_interfaces) StdoutLine: {'line': b'[ 69%] \x1b[32mBuilding CXX object CMakeFiles/go2_interfaces__rosidl_typesupport_fastrtps_cpp.dir/rosidl_typesupport_fastrtps_cpp/go2_interfaces/msg/detail/dds_fastrtps/interface_config__type_support.cpp.o\x1b[0m\n'}
[8.328542] (-) TimerEvent: {}
[8.376235] (go2_interfaces) StdoutLine: {'line': b'[ 69%] Built target go2_interfaces__rosidl_typesupport_introspection_c\n'}
[8.393909] (go2_interfaces) StdoutLine: {'line': b'[ 69%] \x1b[32mBuilding CXX object CMakeFiles/go2_interfaces__rosidl_typesupport_fastrtps_cpp.dir/rosidl_typesupport_fastrtps_cpp/go2_interfaces/msg/detail/dds_fastrtps/lidar_state__type_support.cpp.o\x1b[0m\n'}
[8.432128] (-) TimerEvent: {}
[8.488931] (go2_interfaces) StdoutLine: {'line': b'[ 70%] \x1b[32mBuilding CXX object CMakeFiles/go2_interfaces__rosidl_typesupport_fastrtps_cpp.dir/rosidl_typesupport_fastrtps_cpp/go2_interfaces/msg/detail/dds_fastrtps/low_cmd__type_support.cpp.o\x1b[0m\n'}
[8.507422] (go2_interfaces) StdoutLine: {'line': b'[ 71%] \x1b[32mBuilding CXX object CMakeFiles/go2_interfaces__rosidl_typesupport_introspection_cpp.dir/rosidl_typesupport_introspection_cpp/go2_interfaces/msg/detail/uwb_switch__type_support.cpp.o\x1b[0m\n'}
[8.514125] (go2_interfaces) StdoutLine: {'line': b'[ 71%] \x1b[32mBuilding CXX object CMakeFiles/go2_interfaces__rosidl_typesupport_fastrtps_cpp.dir/rosidl_typesupport_fastrtps_cpp/go2_interfaces/msg/detail/dds_fastrtps/low_state__type_support.cpp.o\x1b[0m\n'}
[8.532270] (-) TimerEvent: {}
[8.617162] (go2_interfaces) StdoutLine: {'line': b'[ 71%] \x1b[32mBuilding CXX object CMakeFiles/go2_interfaces__rosidl_typesupport_introspection_cpp.dir/rosidl_typesupport_introspection_cpp/go2_interfaces/msg/detail/voxel_map_compressed__type_support.cpp.o\x1b[0m\n'}
[8.632399] (-) TimerEvent: {}
[8.680561] (go2_interfaces) StdoutLine: {'line': b'[ 71%] \x1b[32mBuilding CXX object CMakeFiles/go2_interfaces__rosidl_typesupport_fastrtps_c.dir/rosidl_typesupport_fastrtps_c/go2_interfaces/msg/detail/interface_config__type_support_c.cpp.o\x1b[0m\n'}
[8.683206] (go2_interfaces) StdoutLine: {'line': b'[ 71%] \x1b[32mBuilding CXX object CMakeFiles/go2_interfaces__rosidl_typesupport_fastrtps_c.dir/rosidl_typesupport_fastrtps_c/go2_interfaces/msg/detail/lidar_state__type_support_c.cpp.o\x1b[0m\n'}
[8.695495] (go2_interfaces) StdoutLine: {'line': b'[ 72%] \x1b[32mBuilding CXX object CMakeFiles/go2_interfaces__rosidl_typesupport_fastrtps_cpp.dir/rosidl_typesupport_fastrtps_cpp/go2_interfaces/msg/detail/dds_fastrtps/motor_cmd__type_support.cpp.o\x1b[0m\n'}
[8.717133] (go2_interfaces) StdoutLine: {'line': b'[ 72%] \x1b[32mBuilding CXX object CMakeFiles/go2_interfaces__rosidl_typesupport_fastrtps_cpp.dir/rosidl_typesupport_fastrtps_cpp/go2_interfaces/msg/detail/dds_fastrtps/motor_cmds__type_support.cpp.o\x1b[0m\n'}
[8.732557] (-) TimerEvent: {}
[8.746743] (go2_interfaces) StdoutLine: {'line': b'[ 73%] \x1b[32mBuilding CXX object CMakeFiles/go2_interfaces__rosidl_typesupport_fastrtps_c.dir/rosidl_typesupport_fastrtps_c/go2_interfaces/msg/detail/low_cmd__type_support_c.cpp.o\x1b[0m\n'}
[8.751729] (go2_interfaces) StdoutLine: {'line': b'[ 73%] \x1b[32mBuilding CXX object CMakeFiles/go2_interfaces__rosidl_typesupport_fastrtps_c.dir/rosidl_typesupport_fastrtps_c/go2_interfaces/msg/detail/low_state__type_support_c.cpp.o\x1b[0m\n'}
[8.767823] (go2_interfaces) StdoutLine: {'line': b'[ 73%] \x1b[32mBuilding CXX object CMakeFiles/go2_interfaces__rosidl_typesupport_fastrtps_cpp.dir/rosidl_typesupport_fastrtps_cpp/go2_interfaces/msg/detail/dds_fastrtps/motor_state__type_support.cpp.o\x1b[0m\n'}
[8.786469] (go2_interfaces) StdoutLine: {'line': b'[ 74%] \x1b[32mBuilding CXX object CMakeFiles/go2_interfaces__rosidl_typesupport_fastrtps_c.dir/rosidl_typesupport_fastrtps_c/go2_interfaces/msg/detail/motor_cmd__type_support_c.cpp.o\x1b[0m\n'}
[8.793959] (go2_interfaces) StdoutLine: {'line': b'[ 74%] \x1b[32mBuilding CXX object CMakeFiles/go2_interfaces__rosidl_typesupport_introspection_cpp.dir/rosidl_typesupport_introspection_cpp/go2_interfaces/msg/detail/voxel_height_map_state__type_support.cpp.o\x1b[0m\n'}
[8.832691] (-) TimerEvent: {}
[8.854065] (go2_interfaces) StdoutLine: {'line': b'[ 74%] \x1b[32mBuilding CXX object CMakeFiles/go2_interfaces__rosidl_typesupport_fastrtps_c.dir/rosidl_typesupport_fastrtps_c/go2_interfaces/msg/detail/motor_cmds__type_support_c.cpp.o\x1b[0m\n'}
[8.892223] (go2_interfaces) StdoutLine: {'line': b'[ 75%] \x1b[32mBuilding CXX object CMakeFiles/go2_interfaces__rosidl_typesupport_introspection_cpp.dir/rosidl_typesupport_introspection_cpp/go2_interfaces/msg/detail/web_rtc_req__type_support.cpp.o\x1b[0m\n'}
[8.920653] (go2_interfaces) StdoutLine: {'line': b'[ 75%] \x1b[32mBuilding CXX object CMakeFiles/go2_interfaces__rosidl_typesupport_fastrtps_c.dir/rosidl_typesupport_fastrtps_c/go2_interfaces/msg/detail/motor_state__type_support_c.cpp.o\x1b[0m\n'}
[8.932820] (-) TimerEvent: {}
[8.981489] (go2_interfaces) StdoutLine: {'line': b'[ 76%] \x1b[32mBuilding CXX object CMakeFiles/go2_interfaces__rosidl_typesupport_fastrtps_c.dir/rosidl_typesupport_fastrtps_c/go2_interfaces/msg/detail/motor_states__type_support_c.cpp.o\x1b[0m\n'}
[9.002354] (go2_interfaces) StdoutLine: {'line': b'[ 76%] \x1b[32mBuilding CXX object CMakeFiles/go2_interfaces__rosidl_typesupport_fastrtps_c.dir/rosidl_typesupport_fastrtps_c/go2_interfaces/msg/detail/path_point__type_support_c.cpp.o\x1b[0m\n'}
[9.032963] (-) TimerEvent: {}
[9.104380] (go2_interfaces) StdoutLine: {'line': b'[ 76%] \x1b[32mBuilding CXX object CMakeFiles/go2_interfaces__rosidl_typesupport_introspection_cpp.dir/rosidl_typesupport_introspection_cpp/go2_interfaces/msg/detail/wireless_controller__type_support.cpp.o\x1b[0m\n'}
[9.109930] (go2_interfaces) StdoutLine: {'line': b'[ 76%] \x1b[32mBuilding CXX object CMakeFiles/go2_interfaces__rosidl_typesupport_fastrtps_c.dir/rosidl_typesupport_fastrtps_c/go2_interfaces/msg/detail/req__type_support_c.cpp.o\x1b[0m\n'}
[9.128449] (go2_interfaces) StdoutLine: {'line': b'[ 77%] \x1b[32mBuilding CXX object CMakeFiles/go2_interfaces__rosidl_typesupport_fastrtps_c.dir/rosidl_typesupport_fastrtps_c/go2_interfaces/msg/detail/res__type_support_c.cpp.o\x1b[0m\n'}
[9.133153] (-) TimerEvent: {}
[9.166915] (go2_interfaces) StdoutLine: {'line': b'[ 77%] \x1b[32mBuilding CXX object CMakeFiles/go2_interfaces__rosidl_typesupport_fastrtps_c.dir/rosidl_typesupport_fastrtps_c/go2_interfaces/msg/detail/sport_mode_cmd__type_support_c.cpp.o\x1b[0m\n'}
[9.188350] (go2_interfaces) StdoutLine: {'line': b'[ 78%] \x1b[32mBuilding CXX object CMakeFiles/go2_interfaces__rosidl_typesupport_fastrtps_cpp.dir/rosidl_typesupport_fastrtps_cpp/go2_interfaces/msg/detail/dds_fastrtps/motor_states__type_support.cpp.o\x1b[0m\n'}
[9.192111] (go2_interfaces) StdoutLine: {'line': b'[ 78%] \x1b[32mBuilding CXX object CMakeFiles/go2_interfaces__rosidl_typesupport_fastrtps_cpp.dir/rosidl_typesupport_fastrtps_cpp/go2_interfaces/msg/detail/dds_fastrtps/path_point__type_support.cpp.o\x1b[0m\n'}
[9.216422] (go2_interfaces) StdoutLine: {'line': b'[ 79%] \x1b[32mBuilding CXX object CMakeFiles/go2_interfaces__rosidl_typesupport_fastrtps_c.dir/rosidl_typesupport_fastrtps_c/go2_interfaces/msg/detail/sport_mode_state__type_support_c.cpp.o\x1b[0m\n'}
[9.232361] (go2_interfaces) StdoutLine: {'line': b'[ 79%] \x1b[32mBuilding CXX object CMakeFiles/go2_interfaces__rosidl_typesupport_fastrtps_cpp.dir/rosidl_typesupport_fastrtps_cpp/go2_interfaces/msg/detail/dds_fastrtps/req__type_support.cpp.o\x1b[0m\n'}
[9.233209] (-) TimerEvent: {}
[9.248831] (go2_interfaces) StdoutLine: {'line': b'[ 79%] \x1b[32mBuilding CXX object CMakeFiles/go2_interfaces__rosidl_typesupport_fastrtps_c.dir/rosidl_typesupport_fastrtps_c/go2_interfaces/msg/detail/time_spec__type_support_c.cpp.o\x1b[0m\n'}
[9.263207] (go2_interfaces) StdoutLine: {'line': b'[ 80%] \x1b[32mBuilding CXX object CMakeFiles/go2_interfaces__rosidl_typesupport_fastrtps_cpp.dir/rosidl_typesupport_fastrtps_cpp/go2_interfaces/msg/detail/dds_fastrtps/res__type_support.cpp.o\x1b[0m\n'}
[9.271871] (go2_interfaces) StdoutLine: {'line': b'[ 80%] \x1b[32mBuilding CXX object CMakeFiles/go2_interfaces__rosidl_typesupport_fastrtps_c.dir/rosidl_typesupport_fastrtps_c/go2_interfaces/msg/detail/uwb_state__type_support_c.cpp.o\x1b[0m\n'}
[9.275929] (go2_interfaces) StdoutLine: {'line': b'[ 81%] \x1b[32mBuilding CXX object CMakeFiles/go2_interfaces__rosidl_typesupport_fastrtps_c.dir/rosidl_typesupport_fastrtps_c/go2_interfaces/msg/detail/uwb_switch__type_support_c.cpp.o\x1b[0m\n'}
[9.320602] (go2_interfaces) StdoutLine: {'line': b'[ 81%] \x1b[32mBuilding CXX object CMakeFiles/go2_interfaces__rosidl_typesupport_fastrtps_cpp.dir/rosidl_typesupport_fastrtps_cpp/go2_interfaces/msg/detail/dds_fastrtps/sport_mode_cmd__type_support.cpp.o\x1b[0m\n'}
[9.333370] (-) TimerEvent: {}
[9.378139] (go2_interfaces) StdoutLine: {'line': b'[ 81%] \x1b[32mBuilding CXX object CMakeFiles/go2_interfaces__rosidl_typesupport_fastrtps_c.dir/rosidl_typesupport_fastrtps_c/go2_interfaces/msg/detail/voxel_map_compressed__type_support_c.cpp.o\x1b[0m\n'}
[9.412413] (go2_interfaces) StdoutLine: {'line': b'[ 81%] \x1b[32mBuilding CXX object CMakeFiles/go2_interfaces__rosidl_typesupport_fastrtps_c.dir/rosidl_typesupport_fastrtps_c/go2_interfaces/msg/detail/voxel_height_map_state__type_support_c.cpp.o\x1b[0m\n'}
[9.412694] (go2_interfaces) StdoutLine: {'line': b'[ 81%] \x1b[32mBuilding CXX object CMakeFiles/go2_interfaces__rosidl_typesupport_fastrtps_cpp.dir/rosidl_typesupport_fastrtps_cpp/go2_interfaces/msg/detail/dds_fastrtps/sport_mode_state__type_support.cpp.o\x1b[0m\n'}
[9.433490] (-) TimerEvent: {}
[9.533923] (-) TimerEvent: {}
[9.555173] (go2_interfaces) StdoutLine: {'line': b'[ 82%] \x1b[32mBuilding CXX object CMakeFiles/go2_interfaces__rosidl_typesupport_fastrtps_cpp.dir/rosidl_typesupport_fastrtps_cpp/go2_interfaces/msg/detail/dds_fastrtps/time_spec__type_support.cpp.o\x1b[0m\n'}
[9.597987] (go2_interfaces) StdoutLine: {'line': b'[ 83%] \x1b[32mBuilding CXX object CMakeFiles/go2_interfaces__rosidl_typesupport_fastrtps_c.dir/rosidl_typesupport_fastrtps_c/go2_interfaces/msg/detail/web_rtc_req__type_support_c.cpp.o\x1b[0m\n'}
[9.598642] (go2_interfaces) StdoutLine: {'line': b'[ 83%] \x1b[32mBuilding CXX object CMakeFiles/go2_interfaces__rosidl_typesupport_fastrtps_cpp.dir/rosidl_typesupport_fastrtps_cpp/go2_interfaces/msg/detail/dds_fastrtps/uwb_state__type_support.cpp.o\x1b[0m\n'}
[9.634710] (-) TimerEvent: {}
[9.644307] (go2_interfaces) StdoutLine: {'line': b'[ 84%] \x1b[32m\x1b[1mLinking CXX shared library libgo2_interfaces__rosidl_typesupport_introspection_cpp.so\x1b[0m\n'}
[9.694124] (go2_interfaces) StdoutLine: {'line': b'[ 85%] \x1b[32mBuilding CXX object CMakeFiles/go2_interfaces__rosidl_typesupport_fastrtps_cpp.dir/rosidl_typesupport_fastrtps_cpp/go2_interfaces/msg/detail/dds_fastrtps/uwb_switch__type_support.cpp.o\x1b[0m\n'}
[9.699394] (go2_interfaces) StdoutLine: {'line': b'[ 85%] \x1b[32mBuilding CXX object CMakeFiles/go2_interfaces__rosidl_typesupport_fastrtps_c.dir/rosidl_typesupport_fastrtps_c/go2_interfaces/msg/detail/wireless_controller__type_support_c.cpp.o\x1b[0m\n'}
[9.699648] (go2_interfaces) StdoutLine: {'line': b'[ 85%] \x1b[32mBuilding CXX object CMakeFiles/go2_interfaces__rosidl_typesupport_fastrtps_cpp.dir/rosidl_typesupport_fastrtps_cpp/go2_interfaces/msg/detail/dds_fastrtps/voxel_map_compressed__type_support.cpp.o\x1b[0m\n'}
[9.704670] (go2_interfaces) StdoutLine: {'line': b'[ 85%] \x1b[32mBuilding CXX object CMakeFiles/go2_interfaces__rosidl_typesupport_fastrtps_cpp.dir/rosidl_typesupport_fastrtps_cpp/go2_interfaces/msg/detail/dds_fastrtps/voxel_height_map_state__type_support.cpp.o\x1b[0m\n'}
[9.739153] (-) TimerEvent: {}
[9.756862] (go2_interfaces) StdoutLine: {'line': b'[ 86%] \x1b[32mBuilding CXX object CMakeFiles/go2_interfaces__rosidl_typesupport_fastrtps_cpp.dir/rosidl_typesupport_fastrtps_cpp/go2_interfaces/msg/detail/dds_fastrtps/web_rtc_req__type_support.cpp.o\x1b[0m\n'}
[9.781634] (go2_interfaces) StdoutLine: {'line': b'[ 86%] \x1b[32mBuilding CXX object CMakeFiles/go2_interfaces__rosidl_typesupport_fastrtps_cpp.dir/rosidl_typesupport_fastrtps_cpp/go2_interfaces/msg/detail/dds_fastrtps/wireless_controller__type_support.cpp.o\x1b[0m\n'}
[9.839276] (-) TimerEvent: {}
[9.843138] (go2_interfaces) StdoutLine: {'line': b'[ 86%] Built target go2_interfaces__rosidl_typesupport_introspection_cpp\n'}
[9.939403] (-) TimerEvent: {}
[10.039780] (-) TimerEvent: {}
[10.108232] (go2_interfaces) StdoutLine: {'line': b'[ 86%] \x1b[32m\x1b[1mLinking CXX shared library libgo2_interfaces__rosidl_typesupport_fastrtps_c.so\x1b[0m\n'}
[10.139876] (-) TimerEvent: {}
[10.179364] (go2_interfaces) StdoutLine: {'line': b'[ 86%] \x1b[32m\x1b[1mLinking CXX shared library libgo2_interfaces__rosidl_typesupport_fastrtps_cpp.so\x1b[0m\n'}
[10.201408] (go2_interfaces) StdoutLine: {'line': b'[ 86%] Built target go2_interfaces__rosidl_typesupport_fastrtps_c\n'}
[10.239990] (-) TimerEvent: {}
[10.298861] (go2_interfaces) StdoutLine: {'line': b'[ 86%] Built target go2_interfaces__rosidl_typesupport_fastrtps_cpp\n'}
[10.323941] (go2_interfaces) StdoutLine: {'line': b'[ 86%] Built target go2_interfaces\n'}
[10.340062] (-) TimerEvent: {}
[10.349329] (go2_interfaces) StdoutLine: {'line': b'[ 86%] \x1b[34m\x1b[1mGenerating Python code for ROS interfaces\x1b[0m\n'}
[10.440188] (-) TimerEvent: {}
[10.540491] (-) TimerEvent: {}
[10.640790] (-) TimerEvent: {}
[10.741094] (-) TimerEvent: {}
[10.841399] (-) TimerEvent: {}
[10.941704] (-) TimerEvent: {}
[11.042003] (-) TimerEvent: {}
[11.142320] (-) TimerEvent: {}
[11.242616] (-) TimerEvent: {}
[11.342945] (-) TimerEvent: {}
[11.443263] (-) TimerEvent: {}
[11.543567] (-) TimerEvent: {}
[11.643865] (-) TimerEvent: {}
[11.744185] (-) TimerEvent: {}
[11.844486] (-) TimerEvent: {}
[11.944787] (-) TimerEvent: {}
[12.045091] (-) TimerEvent: {}
[12.145388] (-) TimerEvent: {}
[12.245688] (-) TimerEvent: {}
[12.345992] (-) TimerEvent: {}
[12.446310] (-) TimerEvent: {}
[12.546611] (-) TimerEvent: {}
[12.646905] (-) TimerEvent: {}
[12.747220] (-) TimerEvent: {}
[12.847517] (-) TimerEvent: {}
[12.947808] (-) TimerEvent: {}
[13.048092] (-) TimerEvent: {}
[13.148381] (-) TimerEvent: {}
[13.248675] (-) TimerEvent: {}
[13.348968] (-) TimerEvent: {}
[13.449279] (-) TimerEvent: {}
[13.549589] (-) TimerEvent: {}
[13.556734] (go2_interfaces) StdoutLine: {'line': b'[ 86%] Built target go2_interfaces__py\n'}
[13.591950] (go2_interfaces) StdoutLine: {'line': b'[ 86%] \x1b[32mBuilding C object CMakeFiles/go2_interfaces__rosidl_generator_py.dir/rosidl_generator_py/go2_interfaces/msg/_bms_cmd_s.c.o\x1b[0m\n'}
[13.592260] (go2_interfaces) StdoutLine: {'line': b'[ 86%] \x1b[32mBuilding C object CMakeFiles/go2_interfaces__rosidl_generator_py.dir/rosidl_generator_py/go2_interfaces/msg/_imu_s.c.o\x1b[0m\n'}
[13.592330] (go2_interfaces) StdoutLine: {'line': b'[ 86%] \x1b[32mBuilding C object CMakeFiles/go2_interfaces__rosidl_generator_py.dir/rosidl_generator_py/go2_interfaces/msg/_go2_rpy_cmd_s.c.o\x1b[0m\n'}
[13.592395] (go2_interfaces) StdoutLine: {'line': b'[ 87%] \x1b[32mBuilding C object CMakeFiles/go2_interfaces__rosidl_generator_py.dir/rosidl_generator_py/go2_interfaces/msg/_audio_data_s.c.o\x1b[0m\n'}
[13.592455] (go2_interfaces) StdoutLine: {'line': b'[ 88%] \x1b[32mBuilding C object CMakeFiles/go2_interfaces__rosidl_generator_py.dir/rosidl_generator_py/go2_interfaces/msg/_go2_cmd_s.c.o\x1b[0m\n'}
[13.592527] (go2_interfaces) StdoutLine: {'line': b'[ 87%] \x1b[32mBuilding C object CMakeFiles/go2_interfaces__rosidl_generator_py.dir/rosidl_generator_py/go2_interfaces/msg/_bms_state_s.c.o\x1b[0m\n'}
[13.592643] (go2_interfaces) StdoutLine: {'line': b'[ 88%] \x1b[32mBuilding C object CMakeFiles/go2_interfaces__rosidl_generator_py.dir/rosidl_generator_py/go2_interfaces/msg/_height_map_s.c.o\x1b[0m\n'}
[13.592744] (go2_interfaces) StdoutLine: {'line': b'[ 88%] \x1b[32mBuilding C object CMakeFiles/go2_interfaces__rosidl_generator_py.dir/rosidl_generator_py/go2_interfaces/msg/_lidar_state_s.c.o\x1b[0m\n'}
[13.592807] (go2_interfaces) StdoutLine: {'line': b'[ 89%] \x1b[32mBuilding C object CMakeFiles/go2_interfaces__rosidl_generator_py.dir/rosidl_generator_py/go2_interfaces/msg/_interface_config_s.c.o\x1b[0m\n'}
[13.593510] (go2_interfaces) StdoutLine: {'line': b'[ 90%] \x1b[32mBuilding C object CMakeFiles/go2_interfaces__rosidl_generator_py.dir/rosidl_generator_py/go2_interfaces/msg/_low_cmd_s.c.o\x1b[0m\n'}
[13.593700] (go2_interfaces) StdoutLine: {'line': b'[ 90%] \x1b[32mBuilding C object CMakeFiles/go2_interfaces__rosidl_generator_py.dir/rosidl_generator_py/go2_interfaces/msg/_low_state_s.c.o\x1b[0m\n'}
[13.593795] (go2_interfaces) StdoutLine: {'line': b'[ 90%] \x1b[32mBuilding C object CMakeFiles/go2_interfaces__rosidl_generator_py.dir/rosidl_generator_py/go2_interfaces/msg/_go2_state_s.c.o\x1b[0m\n'}
[13.593855] (go2_interfaces) StdoutLine: {'line': b'[ 91%] \x1b[32mBuilding C object CMakeFiles/go2_interfaces__rosidl_generator_py.dir/rosidl_generator_py/go2_interfaces/msg/_go2_move_s.c.o\x1b[0m\n'}
[13.594640] (go2_interfaces) StdoutLine: {'line': b'[ 91%] \x1b[32mBuilding C object CMakeFiles/go2_interfaces__rosidl_generator_py.dir/rosidl_generator_py/go2_interfaces/msg/_motor_cmd_s.c.o\x1b[0m\n'}
[13.596752] (go2_interfaces) StdoutLine: {'line': b'[ 92%] \x1b[32mBuilding C object CMakeFiles/go2_interfaces__rosidl_generator_py.dir/rosidl_generator_py/go2_interfaces/msg/_error_s.c.o\x1b[0m\n'}
[13.596876] (go2_interfaces) StdoutLine: {'line': b'[ 92%] \x1b[32mBuilding C object CMakeFiles/go2_interfaces__rosidl_generator_py.dir/rosidl_generator_py/go2_interfaces/msg/_go2_front_video_data_s.c.o\x1b[0m\n'}
[13.652112] (-) TimerEvent: {}
[13.752494] (-) TimerEvent: {}
[13.770326] (go2_interfaces) StdoutLine: {'line': b'[ 93%] \x1b[32mBuilding C object CMakeFiles/go2_interfaces__rosidl_generator_py.dir/rosidl_generator_py/go2_interfaces/msg/_motor_cmds_s.c.o\x1b[0m\n'}
[13.770597] (go2_interfaces) StdoutLine: {'line': b'[ 93%] \x1b[32mBuilding C object CMakeFiles/go2_interfaces__rosidl_generator_py.dir/rosidl_generator_py/go2_interfaces/msg/_motor_state_s.c.o\x1b[0m\n'}
[13.770660] (go2_interfaces) StdoutLine: {'line': b'[ 94%] \x1b[32mBuilding C object CMakeFiles/go2_interfaces__rosidl_generator_py.dir/rosidl_generator_py/go2_interfaces/msg/_path_point_s.c.o\x1b[0m\n'}
[13.770718] (go2_interfaces) StdoutLine: {'line': b'[ 94%] \x1b[32mBuilding C object CMakeFiles/go2_interfaces__rosidl_generator_py.dir/rosidl_generator_py/go2_interfaces/msg/_motor_states_s.c.o\x1b[0m\n'}
[13.772395] (go2_interfaces) StdoutLine: {'line': b'[ 94%] \x1b[32mBuilding C object CMakeFiles/go2_interfaces__rosidl_generator_py.dir/rosidl_generator_py/go2_interfaces/msg/_req_s.c.o\x1b[0m\n'}
[13.774884] (go2_interfaces) StdoutLine: {'line': b'[ 95%] \x1b[32mBuilding C object CMakeFiles/go2_interfaces__rosidl_generator_py.dir/rosidl_generator_py/go2_interfaces/msg/_res_s.c.o\x1b[0m\n'}
[13.783079] (go2_interfaces) StdoutLine: {'line': b'[ 95%] \x1b[32mBuilding C object CMakeFiles/go2_interfaces__rosidl_generator_py.dir/rosidl_generator_py/go2_interfaces/msg/_sport_mode_cmd_s.c.o\x1b[0m\n'}
[13.786133] (go2_interfaces) StdoutLine: {'line': b'[ 96%] \x1b[32mBuilding C object CMakeFiles/go2_interfaces__rosidl_generator_py.dir/rosidl_generator_py/go2_interfaces/msg/_time_spec_s.c.o\x1b[0m\n'}
[13.787505] (go2_interfaces) StdoutLine: {'line': b'[ 96%] \x1b[32mBuilding C object CMakeFiles/go2_interfaces__rosidl_generator_py.dir/rosidl_generator_py/go2_interfaces/msg/_sport_mode_state_s.c.o\x1b[0m\n'}
[13.788607] (go2_interfaces) StdoutLine: {'line': b'[ 97%] \x1b[32mBuilding C object CMakeFiles/go2_interfaces__rosidl_generator_py.dir/rosidl_generator_py/go2_interfaces/msg/_voxel_map_compressed_s.c.o\x1b[0m\n'}
[13.789200] (go2_interfaces) StdoutLine: {'line': b'[ 97%] \x1b[32mBuilding C object CMakeFiles/go2_interfaces__rosidl_generator_py.dir/rosidl_generator_py/go2_interfaces/msg/_uwb_state_s.c.o\x1b[0m\n'}
[13.789390] (go2_interfaces) StdoutLine: {'line': b'[ 97%] \x1b[32mBuilding C object CMakeFiles/go2_interfaces__rosidl_generator_py.dir/rosidl_generator_py/go2_interfaces/msg/_uwb_switch_s.c.o\x1b[0m\n'}
[13.795353] (go2_interfaces) StdoutLine: {'line': b'[ 97%] \x1b[32mBuilding C object CMakeFiles/go2_interfaces__rosidl_generator_py.dir/rosidl_generator_py/go2_interfaces/msg/_voxel_height_map_state_s.c.o\x1b[0m\n'}
[13.797652] (go2_interfaces) StdoutLine: {'line': b'[ 97%] \x1b[32mBuilding C object CMakeFiles/go2_interfaces__rosidl_generator_py.dir/rosidl_generator_py/go2_interfaces/msg/_web_rtc_req_s.c.o\x1b[0m\n'}
[13.803614] (go2_interfaces) StdoutLine: {'line': b'[ 98%] \x1b[32mBuilding C object CMakeFiles/go2_interfaces__rosidl_generator_py.dir/rosidl_generator_py/go2_interfaces/msg/_wireless_controller_s.c.o\x1b[0m\n'}
[13.854116] (-) TimerEvent: {}
[13.943093] (go2_interfaces) StdoutLine: {'line': b'[ 98%] \x1b[32m\x1b[1mLinking C shared library rosidl_generator_py/go2_interfaces/libgo2_interfaces__rosidl_generator_py.so\x1b[0m\n'}
[13.954180] (-) TimerEvent: {}
[13.998916] (go2_interfaces) StdoutLine: {'line': b'[ 98%] Built target go2_interfaces__rosidl_generator_py\n'}
[14.022052] (go2_interfaces) StdoutLine: {'line': b'[ 98%] \x1b[32mBuilding C object CMakeFiles/go2_interfaces__rosidl_typesupport_introspection_c__pyext.dir/rosidl_generator_py/go2_interfaces/_go2_interfaces_s.ep.rosidl_typesupport_introspection_c.c.o\x1b[0m\n'}
[14.024703] (go2_interfaces) StdoutLine: {'line': b'[ 99%] \x1b[32mBuilding C object CMakeFiles/go2_interfaces__rosidl_typesupport_c__pyext.dir/rosidl_generator_py/go2_interfaces/_go2_interfaces_s.ep.rosidl_typesupport_c.c.o\x1b[0m\n'}
[14.027446] (go2_interfaces) StdoutLine: {'line': b'[100%] \x1b[32mBuilding C object CMakeFiles/go2_interfaces__rosidl_typesupport_fastrtps_c__pyext.dir/rosidl_generator_py/go2_interfaces/_go2_interfaces_s.ep.rosidl_typesupport_fastrtps_c.c.o\x1b[0m\n'}
[14.054261] (-) TimerEvent: {}
[14.154523] (-) TimerEvent: {}
[14.191957] (go2_interfaces) StdoutLine: {'line': b'[100%] \x1b[32m\x1b[1mLinking C shared library rosidl_generator_py/go2_interfaces/go2_interfaces_s__rosidl_typesupport_introspection_c.cpython-310-x86_64-linux-gnu.so\x1b[0m\n'}
[14.192869] (go2_interfaces) StdoutLine: {'line': b'[100%] \x1b[32m\x1b[1mLinking C shared library rosidl_generator_py/go2_interfaces/go2_interfaces_s__rosidl_typesupport_c.cpython-310-x86_64-linux-gnu.so\x1b[0m\n'}
[14.194710] (go2_interfaces) StdoutLine: {'line': b'[100%] \x1b[32m\x1b[1mLinking C shared library rosidl_generator_py/go2_interfaces/go2_interfaces_s__rosidl_typesupport_fastrtps_c.cpython-310-x86_64-linux-gnu.so\x1b[0m\n'}
[14.237998] (go2_interfaces) StdoutLine: {'line': b'[100%] Built target go2_interfaces__rosidl_typesupport_c__pyext\n'}
[14.246139] (go2_interfaces) StdoutLine: {'line': b'[100%] Built target go2_interfaces__rosidl_typesupport_fastrtps_c__pyext\n'}
[14.248971] (go2_interfaces) StdoutLine: {'line': b'[100%] Built target go2_interfaces__rosidl_typesupport_introspection_c__pyext\n'}
[14.254584] (-) TimerEvent: {}
[14.265796] (go2_interfaces) CommandEnded: {'returncode': 0}
[14.266682] (go2_interfaces) JobProgress: {'identifier': 'go2_interfaces', 'progress': 'install'}
[14.278420] (go2_interfaces) Command: {'cmd': ['/usr/bin/cmake', '--install', '/home/htrice/go2_ros2_curr/build/go2_interfaces'], 'cwd': '/home/htrice/go2_ros2_curr/build/go2_interfaces', 'env': OrderedDict([('GJS_DEBUG_TOPICS', 'JS ERROR;JS LOG'), ('LESSOPEN', '| /usr/bin/lesspipe %s'), ('USER', 'htrice'), ('FONTCONFIG_PATH', '/etc/fonts'), ('GIO_MODULE_DIR', '/home/htrice/snap/code/common/.cache/gio-modules'), ('XDG_SESSION_TYPE', 'x11'), ('GIT_ASKPASS', '/snap/code/205/usr/share/code/resources/app/extensions/git/dist/askpass.sh'), ('GTK_EXE_PREFIX_VSCODE_SNAP_ORIG', ''), ('GDK_BACKEND_VSCODE_SNAP_ORIG', ''), ('SHLVL', '1'), ('LD_LIBRARY_PATH', '/opt/ros/humble/opt/rviz_ogre_vendor/lib:/opt/ros/humble/lib/x86_64-linux-gnu:/opt/ros/humble/lib'), ('HOME', '/home/htrice'), ('CHROME_DESKTOP', 'code.desktop'), ('LOCPATH_VSCODE_SNAP_ORIG', ''), ('OLDPWD', '/home/htrice/go2_ros2_curr'), ('TERM_PROGRAM_VERSION', '1.103.2'), ('DESKTOP_SESSION', 'ubuntu'), ('GTK_PATH', '/snap/code/205/usr/lib/x86_64-linux-gnu/gtk-3.0'), ('XDG_DATA_HOME_VSCODE_SNAP_ORIG', ''), ('GTK_IM_MODULE_FILE', '/home/htrice/snap/code/common/.cache/immodules/immodules.cache'), ('GIO_LAUNCHED_DESKTOP_FILE', '/var/lib/snapd/desktop/applications/code_code.desktop'), ('ROS_PYTHON_VERSION', '3'), ('GNOME_SHELL_SESSION_MODE', 'ubuntu'), ('GTK_MODULES', 'gail:atk-bridge'), ('GSETTINGS_SCHEMA_DIR_VSCODE_SNAP_ORIG', ''), ('VSCODE_GIT_ASKPASS_MAIN', '/snap/code/205/usr/share/code/resources/app/extensions/git/dist/askpass-main.js'), ('VSCODE_GIT_ASKPASS_NODE', '/snap/code/205/usr/share/code/code'), ('MANAGERPID', '1849'), ('SYSTEMD_EXEC_PID', '2030'), ('DBUS_SESSION_BUS_ADDRESS', 'unix:path=/run/user/1007/bus'), ('COLORTERM', 'truecolor'), ('GIO_LAUNCHED_DESKTOP_FILE_PID', '4108'), ('IM_CONFIG_PHASE', '1'), ('ROS_DISTRO', 'humble'), ('GTK_IM_MODULE', 'ibus'), ('LOGNAME', 'htrice'), ('JOURNAL_STREAM', '8:21689'), ('_', '/usr/bin/colcon'), ('ROS_VERSION', '2'), ('XDG_CONFIG_DIRS_VSCODE_SNAP_ORIG', '/etc/xdg/xdg-ubuntu:/etc/xdg'), ('XDG_SESSION_CLASS', 'user'), ('XDG_DATA_DIRS_VSCODE_SNAP_ORIG', '/usr/share/ubuntu:/usr/share/gnome:/usr/local/share/:/usr/share/:/var/lib/snapd/desktop'), ('USERNAME', 'htrice'), ('TERM', 'xterm-256color'), ('GNOME_DESKTOP_SESSION_ID', 'this-is-deprecated'), ('ROS_LOCALHOST_ONLY', '0'), ('WINDOWPATH', '2'), ('PATH', '/home/htrice/.local/bin:/opt/ros/humble/bin:/usr/local/sbin:/usr/local/bin:/usr/sbin:/usr/bin:/sbin:/bin:/usr/games:/usr/local/games:/snap/bin:/snap/bin:/home/htrice/.config/Code/User/globalStorage/github.copilot-chat/debugCommand'), ('SESSION_MANAGER', 'local/ntthuan:@/tmp/.ICE-unix/2002,unix/ntthuan:/tmp/.ICE-unix/2002'), ('GTK_EXE_PREFIX', '/snap/code/205/usr'), ('INVOCATION_ID', '790d985d8c2545c5a9e7c9f88ff27c5a'), ('XDG_MENU_PREFIX', 'gnome-'), ('BAMF_DESKTOP_FILE_HINT', '/var/lib/snapd/desktop/applications/code_code.desktop'), ('XDG_RUNTIME_DIR', '/run/user/1007'), ('GDK_BACKEND', 'x11'), ('DISPLAY', ':1'), ('LOCPATH', '/snap/code/205/usr/lib/locale'), ('LANG', 'en_US.UTF-8'), ('XDG_CURRENT_DESKTOP', 'Unity'), ('GIO_MODULE_DIR_VSCODE_SNAP_ORIG', ''), ('XDG_DATA_HOME', '/home/htrice/snap/code/205/.local/share'), ('XMODIFIERS', '@im=ibus'), ('XDG_SESSION_DESKTOP', 'ubuntu'), ('XAUTHORITY', '/run/user/1007/gdm/Xauthority'), ('LS_COLORS', 'rs=0:di=01;34:ln=01;36:mh=00:pi=40;33:so=01;35:do=01;35:bd=40;33;01:cd=40;33;01:or=40;31;01:mi=00:su=37;41:sg=30;43:ca=30;41:tw=30;42:ow=34;42:st=37;44:ex=01;32:*.tar=01;31:*.tgz=01;31:*.arc=01;31:*.arj=01;31:*.taz=01;31:*.lha=01;31:*.lz4=01;31:*.lzh=01;31:*.lzma=01;31:*.tlz=01;31:*.txz=01;31:*.tzo=01;31:*.t7z=01;31:*.zip=01;31:*.z=01;31:*.dz=01;31:*.gz=01;31:*.lrz=01;31:*.lz=01;31:*.lzo=01;31:*.xz=01;31:*.zst=01;31:*.tzst=01;31:*.bz2=01;31:*.bz=01;31:*.tbz=01;31:*.tbz2=01;31:*.tz=01;31:*.deb=01;31:*.rpm=01;31:*.jar=01;31:*.war=01;31:*.ear=01;31:*.sar=01;31:*.rar=01;31:*.alz=01;31:*.ace=01;31:*.zoo=01;31:*.cpio=01;31:*.7z=01;31:*.rz=01;31:*.cab=01;31:*.wim=01;31:*.swm=01;31:*.dwm=01;31:*.esd=01;31:*.jpg=01;35:*.jpeg=01;35:*.mjpg=01;35:*.mjpeg=01;35:*.gif=01;35:*.bmp=01;35:*.pbm=01;35:*.pgm=01;35:*.ppm=01;35:*.tga=01;35:*.xbm=01;35:*.xpm=01;35:*.tif=01;35:*.tiff=01;35:*.png=01;35:*.svg=01;35:*.svgz=01;35:*.mng=01;35:*.pcx=01;35:*.mov=01;35:*.mpg=01;35:*.mpeg=01;35:*.m2v=01;35:*.mkv=01;35:*.webm=01;35:*.webp=01;35:*.ogm=01;35:*.mp4=01;35:*.m4v=01;35:*.mp4v=01;35:*.vob=01;35:*.qt=01;35:*.nuv=01;35:*.wmv=01;35:*.asf=01;35:*.rm=01;35:*.rmvb=01;35:*.flc=01;35:*.avi=01;35:*.fli=01;35:*.flv=01;35:*.gl=01;35:*.dl=01;35:*.xcf=01;35:*.xwd=01;35:*.yuv=01;35:*.cgm=01;35:*.emf=01;35:*.ogv=01;35:*.ogx=01;35:*.aac=00;36:*.au=00;36:*.flac=00;36:*.m4a=00;36:*.mid=00;36:*.midi=00;36:*.mka=00;36:*.mp3=00;36:*.mpc=00;36:*.ogg=00;36:*.ra=00;36:*.wav=00;36:*.oga=00;36:*.opus=00;36:*.spx=00;36:*.xspf=00;36:'), ('VSCODE_GIT_IPC_HANDLE', '/run/user/1007/vscode-git-62d08c1e57.sock'), ('TERM_PROGRAM', 'vscode'), ('SSH_AGENT_LAUNCHER', 'gnome-keyring'), ('SSH_AUTH_SOCK', '/run/user/1007/keyring/ssh'), ('GSETTINGS_SCHEMA_DIR', '/home/htrice/snap/code/205/.local/share/glib-2.0/schemas'), ('AMENT_PREFIX_PATH', '/opt/ros/humble'), ('ORIGINAL_XDG_CURRENT_DESKTOP', 'ubuntu:GNOME'), ('SHELL', '/bin/bash'), ('QT_ACCESSIBILITY', '1'), ('GDMSESSION', 'ubuntu'), ('LESSCLOSE', '/usr/bin/lesspipe %s %s'), ('GTK_PATH_VSCODE_SNAP_ORIG', ''), ('FONTCONFIG_FILE', '/etc/fonts/fonts.conf'), ('GTK_IM_MODULE_FILE_VSCODE_SNAP_ORIG', ''), ('GPG_AGENT_INFO', '/run/user/1007/gnupg/S.gpg-agent:0:1'), ('GJS_DEBUG_OUTPUT', 'stderr'), ('VSCODE_GIT_ASKPASS_EXTRA_ARGS', ''), ('GIT_PAGER', 'cat'), ('QT_IM_MODULE', 'ibus'), ('PWD', '/home/htrice/go2_ros2_curr/build/go2_interfaces'), ('XDG_CONFIG_DIRS', '/etc/xdg/xdg-ubuntu:/etc/xdg'), ('XDG_DATA_DIRS', '/home/htrice/snap/code/205/.local/share:/home/htrice/snap/code/205:/snap/code/205/usr/share:/usr/share/ubuntu:/usr/share/gnome:/usr/local/share/:/usr/share/:/var/lib/snapd/desktop'), ('PYTHONPATH', '/opt/ros/humble/lib/python3.10/site-packages:/opt/ros/humble/local/lib/python3.10/dist-packages'), ('COLCON', '1'), ('CMAKE_PREFIX_PATH', '/opt/ros/humble')]), 'shell': False}
[14.288071] (go2_interfaces) StdoutLine: {'line': b'-- Install configuration: ""\n'}
[14.288763] (go2_interfaces) StdoutLine: {'line': b'-- Execute custom install script\n'}
[14.289109] (go2_interfaces) StdoutLine: {'line': b'-- Symlinking: /home/htrice/go2_ros2_curr/install/go2_interfaces/share/ament_index/resource_index/rosidl_interfaces/go2_interfaces\n'}
[14.303915] (go2_interfaces) StdoutLine: {'line': b'-- Symlinking: /home/htrice/go2_ros2_curr/install/go2_interfaces/include/go2_interfaces/go2_interfaces/msg/audio_data.h\n'}
[14.313067] (go2_interfaces) StdoutLine: {'line': b'-- Symlinking: /home/htrice/go2_ros2_curr/install/go2_interfaces/include/go2_interfaces/go2_interfaces/msg/bms_cmd.h\n'}
[14.324739] (go2_interfaces) StdoutLine: {'line': b'-- Symlinking: /home/htrice/go2_ros2_curr/install/go2_interfaces/include/go2_interfaces/go2_interfaces/msg/bms_state.h\n'}
[14.336550] (go2_interfaces) StdoutLine: {'line': b'-- Symlinking: /home/htrice/go2_ros2_curr/install/go2_interfaces/include/go2_interfaces/go2_interfaces/msg/detail/audio_data__functions.h\n'}
[14.348439] (go2_interfaces) StdoutLine: {'line': b'-- Symlinking: /home/htrice/go2_ros2_curr/install/go2_interfaces/include/go2_interfaces/go2_interfaces/msg/detail/audio_data__struct.h\n'}
[14.354662] (-) TimerEvent: {}
[14.360737] (go2_interfaces) StdoutLine: {'line': b'-- Symlinking: /home/htrice/go2_ros2_curr/install/go2_interfaces/include/go2_interfaces/go2_interfaces/msg/detail/audio_data__type_support.h\n'}
[14.368873] (go2_interfaces) StdoutLine: {'line': b'-- Symlinking: /home/htrice/go2_ros2_curr/install/go2_interfaces/include/go2_interfaces/go2_interfaces/msg/detail/bms_cmd__functions.h\n'}
[14.376632] (go2_interfaces) StdoutLine: {'line': b'-- Symlinking: /home/htrice/go2_ros2_curr/install/go2_interfaces/include/go2_interfaces/go2_interfaces/msg/detail/bms_cmd__struct.h\n'}
[14.384693] (go2_interfaces) StdoutLine: {'line': b'-- Symlinking: /home/htrice/go2_ros2_curr/install/go2_interfaces/include/go2_interfaces/go2_interfaces/msg/detail/bms_cmd__type_support.h\n'}
[14.393907] (go2_interfaces) StdoutLine: {'line': b'-- Symlinking: /home/htrice/go2_ros2_curr/install/go2_interfaces/include/go2_interfaces/go2_interfaces/msg/detail/bms_state__functions.h\n'}
[14.403231] (go2_interfaces) StdoutLine: {'line': b'-- Symlinking: /home/htrice/go2_ros2_curr/install/go2_interfaces/include/go2_interfaces/go2_interfaces/msg/detail/bms_state__struct.h\n'}
[14.411172] (go2_interfaces) StdoutLine: {'line': b'-- Symlinking: /home/htrice/go2_ros2_curr/install/go2_interfaces/include/go2_interfaces/go2_interfaces/msg/detail/bms_state__type_support.h\n'}
[14.418988] (go2_interfaces) StdoutLine: {'line': b'-- Symlinking: /home/htrice/go2_ros2_curr/install/go2_interfaces/include/go2_interfaces/go2_interfaces/msg/detail/error__functions.h\n'}
[14.428471] (go2_interfaces) StdoutLine: {'line': b'-- Symlinking: /home/htrice/go2_ros2_curr/install/go2_interfaces/include/go2_interfaces/go2_interfaces/msg/detail/error__struct.h\n'}
[14.438312] (go2_interfaces) StdoutLine: {'line': b'-- Symlinking: /home/htrice/go2_ros2_curr/install/go2_interfaces/include/go2_interfaces/go2_interfaces/msg/detail/error__type_support.h\n'}
[14.446616] (go2_interfaces) StdoutLine: {'line': b'-- Symlinking: /home/htrice/go2_ros2_curr/install/go2_interfaces/include/go2_interfaces/go2_interfaces/msg/detail/go2_cmd__functions.h\n'}
[14.454730] (-) TimerEvent: {}
[14.459147] (go2_interfaces) StdoutLine: {'line': b'-- Symlinking: /home/htrice/go2_ros2_curr/install/go2_interfaces/include/go2_interfaces/go2_interfaces/msg/detail/go2_cmd__struct.h\n'}
[14.467081] (go2_interfaces) StdoutLine: {'line': b'-- Symlinking: /home/htrice/go2_ros2_curr/install/go2_interfaces/include/go2_interfaces/go2_interfaces/msg/detail/go2_cmd__type_support.h\n'}
[14.479534] (go2_interfaces) StdoutLine: {'line': b'-- Symlinking: /home/htrice/go2_ros2_curr/install/go2_interfaces/include/go2_interfaces/go2_interfaces/msg/detail/go2_front_video_data__functions.h\n'}
[14.491774] (go2_interfaces) StdoutLine: {'line': b'-- Symlinking: /home/htrice/go2_ros2_curr/install/go2_interfaces/include/go2_interfaces/go2_interfaces/msg/detail/go2_front_video_data__struct.h\n'}
[14.501219] (go2_interfaces) StdoutLine: {'line': b'-- Symlinking: /home/htrice/go2_ros2_curr/install/go2_interfaces/include/go2_interfaces/go2_interfaces/msg/detail/go2_front_video_data__type_support.h\n'}
[14.510513] (go2_interfaces) StdoutLine: {'line': b'-- Symlinking: /home/htrice/go2_ros2_curr/install/go2_interfaces/include/go2_interfaces/go2_interfaces/msg/detail/go2_move__functions.h\n'}
[14.519486] (go2_interfaces) StdoutLine: {'line': b'-- Symlinking: /home/htrice/go2_ros2_curr/install/go2_interfaces/include/go2_interfaces/go2_interfaces/msg/detail/go2_move__struct.h\n'}
[14.530706] (go2_interfaces) StdoutLine: {'line': b'-- Symlinking: /home/htrice/go2_ros2_curr/install/go2_interfaces/include/go2_interfaces/go2_interfaces/msg/detail/go2_move__type_support.h\n'}
[14.538451] (go2_interfaces) StdoutLine: {'line': b'-- Symlinking: /home/htrice/go2_ros2_curr/install/go2_interfaces/include/go2_interfaces/go2_interfaces/msg/detail/go2_rpy_cmd__functions.h\n'}
[14.546053] (go2_interfaces) StdoutLine: {'line': b'-- Symlinking: /home/htrice/go2_ros2_curr/install/go2_interfaces/include/go2_interfaces/go2_interfaces/msg/detail/go2_rpy_cmd__struct.h\n'}
[14.554807] (-) TimerEvent: {}
[14.555523] (go2_interfaces) StdoutLine: {'line': b'-- Symlinking: /home/htrice/go2_ros2_curr/install/go2_interfaces/include/go2_interfaces/go2_interfaces/msg/detail/go2_rpy_cmd__type_support.h\n'}
[14.566379] (go2_interfaces) StdoutLine: {'line': b'-- Symlinking: /home/htrice/go2_ros2_curr/install/go2_interfaces/include/go2_interfaces/go2_interfaces/msg/detail/go2_state__functions.h\n'}
[14.575633] (go2_interfaces) StdoutLine: {'line': b'-- Symlinking: /home/htrice/go2_ros2_curr/install/go2_interfaces/include/go2_interfaces/go2_interfaces/msg/detail/go2_state__struct.h\n'}
[14.585736] (go2_interfaces) StdoutLine: {'line': b'-- Symlinking: /home/htrice/go2_ros2_curr/install/go2_interfaces/include/go2_interfaces/go2_interfaces/msg/detail/go2_state__type_support.h\n'}
[14.595505] (go2_interfaces) StdoutLine: {'line': b'-- Symlinking: /home/htrice/go2_ros2_curr/install/go2_interfaces/include/go2_interfaces/go2_interfaces/msg/detail/height_map__functions.h\n'}
[14.604784] (go2_interfaces) StdoutLine: {'line': b'-- Symlinking: /home/htrice/go2_ros2_curr/install/go2_interfaces/include/go2_interfaces/go2_interfaces/msg/detail/height_map__struct.h\n'}
[14.617226] (go2_interfaces) StdoutLine: {'line': b'-- Symlinking: /home/htrice/go2_ros2_curr/install/go2_interfaces/include/go2_interfaces/go2_interfaces/msg/detail/height_map__type_support.h\n'}
[14.624916] (go2_interfaces) StdoutLine: {'line': b'-- Symlinking: /home/htrice/go2_ros2_curr/install/go2_interfaces/include/go2_interfaces/go2_interfaces/msg/detail/imu__functions.h\n'}
[14.634758] (go2_interfaces) StdoutLine: {'line': b'-- Symlinking: /home/htrice/go2_ros2_curr/install/go2_interfaces/include/go2_interfaces/go2_interfaces/msg/detail/imu__struct.h\n'}
[14.647848] (go2_interfaces) StdoutLine: {'line': b'-- Symlinking: /home/htrice/go2_ros2_curr/install/go2_interfaces/include/go2_interfaces/go2_interfaces/msg/detail/imu__type_support.h\n'}
[14.654899] (-) TimerEvent: {}
[14.656496] (go2_interfaces) StdoutLine: {'line': b'-- Symlinking: /home/htrice/go2_ros2_curr/install/go2_interfaces/include/go2_interfaces/go2_interfaces/msg/detail/interface_config__functions.h\n'}
[14.669281] (go2_interfaces) StdoutLine: {'line': b'-- Symlinking: /home/htrice/go2_ros2_curr/install/go2_interfaces/include/go2_interfaces/go2_interfaces/msg/detail/interface_config__struct.h\n'}
[14.682011] (go2_interfaces) StdoutLine: {'line': b'-- Symlinking: /home/htrice/go2_ros2_curr/install/go2_interfaces/include/go2_interfaces/go2_interfaces/msg/detail/interface_config__type_support.h\n'}
[14.694373] (go2_interfaces) StdoutLine: {'line': b'-- Symlinking: /home/htrice/go2_ros2_curr/install/go2_interfaces/include/go2_interfaces/go2_interfaces/msg/detail/lidar_state__functions.h\n'}
[14.706716] (go2_interfaces) StdoutLine: {'line': b'-- Symlinking: /home/htrice/go2_ros2_curr/install/go2_interfaces/include/go2_interfaces/go2_interfaces/msg/detail/lidar_state__struct.h\n'}
[14.719005] (go2_interfaces) StdoutLine: {'line': b'-- Symlinking: /home/htrice/go2_ros2_curr/install/go2_interfaces/include/go2_interfaces/go2_interfaces/msg/detail/lidar_state__type_support.h\n'}
[14.731120] (go2_interfaces) StdoutLine: {'line': b'-- Symlinking: /home/htrice/go2_ros2_curr/install/go2_interfaces/include/go2_interfaces/go2_interfaces/msg/detail/low_cmd__functions.h\n'}
[14.743591] (go2_interfaces) StdoutLine: {'line': b'-- Symlinking: /home/htrice/go2_ros2_curr/install/go2_interfaces/include/go2_interfaces/go2_interfaces/msg/detail/low_cmd__struct.h\n'}
[14.751342] (go2_interfaces) StdoutLine: {'line': b'-- Symlinking: /home/htrice/go2_ros2_curr/install/go2_interfaces/include/go2_interfaces/go2_interfaces/msg/detail/low_cmd__type_support.h\n'}
[14.754970] (-) TimerEvent: {}
[14.763901] (go2_interfaces) StdoutLine: {'line': b'-- Symlinking: /home/htrice/go2_ros2_curr/install/go2_interfaces/include/go2_interfaces/go2_interfaces/msg/detail/low_state__functions.h\n'}
[14.776647] (go2_interfaces) StdoutLine: {'line': b'-- Symlinking: /home/htrice/go2_ros2_curr/install/go2_interfaces/include/go2_interfaces/go2_interfaces/msg/detail/low_state__struct.h\n'}
[14.789240] (go2_interfaces) StdoutLine: {'line': b'-- Symlinking: /home/htrice/go2_ros2_curr/install/go2_interfaces/include/go2_interfaces/go2_interfaces/msg/detail/low_state__type_support.h\n'}
[14.796883] (go2_interfaces) StdoutLine: {'line': b'-- Symlinking: /home/htrice/go2_ros2_curr/install/go2_interfaces/include/go2_interfaces/go2_interfaces/msg/detail/motor_cmd__functions.h\n'}
[14.809278] (go2_interfaces) StdoutLine: {'line': b'-- Symlinking: /home/htrice/go2_ros2_curr/install/go2_interfaces/include/go2_interfaces/go2_interfaces/msg/detail/motor_cmd__struct.h\n'}
[14.821776] (go2_interfaces) StdoutLine: {'line': b'-- Symlinking: /home/htrice/go2_ros2_curr/install/go2_interfaces/include/go2_interfaces/go2_interfaces/msg/detail/motor_cmd__type_support.h\n'}
[14.829422] (go2_interfaces) StdoutLine: {'line': b'-- Symlinking: /home/htrice/go2_ros2_curr/install/go2_interfaces/include/go2_interfaces/go2_interfaces/msg/detail/motor_cmds__functions.h\n'}
[14.837098] (go2_interfaces) StdoutLine: {'line': b'-- Symlinking: /home/htrice/go2_ros2_curr/install/go2_interfaces/include/go2_interfaces/go2_interfaces/msg/detail/motor_cmds__struct.h\n'}
[14.846564] (go2_interfaces) StdoutLine: {'line': b'-- Symlinking: /home/htrice/go2_ros2_curr/install/go2_interfaces/include/go2_interfaces/go2_interfaces/msg/detail/motor_cmds__type_support.h\n'}
[14.855076] (-) TimerEvent: {}
[14.856537] (go2_interfaces) StdoutLine: {'line': b'-- Symlinking: /home/htrice/go2_ros2_curr/install/go2_interfaces/include/go2_interfaces/go2_interfaces/msg/detail/motor_state__functions.h\n'}
[14.868562] (go2_interfaces) StdoutLine: {'line': b'-- Symlinking: /home/htrice/go2_ros2_curr/install/go2_interfaces/include/go2_interfaces/go2_interfaces/msg/detail/motor_state__struct.h\n'}
[14.880974] (go2_interfaces) StdoutLine: {'line': b'-- Symlinking: /home/htrice/go2_ros2_curr/install/go2_interfaces/include/go2_interfaces/go2_interfaces/msg/detail/motor_state__type_support.h\n'}
[14.893274] (go2_interfaces) StdoutLine: {'line': b'-- Symlinking: /home/htrice/go2_ros2_curr/install/go2_interfaces/include/go2_interfaces/go2_interfaces/msg/detail/motor_states__functions.h\n'}
[14.905893] (go2_interfaces) StdoutLine: {'line': b'-- Symlinking: /home/htrice/go2_ros2_curr/install/go2_interfaces/include/go2_interfaces/go2_interfaces/msg/detail/motor_states__struct.h\n'}
[14.918131] (go2_interfaces) StdoutLine: {'line': b'-- Symlinking: /home/htrice/go2_ros2_curr/install/go2_interfaces/include/go2_interfaces/go2_interfaces/msg/detail/motor_states__type_support.h\n'}
[14.930502] (go2_interfaces) StdoutLine: {'line': b'-- Symlinking: /home/htrice/go2_ros2_curr/install/go2_interfaces/include/go2_interfaces/go2_interfaces/msg/detail/path_point__functions.h\n'}
[14.938240] (go2_interfaces) StdoutLine: {'line': b'-- Symlinking: /home/htrice/go2_ros2_curr/install/go2_interfaces/include/go2_interfaces/go2_interfaces/msg/detail/path_point__struct.h\n'}
[14.950083] (go2_interfaces) StdoutLine: {'line': b'-- Symlinking: /home/htrice/go2_ros2_curr/install/go2_interfaces/include/go2_interfaces/go2_interfaces/msg/detail/path_point__type_support.h\n'}
[14.955148] (-) TimerEvent: {}
[14.962297] (go2_interfaces) StdoutLine: {'line': b'-- Symlinking: /home/htrice/go2_ros2_curr/install/go2_interfaces/include/go2_interfaces/go2_interfaces/msg/detail/req__functions.h\n'}
[14.970249] (go2_interfaces) StdoutLine: {'line': b'-- Symlinking: /home/htrice/go2_ros2_curr/install/go2_interfaces/include/go2_interfaces/go2_interfaces/msg/detail/req__struct.h\n'}
[14.978789] (go2_interfaces) StdoutLine: {'line': b'-- Symlinking: /home/htrice/go2_ros2_curr/install/go2_interfaces/include/go2_interfaces/go2_interfaces/msg/detail/req__type_support.h\n'}
[14.989379] (go2_interfaces) StdoutLine: {'line': b'-- Symlinking: /home/htrice/go2_ros2_curr/install/go2_interfaces/include/go2_interfaces/go2_interfaces/msg/detail/res__functions.h\n'}
[14.998203] (go2_interfaces) StdoutLine: {'line': b'-- Symlinking: /home/htrice/go2_ros2_curr/install/go2_interfaces/include/go2_interfaces/go2_interfaces/msg/detail/res__struct.h\n'}
[15.005908] (go2_interfaces) StdoutLine: {'line': b'-- Symlinking: /home/htrice/go2_ros2_curr/install/go2_interfaces/include/go2_interfaces/go2_interfaces/msg/detail/res__type_support.h\n'}
[15.013636] (go2_interfaces) StdoutLine: {'line': b'-- Symlinking: /home/htrice/go2_ros2_curr/install/go2_interfaces/include/go2_interfaces/go2_interfaces/msg/detail/sport_mode_cmd__functions.h\n'}
[15.021330] (go2_interfaces) StdoutLine: {'line': b'-- Symlinking: /home/htrice/go2_ros2_curr/install/go2_interfaces/include/go2_interfaces/go2_interfaces/msg/detail/sport_mode_cmd__struct.h\n'}
[15.028926] (go2_interfaces) StdoutLine: {'line': b'-- Symlinking: /home/htrice/go2_ros2_curr/install/go2_interfaces/include/go2_interfaces/go2_interfaces/msg/detail/sport_mode_cmd__type_support.h\n'}
[15.036543] (go2_interfaces) StdoutLine: {'line': b'-- Symlinking: /home/htrice/go2_ros2_curr/install/go2_interfaces/include/go2_interfaces/go2_interfaces/msg/detail/sport_mode_state__functions.h\n'}
[15.044264] (go2_interfaces) StdoutLine: {'line': b'-- Symlinking: /home/htrice/go2_ros2_curr/install/go2_interfaces/include/go2_interfaces/go2_interfaces/msg/detail/sport_mode_state__struct.h\n'}
[15.051987] (go2_interfaces) StdoutLine: {'line': b'-- Symlinking: /home/htrice/go2_ros2_curr/install/go2_interfaces/include/go2_interfaces/go2_interfaces/msg/detail/sport_mode_state__type_support.h\n'}
[15.055238] (-) TimerEvent: {}
[15.059654] (go2_interfaces) StdoutLine: {'line': b'-- Symlinking: /home/htrice/go2_ros2_curr/install/go2_interfaces/include/go2_interfaces/go2_interfaces/msg/detail/time_spec__functions.h\n'}
[15.072017] (go2_interfaces) StdoutLine: {'line': b'-- Symlinking: /home/htrice/go2_ros2_curr/install/go2_interfaces/include/go2_interfaces/go2_interfaces/msg/detail/time_spec__struct.h\n'}
[15.083830] (go2_interfaces) StdoutLine: {'line': b'-- Symlinking: /home/htrice/go2_ros2_curr/install/go2_interfaces/include/go2_interfaces/go2_interfaces/msg/detail/time_spec__type_support.h\n'}
[15.095390] (go2_interfaces) StdoutLine: {'line': b'-- Symlinking: /home/htrice/go2_ros2_curr/install/go2_interfaces/include/go2_interfaces/go2_interfaces/msg/detail/uwb_state__functions.h\n'}
[15.107772] (go2_interfaces) StdoutLine: {'line': b'-- Symlinking: /home/htrice/go2_ros2_curr/install/go2_interfaces/include/go2_interfaces/go2_interfaces/msg/detail/uwb_state__struct.h\n'}
[15.119357] (go2_interfaces) StdoutLine: {'line': b'-- Symlinking: /home/htrice/go2_ros2_curr/install/go2_interfaces/include/go2_interfaces/go2_interfaces/msg/detail/uwb_state__type_support.h\n'}
[15.130714] (go2_interfaces) StdoutLine: {'line': b'-- Symlinking: /home/htrice/go2_ros2_curr/install/go2_interfaces/include/go2_interfaces/go2_interfaces/msg/detail/uwb_switch__functions.h\n'}
[15.142566] (go2_interfaces) StdoutLine: {'line': b'-- Symlinking: /home/htrice/go2_ros2_curr/install/go2_interfaces/include/go2_interfaces/go2_interfaces/msg/detail/uwb_switch__struct.h\n'}
[15.150416] (go2_interfaces) StdoutLine: {'line': b'-- Symlinking: /home/htrice/go2_ros2_curr/install/go2_interfaces/include/go2_interfaces/go2_interfaces/msg/detail/uwb_switch__type_support.h\n'}
[15.155321] (-) TimerEvent: {}
[15.163302] (go2_interfaces) StdoutLine: {'line': b'-- Symlinking: /home/htrice/go2_ros2_curr/install/go2_interfaces/include/go2_interfaces/go2_interfaces/msg/detail/voxel_height_map_state__functions.h\n'}
[15.175813] (go2_interfaces) StdoutLine: {'line': b'-- Symlinking: /home/htrice/go2_ros2_curr/install/go2_interfaces/include/go2_interfaces/go2_interfaces/msg/detail/voxel_height_map_state__struct.h\n'}
[15.188568] (go2_interfaces) StdoutLine: {'line': b'-- Symlinking: /home/htrice/go2_ros2_curr/install/go2_interfaces/include/go2_interfaces/go2_interfaces/msg/detail/voxel_height_map_state__type_support.h\n'}
[15.198209] (go2_interfaces) StdoutLine: {'line': b'-- Symlinking: /home/htrice/go2_ros2_curr/install/go2_interfaces/include/go2_interfaces/go2_interfaces/msg/detail/voxel_map_compressed__functions.h\n'}
[15.209953] (go2_interfaces) StdoutLine: {'line': b'-- Symlinking: /home/htrice/go2_ros2_curr/install/go2_interfaces/include/go2_interfaces/go2_interfaces/msg/detail/voxel_map_compressed__struct.h\n'}
[15.221156] (go2_interfaces) StdoutLine: {'line': b'-- Symlinking: /home/htrice/go2_ros2_curr/install/go2_interfaces/include/go2_interfaces/go2_interfaces/msg/detail/voxel_map_compressed__type_support.h\n'}
[15.233675] (go2_interfaces) StdoutLine: {'line': b'-- Symlinking: /home/htrice/go2_ros2_curr/install/go2_interfaces/include/go2_interfaces/go2_interfaces/msg/detail/web_rtc_req__functions.h\n'}
[15.241513] (go2_interfaces) StdoutLine: {'line': b'-- Symlinking: /home/htrice/go2_ros2_curr/install/go2_interfaces/include/go2_interfaces/go2_interfaces/msg/detail/web_rtc_req__struct.h\n'}
[15.251987] (go2_interfaces) StdoutLine: {'line': b'-- Symlinking: /home/htrice/go2_ros2_curr/install/go2_interfaces/include/go2_interfaces/go2_interfaces/msg/detail/web_rtc_req__type_support.h\n'}
[15.255418] (-) TimerEvent: {}
[15.263413] (go2_interfaces) StdoutLine: {'line': b'-- Symlinking: /home/htrice/go2_ros2_curr/install/go2_interfaces/include/go2_interfaces/go2_interfaces/msg/detail/wireless_controller__functions.h\n'}
[15.275530] (go2_interfaces) StdoutLine: {'line': b'-- Symlinking: /home/htrice/go2_ros2_curr/install/go2_interfaces/include/go2_interfaces/go2_interfaces/msg/detail/wireless_controller__struct.h\n'}
[15.288059] (go2_interfaces) StdoutLine: {'line': b'-- Symlinking: /home/htrice/go2_ros2_curr/install/go2_interfaces/include/go2_interfaces/go2_interfaces/msg/detail/wireless_controller__type_support.h\n'}
[15.300227] (go2_interfaces) StdoutLine: {'line': b'-- Symlinking: /home/htrice/go2_ros2_curr/install/go2_interfaces/include/go2_interfaces/go2_interfaces/msg/error.h\n'}
[15.313986] (go2_interfaces) StdoutLine: {'line': b'-- Symlinking: /home/htrice/go2_ros2_curr/install/go2_interfaces/include/go2_interfaces/go2_interfaces/msg/go2_cmd.h\n'}
[15.326685] (go2_interfaces) StdoutLine: {'line': b'-- Symlinking: /home/htrice/go2_ros2_curr/install/go2_interfaces/include/go2_interfaces/go2_interfaces/msg/go2_front_video_data.h\n'}
[15.334978] (go2_interfaces) StdoutLine: {'line': b'-- Symlinking: /home/htrice/go2_ros2_curr/install/go2_interfaces/include/go2_interfaces/go2_interfaces/msg/go2_move.h\n'}
[15.346603] (go2_interfaces) StdoutLine: {'line': b'-- Symlinking: /home/htrice/go2_ros2_curr/install/go2_interfaces/include/go2_interfaces/go2_interfaces/msg/go2_rpy_cmd.h\n'}
[15.355478] (-) TimerEvent: {}
[15.358643] (go2_interfaces) StdoutLine: {'line': b'-- Symlinking: /home/htrice/go2_ros2_curr/install/go2_interfaces/include/go2_interfaces/go2_interfaces/msg/go2_state.h\n'}
[15.370173] (go2_interfaces) StdoutLine: {'line': b'-- Symlinking: /home/htrice/go2_ros2_curr/install/go2_interfaces/include/go2_interfaces/go2_interfaces/msg/height_map.h\n'}
[15.383806] (go2_interfaces) StdoutLine: {'line': b'-- Symlinking: /home/htrice/go2_ros2_curr/install/go2_interfaces/include/go2_interfaces/go2_interfaces/msg/imu.h\n'}
[15.395604] (go2_interfaces) StdoutLine: {'line': b'-- Symlinking: /home/htrice/go2_ros2_curr/install/go2_interfaces/include/go2_interfaces/go2_interfaces/msg/interface_config.h\n'}
[15.406573] (go2_interfaces) StdoutLine: {'line': b'-- Symlinking: /home/htrice/go2_ros2_curr/install/go2_interfaces/include/go2_interfaces/go2_interfaces/msg/lidar_state.h\n'}
[15.418434] (go2_interfaces) StdoutLine: {'line': b'-- Symlinking: /home/htrice/go2_ros2_curr/install/go2_interfaces/include/go2_interfaces/go2_interfaces/msg/low_cmd.h\n'}
[15.429320] (go2_interfaces) StdoutLine: {'line': b'-- Symlinking: /home/htrice/go2_ros2_curr/install/go2_interfaces/include/go2_interfaces/go2_interfaces/msg/low_state.h\n'}
[15.441730] (go2_interfaces) StdoutLine: {'line': b'-- Symlinking: /home/htrice/go2_ros2_curr/install/go2_interfaces/include/go2_interfaces/go2_interfaces/msg/motor_cmd.h\n'}
[15.451679] (go2_interfaces) StdoutLine: {'line': b'-- Symlinking: /home/htrice/go2_ros2_curr/install/go2_interfaces/include/go2_interfaces/go2_interfaces/msg/motor_cmds.h\n'}
[15.455541] (-) TimerEvent: {}
[15.463979] (go2_interfaces) StdoutLine: {'line': b'-- Symlinking: /home/htrice/go2_ros2_curr/install/go2_interfaces/include/go2_interfaces/go2_interfaces/msg/motor_state.h\n'}
[15.476993] (go2_interfaces) StdoutLine: {'line': b'-- Symlinking: /home/htrice/go2_ros2_curr/install/go2_interfaces/include/go2_interfaces/go2_interfaces/msg/motor_states.h\n'}
[15.486323] (go2_interfaces) StdoutLine: {'line': b'-- Symlinking: /home/htrice/go2_ros2_curr/install/go2_interfaces/include/go2_interfaces/go2_interfaces/msg/path_point.h\n'}
[15.498337] (go2_interfaces) StdoutLine: {'line': b'-- Symlinking: /home/htrice/go2_ros2_curr/install/go2_interfaces/include/go2_interfaces/go2_interfaces/msg/req.h\n'}
[15.510470] (go2_interfaces) StdoutLine: {'line': b'-- Symlinking: /home/htrice/go2_ros2_curr/install/go2_interfaces/include/go2_interfaces/go2_interfaces/msg/res.h\n'}
[15.522404] (go2_interfaces) StdoutLine: {'line': b'-- Symlinking: /home/htrice/go2_ros2_curr/install/go2_interfaces/include/go2_interfaces/go2_interfaces/msg/rosidl_generator_c__visibility_control.h\n'}
[15.534376] (go2_interfaces) StdoutLine: {'line': b'-- Symlinking: /home/htrice/go2_ros2_curr/install/go2_interfaces/include/go2_interfaces/go2_interfaces/msg/sport_mode_cmd.h\n'}
[15.546910] (go2_interfaces) StdoutLine: {'line': b'-- Symlinking: /home/htrice/go2_ros2_curr/install/go2_interfaces/include/go2_interfaces/go2_interfaces/msg/sport_mode_state.h\n'}
[15.555608] (-) TimerEvent: {}
[15.559474] (go2_interfaces) StdoutLine: {'line': b'-- Symlinking: /home/htrice/go2_ros2_curr/install/go2_interfaces/include/go2_interfaces/go2_interfaces/msg/time_spec.h\n'}
[15.572572] (go2_interfaces) StdoutLine: {'line': b'-- Symlinking: /home/htrice/go2_ros2_curr/install/go2_interfaces/include/go2_interfaces/go2_interfaces/msg/uwb_state.h\n'}
[15.585376] (go2_interfaces) StdoutLine: {'line': b'-- Symlinking: /home/htrice/go2_ros2_curr/install/go2_interfaces/include/go2_interfaces/go2_interfaces/msg/uwb_switch.h\n'}
[15.593588] (go2_interfaces) StdoutLine: {'line': b'-- Symlinking: /home/htrice/go2_ros2_curr/install/go2_interfaces/include/go2_interfaces/go2_interfaces/msg/voxel_height_map_state.h\n'}
[15.606064] (go2_interfaces) StdoutLine: {'line': b'-- Symlinking: /home/htrice/go2_ros2_curr/install/go2_interfaces/include/go2_interfaces/go2_interfaces/msg/voxel_map_compressed.h\n'}
[15.618527] (go2_interfaces) StdoutLine: {'line': b'-- Symlinking: /home/htrice/go2_ros2_curr/install/go2_interfaces/include/go2_interfaces/go2_interfaces/msg/web_rtc_req.h\n'}
[15.630832] (go2_interfaces) StdoutLine: {'line': b'-- Symlinking: /home/htrice/go2_ros2_curr/install/go2_interfaces/include/go2_interfaces/go2_interfaces/msg/wireless_controller.h\n'}
[15.643343] (go2_interfaces) StdoutLine: {'line': b'-- Symlinking: /home/htrice/go2_ros2_curr/install/go2_interfaces/share/go2_interfaces/environment/library_path.sh\n'}
[15.655566] (go2_interfaces) StdoutLine: {'line': b'-- Symlinking: /home/htrice/go2_ros2_curr/install/go2_interfaces/share/go2_interfaces/environment/library_path.dsv\n'}
[15.655623] (-) TimerEvent: {}
[15.671241] (go2_interfaces) StdoutLine: {'line': b'-- Symlinking: /home/htrice/go2_ros2_curr/install/go2_interfaces/include/go2_interfaces/go2_interfaces/msg/detail/audio_data__rosidl_typesupport_fastrtps_c.h\n'}
[15.683859] (go2_interfaces) StdoutLine: {'line': b'-- Symlinking: /home/htrice/go2_ros2_curr/install/go2_interfaces/include/go2_interfaces/go2_interfaces/msg/detail/bms_cmd__rosidl_typesupport_fastrtps_c.h\n'}
[15.696734] (go2_interfaces) StdoutLine: {'line': b'-- Symlinking: /home/htrice/go2_ros2_curr/install/go2_interfaces/include/go2_interfaces/go2_interfaces/msg/detail/bms_state__rosidl_typesupport_fastrtps_c.h\n'}
[15.709108] (go2_interfaces) StdoutLine: {'line': b'-- Symlinking: /home/htrice/go2_ros2_curr/install/go2_interfaces/include/go2_interfaces/go2_interfaces/msg/detail/error__rosidl_typesupport_fastrtps_c.h\n'}
[15.717852] (go2_interfaces) StdoutLine: {'line': b'-- Symlinking: /home/htrice/go2_ros2_curr/install/go2_interfaces/include/go2_interfaces/go2_interfaces/msg/detail/go2_cmd__rosidl_typesupport_fastrtps_c.h\n'}
[15.729529] (go2_interfaces) StdoutLine: {'line': b'-- Symlinking: /home/htrice/go2_ros2_curr/install/go2_interfaces/include/go2_interfaces/go2_interfaces/msg/detail/go2_front_video_data__rosidl_typesupport_fastrtps_c.h\n'}
[15.742353] (go2_interfaces) StdoutLine: {'line': b'-- Symlinking: /home/htrice/go2_ros2_curr/install/go2_interfaces/include/go2_interfaces/go2_interfaces/msg/detail/go2_move__rosidl_typesupport_fastrtps_c.h\n'}
[15.755500] (go2_interfaces) StdoutLine: {'line': b'-- Symlinking: /home/htrice/go2_ros2_curr/install/go2_interfaces/include/go2_interfaces/go2_interfaces/msg/detail/go2_rpy_cmd__rosidl_typesupport_fastrtps_c.h\n'}
[15.755687] (-) TimerEvent: {}
[15.769215] (go2_interfaces) StdoutLine: {'line': b'-- Symlinking: /home/htrice/go2_ros2_curr/install/go2_interfaces/include/go2_interfaces/go2_interfaces/msg/detail/go2_state__rosidl_typesupport_fastrtps_c.h\n'}
[15.781936] (go2_interfaces) StdoutLine: {'line': b'-- Symlinking: /home/htrice/go2_ros2_curr/install/go2_interfaces/include/go2_interfaces/go2_interfaces/msg/detail/height_map__rosidl_typesupport_fastrtps_c.h\n'}
[15.794848] (go2_interfaces) StdoutLine: {'line': b'-- Symlinking: /home/htrice/go2_ros2_curr/install/go2_interfaces/include/go2_interfaces/go2_interfaces/msg/detail/imu__rosidl_typesupport_fastrtps_c.h\n'}
[15.807206] (go2_interfaces) StdoutLine: {'line': b'-- Symlinking: /home/htrice/go2_ros2_curr/install/go2_interfaces/include/go2_interfaces/go2_interfaces/msg/detail/interface_config__rosidl_typesupport_fastrtps_c.h\n'}
[15.819304] (go2_interfaces) StdoutLine: {'line': b'-- Symlinking: /home/htrice/go2_ros2_curr/install/go2_interfaces/include/go2_interfaces/go2_interfaces/msg/detail/lidar_state__rosidl_typesupport_fastrtps_c.h\n'}
[15.831659] (go2_interfaces) StdoutLine: {'line': b'-- Symlinking: /home/htrice/go2_ros2_curr/install/go2_interfaces/include/go2_interfaces/go2_interfaces/msg/detail/low_cmd__rosidl_typesupport_fastrtps_c.h\n'}
[15.844281] (go2_interfaces) StdoutLine: {'line': b'-- Symlinking: /home/htrice/go2_ros2_curr/install/go2_interfaces/include/go2_interfaces/go2_interfaces/msg/detail/low_state__rosidl_typesupport_fastrtps_c.h\n'}
[15.855757] (-) TimerEvent: {}
[15.856663] (go2_interfaces) StdoutLine: {'line': b'-- Symlinking: /home/htrice/go2_ros2_curr/install/go2_interfaces/include/go2_interfaces/go2_interfaces/msg/detail/motor_cmd__rosidl_typesupport_fastrtps_c.h\n'}
[15.869943] (go2_interfaces) StdoutLine: {'line': b'-- Symlinking: /home/htrice/go2_ros2_curr/install/go2_interfaces/include/go2_interfaces/go2_interfaces/msg/detail/motor_cmds__rosidl_typesupport_fastrtps_c.h\n'}
[15.882980] (go2_interfaces) StdoutLine: {'line': b'-- Symlinking: /home/htrice/go2_ros2_curr/install/go2_interfaces/include/go2_interfaces/go2_interfaces/msg/detail/motor_state__rosidl_typesupport_fastrtps_c.h\n'}
[15.895636] (go2_interfaces) StdoutLine: {'line': b'-- Symlinking: /home/htrice/go2_ros2_curr/install/go2_interfaces/include/go2_interfaces/go2_interfaces/msg/detail/motor_states__rosidl_typesupport_fastrtps_c.h\n'}
[15.907969] (go2_interfaces) StdoutLine: {'line': b'-- Symlinking: /home/htrice/go2_ros2_curr/install/go2_interfaces/include/go2_interfaces/go2_interfaces/msg/detail/path_point__rosidl_typesupport_fastrtps_c.h\n'}
[15.919321] (go2_interfaces) StdoutLine: {'line': b'-- Symlinking: /home/htrice/go2_ros2_curr/install/go2_interfaces/include/go2_interfaces/go2_interfaces/msg/detail/req__rosidl_typesupport_fastrtps_c.h\n'}
[15.931494] (go2_interfaces) StdoutLine: {'line': b'-- Symlinking: /home/htrice/go2_ros2_curr/install/go2_interfaces/include/go2_interfaces/go2_interfaces/msg/detail/res__rosidl_typesupport_fastrtps_c.h\n'}
[15.944102] (go2_interfaces) StdoutLine: {'line': b'-- Symlinking: /home/htrice/go2_ros2_curr/install/go2_interfaces/include/go2_interfaces/go2_interfaces/msg/detail/sport_mode_cmd__rosidl_typesupport_fastrtps_c.h\n'}
[15.955818] (-) TimerEvent: {}
[15.956390] (go2_interfaces) StdoutLine: {'line': b'-- Symlinking: /home/htrice/go2_ros2_curr/install/go2_interfaces/include/go2_interfaces/go2_interfaces/msg/detail/sport_mode_state__rosidl_typesupport_fastrtps_c.h\n'}
[15.970508] (go2_interfaces) StdoutLine: {'line': b'-- Symlinking: /home/htrice/go2_ros2_curr/install/go2_interfaces/include/go2_interfaces/go2_interfaces/msg/detail/time_spec__rosidl_typesupport_fastrtps_c.h\n'}
[15.983681] (go2_interfaces) StdoutLine: {'line': b'-- Symlinking: /home/htrice/go2_ros2_curr/install/go2_interfaces/include/go2_interfaces/go2_interfaces/msg/detail/uwb_state__rosidl_typesupport_fastrtps_c.h\n'}
[15.995936] (go2_interfaces) StdoutLine: {'line': b'-- Symlinking: /home/htrice/go2_ros2_curr/install/go2_interfaces/include/go2_interfaces/go2_interfaces/msg/detail/uwb_switch__rosidl_typesupport_fastrtps_c.h\n'}
[16.008367] (go2_interfaces) StdoutLine: {'line': b'-- Symlinking: /home/htrice/go2_ros2_curr/install/go2_interfaces/include/go2_interfaces/go2_interfaces/msg/detail/voxel_height_map_state__rosidl_typesupport_fastrtps_c.h\n'}
[16.020481] (go2_interfaces) StdoutLine: {'line': b'-- Symlinking: /home/htrice/go2_ros2_curr/install/go2_interfaces/include/go2_interfaces/go2_interfaces/msg/detail/voxel_map_compressed__rosidl_typesupport_fastrtps_c.h\n'}
[16.032907] (go2_interfaces) StdoutLine: {'line': b'-- Symlinking: /home/htrice/go2_ros2_curr/install/go2_interfaces/include/go2_interfaces/go2_interfaces/msg/detail/web_rtc_req__rosidl_typesupport_fastrtps_c.h\n'}
[16.045232] (go2_interfaces) StdoutLine: {'line': b'-- Symlinking: /home/htrice/go2_ros2_curr/install/go2_interfaces/include/go2_interfaces/go2_interfaces/msg/detail/wireless_controller__rosidl_typesupport_fastrtps_c.h\n'}
[16.055884] (-) TimerEvent: {}
[16.057651] (go2_interfaces) StdoutLine: {'line': b'-- Symlinking: /home/htrice/go2_ros2_curr/install/go2_interfaces/include/go2_interfaces/go2_interfaces/msg/rosidl_typesupport_fastrtps_c__visibility_control.h\n'}
[16.070997] (go2_interfaces) StdoutLine: {'line': b'-- Symlinking: /home/htrice/go2_ros2_curr/install/go2_interfaces/include/go2_interfaces/go2_interfaces/msg/audio_data.hpp\n'}
[16.083725] (go2_interfaces) StdoutLine: {'line': b'-- Symlinking: /home/htrice/go2_ros2_curr/install/go2_interfaces/include/go2_interfaces/go2_interfaces/msg/bms_cmd.hpp\n'}
[16.096225] (go2_interfaces) StdoutLine: {'line': b'-- Symlinking: /home/htrice/go2_ros2_curr/install/go2_interfaces/include/go2_interfaces/go2_interfaces/msg/bms_state.hpp\n'}
[16.108365] (go2_interfaces) StdoutLine: {'line': b'-- Symlinking: /home/htrice/go2_ros2_curr/install/go2_interfaces/include/go2_interfaces/go2_interfaces/msg/detail/audio_data__builder.hpp\n'}
[16.120809] (go2_interfaces) StdoutLine: {'line': b'-- Symlinking: /home/htrice/go2_ros2_curr/install/go2_interfaces/include/go2_interfaces/go2_interfaces/msg/detail/audio_data__struct.hpp\n'}
[16.133209] (go2_interfaces) StdoutLine: {'line': b'-- Symlinking: /home/htrice/go2_ros2_curr/install/go2_interfaces/include/go2_interfaces/go2_interfaces/msg/detail/audio_data__traits.hpp\n'}
[16.145652] (go2_interfaces) StdoutLine: {'line': b'-- Symlinking: /home/htrice/go2_ros2_curr/install/go2_interfaces/include/go2_interfaces/go2_interfaces/msg/detail/audio_data__type_support.hpp\n'}
[16.154330] (go2_interfaces) StdoutLine: {'line': b'-- Symlinking: /home/htrice/go2_ros2_curr/install/go2_interfaces/include/go2_interfaces/go2_interfaces/msg/detail/bms_cmd__builder.hpp\n'}
[16.155945] (-) TimerEvent: {}
[16.167543] (go2_interfaces) StdoutLine: {'line': b'-- Symlinking: /home/htrice/go2_ros2_curr/install/go2_interfaces/include/go2_interfaces/go2_interfaces/msg/detail/bms_cmd__struct.hpp\n'}
[16.180639] (go2_interfaces) StdoutLine: {'line': b'-- Symlinking: /home/htrice/go2_ros2_curr/install/go2_interfaces/include/go2_interfaces/go2_interfaces/msg/detail/bms_cmd__traits.hpp\n'}
[16.193689] (go2_interfaces) StdoutLine: {'line': b'-- Symlinking: /home/htrice/go2_ros2_curr/install/go2_interfaces/include/go2_interfaces/go2_interfaces/msg/detail/bms_cmd__type_support.hpp\n'}
[16.206122] (go2_interfaces) StdoutLine: {'line': b'-- Symlinking: /home/htrice/go2_ros2_curr/install/go2_interfaces/include/go2_interfaces/go2_interfaces/msg/detail/bms_state__builder.hpp\n'}
[16.217542] (go2_interfaces) StdoutLine: {'line': b'-- Symlinking: /home/htrice/go2_ros2_curr/install/go2_interfaces/include/go2_interfaces/go2_interfaces/msg/detail/bms_state__struct.hpp\n'}
[16.229339] (go2_interfaces) StdoutLine: {'line': b'-- Symlinking: /home/htrice/go2_ros2_curr/install/go2_interfaces/include/go2_interfaces/go2_interfaces/msg/detail/bms_state__traits.hpp\n'}
[16.241630] (go2_interfaces) StdoutLine: {'line': b'-- Symlinking: /home/htrice/go2_ros2_curr/install/go2_interfaces/include/go2_interfaces/go2_interfaces/msg/detail/bms_state__type_support.hpp\n'}
[16.250363] (go2_interfaces) StdoutLine: {'line': b'-- Symlinking: /home/htrice/go2_ros2_curr/install/go2_interfaces/include/go2_interfaces/go2_interfaces/msg/detail/error__builder.hpp\n'}
[16.256012] (-) TimerEvent: {}
[16.262013] (go2_interfaces) StdoutLine: {'line': b'-- Symlinking: /home/htrice/go2_ros2_curr/install/go2_interfaces/include/go2_interfaces/go2_interfaces/msg/detail/error__struct.hpp\n'}
[16.274121] (go2_interfaces) StdoutLine: {'line': b'-- Symlinking: /home/htrice/go2_ros2_curr/install/go2_interfaces/include/go2_interfaces/go2_interfaces/msg/detail/error__traits.hpp\n'}
[16.282823] (go2_interfaces) StdoutLine: {'line': b'-- Symlinking: /home/htrice/go2_ros2_curr/install/go2_interfaces/include/go2_interfaces/go2_interfaces/msg/detail/error__type_support.hpp\n'}
[16.294697] (go2_interfaces) StdoutLine: {'line': b'-- Symlinking: /home/htrice/go2_ros2_curr/install/go2_interfaces/include/go2_interfaces/go2_interfaces/msg/detail/go2_cmd__builder.hpp\n'}
[16.307700] (go2_interfaces) StdoutLine: {'line': b'-- Symlinking: /home/htrice/go2_ros2_curr/install/go2_interfaces/include/go2_interfaces/go2_interfaces/msg/detail/go2_cmd__struct.hpp\n'}
[16.319952] (go2_interfaces) StdoutLine: {'line': b'-- Symlinking: /home/htrice/go2_ros2_curr/install/go2_interfaces/include/go2_interfaces/go2_interfaces/msg/detail/go2_cmd__traits.hpp\n'}
[16.331405] (go2_interfaces) StdoutLine: {'line': b'-- Symlinking: /home/htrice/go2_ros2_curr/install/go2_interfaces/include/go2_interfaces/go2_interfaces/msg/detail/go2_cmd__type_support.hpp\n'}
[16.343645] (go2_interfaces) StdoutLine: {'line': b'-- Symlinking: /home/htrice/go2_ros2_curr/install/go2_interfaces/include/go2_interfaces/go2_interfaces/msg/detail/go2_front_video_data__builder.hpp\n'}
[16.355627] (go2_interfaces) StdoutLine: {'line': b'-- Symlinking: /home/htrice/go2_ros2_curr/install/go2_interfaces/include/go2_interfaces/go2_interfaces/msg/detail/go2_front_video_data__struct.hpp\n'}
[16.356075] (-) TimerEvent: {}
[16.368184] (go2_interfaces) StdoutLine: {'line': b'-- Symlinking: /home/htrice/go2_ros2_curr/install/go2_interfaces/include/go2_interfaces/go2_interfaces/msg/detail/go2_front_video_data__traits.hpp\n'}
[16.380447] (go2_interfaces) StdoutLine: {'line': b'-- Symlinking: /home/htrice/go2_ros2_curr/install/go2_interfaces/include/go2_interfaces/go2_interfaces/msg/detail/go2_front_video_data__type_support.hpp\n'}
[16.392765] (go2_interfaces) StdoutLine: {'line': b'-- Symlinking: /home/htrice/go2_ros2_curr/install/go2_interfaces/include/go2_interfaces/go2_interfaces/msg/detail/go2_move__builder.hpp\n'}
[16.405016] (go2_interfaces) StdoutLine: {'line': b'-- Symlinking: /home/htrice/go2_ros2_curr/install/go2_interfaces/include/go2_interfaces/go2_interfaces/msg/detail/go2_move__struct.hpp\n'}
[16.417316] (go2_interfaces) StdoutLine: {'line': b'-- Symlinking: /home/htrice/go2_ros2_curr/install/go2_interfaces/include/go2_interfaces/go2_interfaces/msg/detail/go2_move__traits.hpp\n'}
[16.430448] (go2_interfaces) StdoutLine: {'line': b'-- Symlinking: /home/htrice/go2_ros2_curr/install/go2_interfaces/include/go2_interfaces/go2_interfaces/msg/detail/go2_move__type_support.hpp\n'}
[16.443033] (go2_interfaces) StdoutLine: {'line': b'-- Symlinking: /home/htrice/go2_ros2_curr/install/go2_interfaces/include/go2_interfaces/go2_interfaces/msg/detail/go2_rpy_cmd__builder.hpp\n'}
[16.455388] (go2_interfaces) StdoutLine: {'line': b'-- Symlinking: /home/htrice/go2_ros2_curr/install/go2_interfaces/include/go2_interfaces/go2_interfaces/msg/detail/go2_rpy_cmd__struct.hpp\n'}
[16.456137] (-) TimerEvent: {}
[16.467728] (go2_interfaces) StdoutLine: {'line': b'-- Symlinking: /home/htrice/go2_ros2_curr/install/go2_interfaces/include/go2_interfaces/go2_interfaces/msg/detail/go2_rpy_cmd__traits.hpp\n'}
[16.480056] (go2_interfaces) StdoutLine: {'line': b'-- Symlinking: /home/htrice/go2_ros2_curr/install/go2_interfaces/include/go2_interfaces/go2_interfaces/msg/detail/go2_rpy_cmd__type_support.hpp\n'}
[16.491755] (go2_interfaces) StdoutLine: {'line': b'-- Symlinking: /home/htrice/go2_ros2_curr/install/go2_interfaces/include/go2_interfaces/go2_interfaces/msg/detail/go2_state__builder.hpp\n'}
[16.503495] (go2_interfaces) StdoutLine: {'line': b'-- Symlinking: /home/htrice/go2_ros2_curr/install/go2_interfaces/include/go2_interfaces/go2_interfaces/msg/detail/go2_state__struct.hpp\n'}
[16.515756] (go2_interfaces) StdoutLine: {'line': b'-- Symlinking: /home/htrice/go2_ros2_curr/install/go2_interfaces/include/go2_interfaces/go2_interfaces/msg/detail/go2_state__traits.hpp\n'}
[16.528147] (go2_interfaces) StdoutLine: {'line': b'-- Symlinking: /home/htrice/go2_ros2_curr/install/go2_interfaces/include/go2_interfaces/go2_interfaces/msg/detail/go2_state__type_support.hpp\n'}
[16.540352] (go2_interfaces) StdoutLine: {'line': b'-- Symlinking: /home/htrice/go2_ros2_curr/install/go2_interfaces/include/go2_interfaces/go2_interfaces/msg/detail/height_map__builder.hpp\n'}
[16.552719] (go2_interfaces) StdoutLine: {'line': b'-- Symlinking: /home/htrice/go2_ros2_curr/install/go2_interfaces/include/go2_interfaces/go2_interfaces/msg/detail/height_map__struct.hpp\n'}
[16.556213] (-) TimerEvent: {}
[16.564693] (go2_interfaces) StdoutLine: {'line': b'-- Symlinking: /home/htrice/go2_ros2_curr/install/go2_interfaces/include/go2_interfaces/go2_interfaces/msg/detail/height_map__traits.hpp\n'}
[16.577141] (go2_interfaces) StdoutLine: {'line': b'-- Symlinking: /home/htrice/go2_ros2_curr/install/go2_interfaces/include/go2_interfaces/go2_interfaces/msg/detail/height_map__type_support.hpp\n'}
[16.589093] (go2_interfaces) StdoutLine: {'line': b'-- Symlinking: /home/htrice/go2_ros2_curr/install/go2_interfaces/include/go2_interfaces/go2_interfaces/msg/detail/imu__builder.hpp\n'}
[16.601195] (go2_interfaces) StdoutLine: {'line': b'-- Symlinking: /home/htrice/go2_ros2_curr/install/go2_interfaces/include/go2_interfaces/go2_interfaces/msg/detail/imu__struct.hpp\n'}
[16.611589] (go2_interfaces) StdoutLine: {'line': b'-- Symlinking: /home/htrice/go2_ros2_curr/install/go2_interfaces/include/go2_interfaces/go2_interfaces/msg/detail/imu__traits.hpp\n'}
[16.623924] (go2_interfaces) StdoutLine: {'line': b'-- Symlinking: /home/htrice/go2_ros2_curr/install/go2_interfaces/include/go2_interfaces/go2_interfaces/msg/detail/imu__type_support.hpp\n'}
[16.635388] (go2_interfaces) StdoutLine: {'line': b'-- Symlinking: /home/htrice/go2_ros2_curr/install/go2_interfaces/include/go2_interfaces/go2_interfaces/msg/detail/interface_config__builder.hpp\n'}
[16.646968] (go2_interfaces) StdoutLine: {'line': b'-- Symlinking: /home/htrice/go2_ros2_curr/install/go2_interfaces/include/go2_interfaces/go2_interfaces/msg/detail/interface_config__struct.hpp\n'}
[16.656284] (-) TimerEvent: {}
[16.659058] (go2_interfaces) StdoutLine: {'line': b'-- Symlinking: /home/htrice/go2_ros2_curr/install/go2_interfaces/include/go2_interfaces/go2_interfaces/msg/detail/interface_config__traits.hpp\n'}
[16.671301] (go2_interfaces) StdoutLine: {'line': b'-- Symlinking: /home/htrice/go2_ros2_curr/install/go2_interfaces/include/go2_interfaces/go2_interfaces/msg/detail/interface_config__type_support.hpp\n'}
[16.683707] (go2_interfaces) StdoutLine: {'line': b'-- Symlinking: /home/htrice/go2_ros2_curr/install/go2_interfaces/include/go2_interfaces/go2_interfaces/msg/detail/lidar_state__builder.hpp\n'}
[16.696042] (go2_interfaces) StdoutLine: {'line': b'-- Symlinking: /home/htrice/go2_ros2_curr/install/go2_interfaces/include/go2_interfaces/go2_interfaces/msg/detail/lidar_state__struct.hpp\n'}
[16.707939] (go2_interfaces) StdoutLine: {'line': b'-- Symlinking: /home/htrice/go2_ros2_curr/install/go2_interfaces/include/go2_interfaces/go2_interfaces/msg/detail/lidar_state__traits.hpp\n'}
[16.719353] (go2_interfaces) StdoutLine: {'line': b'-- Symlinking: /home/htrice/go2_ros2_curr/install/go2_interfaces/include/go2_interfaces/go2_interfaces/msg/detail/lidar_state__type_support.hpp\n'}
[16.731658] (go2_interfaces) StdoutLine: {'line': b'-- Symlinking: /home/htrice/go2_ros2_curr/install/go2_interfaces/include/go2_interfaces/go2_interfaces/msg/detail/low_cmd__builder.hpp\n'}
[16.743962] (go2_interfaces) StdoutLine: {'line': b'-- Symlinking: /home/htrice/go2_ros2_curr/install/go2_interfaces/include/go2_interfaces/go2_interfaces/msg/detail/low_cmd__struct.hpp\n'}
[16.756376] (-) TimerEvent: {}
[16.756540] (go2_interfaces) StdoutLine: {'line': b'-- Symlinking: /home/htrice/go2_ros2_curr/install/go2_interfaces/include/go2_interfaces/go2_interfaces/msg/detail/low_cmd__traits.hpp\n'}
[16.768710] (go2_interfaces) StdoutLine: {'line': b'-- Symlinking: /home/htrice/go2_ros2_curr/install/go2_interfaces/include/go2_interfaces/go2_interfaces/msg/detail/low_cmd__type_support.hpp\n'}
[16.780410] (go2_interfaces) StdoutLine: {'line': b'-- Symlinking: /home/htrice/go2_ros2_curr/install/go2_interfaces/include/go2_interfaces/go2_interfaces/msg/detail/low_state__builder.hpp\n'}
[16.792843] (go2_interfaces) StdoutLine: {'line': b'-- Symlinking: /home/htrice/go2_ros2_curr/install/go2_interfaces/include/go2_interfaces/go2_interfaces/msg/detail/low_state__struct.hpp\n'}
[16.805098] (go2_interfaces) StdoutLine: {'line': b'-- Symlinking: /home/htrice/go2_ros2_curr/install/go2_interfaces/include/go2_interfaces/go2_interfaces/msg/detail/low_state__traits.hpp\n'}
[16.817388] (go2_interfaces) StdoutLine: {'line': b'-- Symlinking: /home/htrice/go2_ros2_curr/install/go2_interfaces/include/go2_interfaces/go2_interfaces/msg/detail/low_state__type_support.hpp\n'}
[16.829549] (go2_interfaces) StdoutLine: {'line': b'-- Symlinking: /home/htrice/go2_ros2_curr/install/go2_interfaces/include/go2_interfaces/go2_interfaces/msg/detail/motor_cmd__builder.hpp\n'}
[16.838235] (go2_interfaces) StdoutLine: {'line': b'-- Symlinking: /home/htrice/go2_ros2_curr/install/go2_interfaces/include/go2_interfaces/go2_interfaces/msg/detail/motor_cmd__struct.hpp\n'}
[16.850063] (go2_interfaces) StdoutLine: {'line': b'-- Symlinking: /home/htrice/go2_ros2_curr/install/go2_interfaces/include/go2_interfaces/go2_interfaces/msg/detail/motor_cmd__traits.hpp\n'}
[16.856447] (-) TimerEvent: {}
[16.858330] (go2_interfaces) StdoutLine: {'line': b'-- Symlinking: /home/htrice/go2_ros2_curr/install/go2_interfaces/include/go2_interfaces/go2_interfaces/msg/detail/motor_cmd__type_support.hpp\n'}
[16.870165] (go2_interfaces) StdoutLine: {'line': b'-- Symlinking: /home/htrice/go2_ros2_curr/install/go2_interfaces/include/go2_interfaces/go2_interfaces/msg/detail/motor_cmds__builder.hpp\n'}
[16.879328] (go2_interfaces) StdoutLine: {'line': b'-- Symlinking: /home/htrice/go2_ros2_curr/install/go2_interfaces/include/go2_interfaces/go2_interfaces/msg/detail/motor_cmds__struct.hpp\n'}
[16.891185] (go2_interfaces) StdoutLine: {'line': b'-- Symlinking: /home/htrice/go2_ros2_curr/install/go2_interfaces/include/go2_interfaces/go2_interfaces/msg/detail/motor_cmds__traits.hpp\n'}
[16.903553] (go2_interfaces) StdoutLine: {'line': b'-- Symlinking: /home/htrice/go2_ros2_curr/install/go2_interfaces/include/go2_interfaces/go2_interfaces/msg/detail/motor_cmds__type_support.hpp\n'}
[16.915781] (go2_interfaces) StdoutLine: {'line': b'-- Symlinking: /home/htrice/go2_ros2_curr/install/go2_interfaces/include/go2_interfaces/go2_interfaces/msg/detail/motor_state__builder.hpp\n'}
[16.928265] (go2_interfaces) StdoutLine: {'line': b'-- Symlinking: /home/htrice/go2_ros2_curr/install/go2_interfaces/include/go2_interfaces/go2_interfaces/msg/detail/motor_state__struct.hpp\n'}
[16.940884] (go2_interfaces) StdoutLine: {'line': b'-- Symlinking: /home/htrice/go2_ros2_curr/install/go2_interfaces/include/go2_interfaces/go2_interfaces/msg/detail/motor_state__traits.hpp\n'}
[16.953261] (go2_interfaces) StdoutLine: {'line': b'-- Symlinking: /home/htrice/go2_ros2_curr/install/go2_interfaces/include/go2_interfaces/go2_interfaces/msg/detail/motor_state__type_support.hpp\n'}
[16.956520] (-) TimerEvent: {}
[16.965625] (go2_interfaces) StdoutLine: {'line': b'-- Symlinking: /home/htrice/go2_ros2_curr/install/go2_interfaces/include/go2_interfaces/go2_interfaces/msg/detail/motor_states__builder.hpp\n'}
[16.974472] (go2_interfaces) StdoutLine: {'line': b'-- Symlinking: /home/htrice/go2_ros2_curr/install/go2_interfaces/include/go2_interfaces/go2_interfaces/msg/detail/motor_states__struct.hpp\n'}
[16.986390] (go2_interfaces) StdoutLine: {'line': b'-- Symlinking: /home/htrice/go2_ros2_curr/install/go2_interfaces/include/go2_interfaces/go2_interfaces/msg/detail/motor_states__traits.hpp\n'}
[16.998751] (go2_interfaces) StdoutLine: {'line': b'-- Symlinking: /home/htrice/go2_ros2_curr/install/go2_interfaces/include/go2_interfaces/go2_interfaces/msg/detail/motor_states__type_support.hpp\n'}
[17.010990] (go2_interfaces) StdoutLine: {'line': b'-- Symlinking: /home/htrice/go2_ros2_curr/install/go2_interfaces/include/go2_interfaces/go2_interfaces/msg/detail/path_point__builder.hpp\n'}
[17.023137] (go2_interfaces) StdoutLine: {'line': b'-- Symlinking: /home/htrice/go2_ros2_curr/install/go2_interfaces/include/go2_interfaces/go2_interfaces/msg/detail/path_point__struct.hpp\n'}
[17.035298] (go2_interfaces) StdoutLine: {'line': b'-- Symlinking: /home/htrice/go2_ros2_curr/install/go2_interfaces/include/go2_interfaces/go2_interfaces/msg/detail/path_point__traits.hpp\n'}
[17.047768] (go2_interfaces) StdoutLine: {'line': b'-- Symlinking: /home/htrice/go2_ros2_curr/install/go2_interfaces/include/go2_interfaces/go2_interfaces/msg/detail/path_point__type_support.hpp\n'}
[17.056583] (-) TimerEvent: {}
[17.060058] (go2_interfaces) StdoutLine: {'line': b'-- Symlinking: /home/htrice/go2_ros2_curr/install/go2_interfaces/include/go2_interfaces/go2_interfaces/msg/detail/req__builder.hpp\n'}
[17.072543] (go2_interfaces) StdoutLine: {'line': b'-- Symlinking: /home/htrice/go2_ros2_curr/install/go2_interfaces/include/go2_interfaces/go2_interfaces/msg/detail/req__struct.hpp\n'}
[17.084860] (go2_interfaces) StdoutLine: {'line': b'-- Symlinking: /home/htrice/go2_ros2_curr/install/go2_interfaces/include/go2_interfaces/go2_interfaces/msg/detail/req__traits.hpp\n'}
[17.097288] (go2_interfaces) StdoutLine: {'line': b'-- Symlinking: /home/htrice/go2_ros2_curr/install/go2_interfaces/include/go2_interfaces/go2_interfaces/msg/detail/req__type_support.hpp\n'}
[17.109560] (go2_interfaces) StdoutLine: {'line': b'-- Symlinking: /home/htrice/go2_ros2_curr/install/go2_interfaces/include/go2_interfaces/go2_interfaces/msg/detail/res__builder.hpp\n'}
[17.117306] (go2_interfaces) StdoutLine: {'line': b'-- Symlinking: /home/htrice/go2_ros2_curr/install/go2_interfaces/include/go2_interfaces/go2_interfaces/msg/detail/res__struct.hpp\n'}
[17.130439] (go2_interfaces) StdoutLine: {'line': b'-- Symlinking: /home/htrice/go2_ros2_curr/install/go2_interfaces/include/go2_interfaces/go2_interfaces/msg/detail/res__traits.hpp\n'}
[17.142854] (go2_interfaces) StdoutLine: {'line': b'-- Symlinking: /home/htrice/go2_ros2_curr/install/go2_interfaces/include/go2_interfaces/go2_interfaces/msg/detail/res__type_support.hpp\n'}
[17.155357] (go2_interfaces) StdoutLine: {'line': b'-- Symlinking: /home/htrice/go2_ros2_curr/install/go2_interfaces/include/go2_interfaces/go2_interfaces/msg/detail/sport_mode_cmd__builder.hpp\n'}
[17.156665] (-) TimerEvent: {}
[17.167992] (go2_interfaces) StdoutLine: {'line': b'-- Symlinking: /home/htrice/go2_ros2_curr/install/go2_interfaces/include/go2_interfaces/go2_interfaces/msg/detail/sport_mode_cmd__struct.hpp\n'}
[17.175781] (go2_interfaces) StdoutLine: {'line': b'-- Symlinking: /home/htrice/go2_ros2_curr/install/go2_interfaces/include/go2_interfaces/go2_interfaces/msg/detail/sport_mode_cmd__traits.hpp\n'}
[17.188086] (go2_interfaces) StdoutLine: {'line': b'-- Symlinking: /home/htrice/go2_ros2_curr/install/go2_interfaces/include/go2_interfaces/go2_interfaces/msg/detail/sport_mode_cmd__type_support.hpp\n'}
[17.199957] (go2_interfaces) StdoutLine: {'line': b'-- Symlinking: /home/htrice/go2_ros2_curr/install/go2_interfaces/include/go2_interfaces/go2_interfaces/msg/detail/sport_mode_state__builder.hpp\n'}
[17.212276] (go2_interfaces) StdoutLine: {'line': b'-- Symlinking: /home/htrice/go2_ros2_curr/install/go2_interfaces/include/go2_interfaces/go2_interfaces/msg/detail/sport_mode_state__struct.hpp\n'}
[17.224492] (go2_interfaces) StdoutLine: {'line': b'-- Symlinking: /home/htrice/go2_ros2_curr/install/go2_interfaces/include/go2_interfaces/go2_interfaces/msg/detail/sport_mode_state__traits.hpp\n'}
[17.237157] (go2_interfaces) StdoutLine: {'line': b'-- Symlinking: /home/htrice/go2_ros2_curr/install/go2_interfaces/include/go2_interfaces/go2_interfaces/msg/detail/sport_mode_state__type_support.hpp\n'}
[17.249465] (go2_interfaces) StdoutLine: {'line': b'-- Symlinking: /home/htrice/go2_ros2_curr/install/go2_interfaces/include/go2_interfaces/go2_interfaces/msg/detail/time_spec__builder.hpp\n'}
[17.256728] (-) TimerEvent: {}
[17.261840] (go2_interfaces) StdoutLine: {'line': b'-- Symlinking: /home/htrice/go2_ros2_curr/install/go2_interfaces/include/go2_interfaces/go2_interfaces/msg/detail/time_spec__struct.hpp\n'}
[17.269794] (go2_interfaces) StdoutLine: {'line': b'-- Symlinking: /home/htrice/go2_ros2_curr/install/go2_interfaces/include/go2_interfaces/go2_interfaces/msg/detail/time_spec__traits.hpp\n'}
[17.277544] (go2_interfaces) StdoutLine: {'line': b'-- Symlinking: /home/htrice/go2_ros2_curr/install/go2_interfaces/include/go2_interfaces/go2_interfaces/msg/detail/time_spec__type_support.hpp\n'}
[17.289880] (go2_interfaces) StdoutLine: {'line': b'-- Symlinking: /home/htrice/go2_ros2_curr/install/go2_interfaces/include/go2_interfaces/go2_interfaces/msg/detail/uwb_state__builder.hpp\n'}
[17.297521] (go2_interfaces) StdoutLine: {'line': b'-- Symlinking: /home/htrice/go2_ros2_curr/install/go2_interfaces/include/go2_interfaces/go2_interfaces/msg/detail/uwb_state__struct.hpp\n'}
[17.309111] (go2_interfaces) StdoutLine: {'line': b'-- Symlinking: /home/htrice/go2_ros2_curr/install/go2_interfaces/include/go2_interfaces/go2_interfaces/msg/detail/uwb_state__traits.hpp\n'}
[17.321382] (go2_interfaces) StdoutLine: {'line': b'-- Symlinking: /home/htrice/go2_ros2_curr/install/go2_interfaces/include/go2_interfaces/go2_interfaces/msg/detail/uwb_state__type_support.hpp\n'}
[17.333896] (go2_interfaces) StdoutLine: {'line': b'-- Symlinking: /home/htrice/go2_ros2_curr/install/go2_interfaces/include/go2_interfaces/go2_interfaces/msg/detail/uwb_switch__builder.hpp\n'}
[17.342596] (go2_interfaces) StdoutLine: {'line': b'-- Symlinking: /home/htrice/go2_ros2_curr/install/go2_interfaces/include/go2_interfaces/go2_interfaces/msg/detail/uwb_switch__struct.hpp\n'}
[17.354087] (go2_interfaces) StdoutLine: {'line': b'-- Symlinking: /home/htrice/go2_ros2_curr/install/go2_interfaces/include/go2_interfaces/go2_interfaces/msg/detail/uwb_switch__traits.hpp\n'}
[17.356793] (-) TimerEvent: {}
[17.362536] (go2_interfaces) StdoutLine: {'line': b'-- Symlinking: /home/htrice/go2_ros2_curr/install/go2_interfaces/include/go2_interfaces/go2_interfaces/msg/detail/uwb_switch__type_support.hpp\n'}
[17.374615] (go2_interfaces) StdoutLine: {'line': b'-- Symlinking: /home/htrice/go2_ros2_curr/install/go2_interfaces/include/go2_interfaces/go2_interfaces/msg/detail/voxel_height_map_state__builder.hpp\n'}
[17.386499] (go2_interfaces) StdoutLine: {'line': b'-- Symlinking: /home/htrice/go2_ros2_curr/install/go2_interfaces/include/go2_interfaces/go2_interfaces/msg/detail/voxel_height_map_state__struct.hpp\n'}
[17.398865] (go2_interfaces) StdoutLine: {'line': b'-- Symlinking: /home/htrice/go2_ros2_curr/install/go2_interfaces/include/go2_interfaces/go2_interfaces/msg/detail/voxel_height_map_state__traits.hpp\n'}
[17.411100] (go2_interfaces) StdoutLine: {'line': b'-- Symlinking: /home/htrice/go2_ros2_curr/install/go2_interfaces/include/go2_interfaces/go2_interfaces/msg/detail/voxel_height_map_state__type_support.hpp\n'}
[17.423332] (go2_interfaces) StdoutLine: {'line': b'-- Symlinking: /home/htrice/go2_ros2_curr/install/go2_interfaces/include/go2_interfaces/go2_interfaces/msg/detail/voxel_map_compressed__builder.hpp\n'}
[17.435701] (go2_interfaces) StdoutLine: {'line': b'-- Symlinking: /home/htrice/go2_ros2_curr/install/go2_interfaces/include/go2_interfaces/go2_interfaces/msg/detail/voxel_map_compressed__struct.hpp\n'}
[17.447952] (go2_interfaces) StdoutLine: {'line': b'-- Symlinking: /home/htrice/go2_ros2_curr/install/go2_interfaces/include/go2_interfaces/go2_interfaces/msg/detail/voxel_map_compressed__traits.hpp\n'}
[17.456860] (-) TimerEvent: {}
[17.459872] (go2_interfaces) StdoutLine: {'line': b'-- Symlinking: /home/htrice/go2_ros2_curr/install/go2_interfaces/include/go2_interfaces/go2_interfaces/msg/detail/voxel_map_compressed__type_support.hpp\n'}
[17.471866] (go2_interfaces) StdoutLine: {'line': b'-- Symlinking: /home/htrice/go2_ros2_curr/install/go2_interfaces/include/go2_interfaces/go2_interfaces/msg/detail/web_rtc_req__builder.hpp\n'}
[17.484273] (go2_interfaces) StdoutLine: {'line': b'-- Symlinking: /home/htrice/go2_ros2_curr/install/go2_interfaces/include/go2_interfaces/go2_interfaces/msg/detail/web_rtc_req__struct.hpp\n'}
[17.496765] (go2_interfaces) StdoutLine: {'line': b'-- Symlinking: /home/htrice/go2_ros2_curr/install/go2_interfaces/include/go2_interfaces/go2_interfaces/msg/detail/web_rtc_req__traits.hpp\n'}
[17.509118] (go2_interfaces) StdoutLine: {'line': b'-- Symlinking: /home/htrice/go2_ros2_curr/install/go2_interfaces/include/go2_interfaces/go2_interfaces/msg/detail/web_rtc_req__type_support.hpp\n'}
[17.521630] (go2_interfaces) StdoutLine: {'line': b'-- Symlinking: /home/htrice/go2_ros2_curr/install/go2_interfaces/include/go2_interfaces/go2_interfaces/msg/detail/wireless_controller__builder.hpp\n'}
[17.530405] (go2_interfaces) StdoutLine: {'line': b'-- Symlinking: /home/htrice/go2_ros2_curr/install/go2_interfaces/include/go2_interfaces/go2_interfaces/msg/detail/wireless_controller__struct.hpp\n'}
[17.542286] (go2_interfaces) StdoutLine: {'line': b'-- Symlinking: /home/htrice/go2_ros2_curr/install/go2_interfaces/include/go2_interfaces/go2_interfaces/msg/detail/wireless_controller__traits.hpp\n'}
[17.554423] (go2_interfaces) StdoutLine: {'line': b'-- Symlinking: /home/htrice/go2_ros2_curr/install/go2_interfaces/include/go2_interfaces/go2_interfaces/msg/detail/wireless_controller__type_support.hpp\n'}
[17.556932] (-) TimerEvent: {}
[17.565633] (go2_interfaces) StdoutLine: {'line': b'-- Symlinking: /home/htrice/go2_ros2_curr/install/go2_interfaces/include/go2_interfaces/go2_interfaces/msg/error.hpp\n'}
[17.575098] (go2_interfaces) StdoutLine: {'line': b'-- Symlinking: /home/htrice/go2_ros2_curr/install/go2_interfaces/include/go2_interfaces/go2_interfaces/msg/go2_cmd.hpp\n'}
[17.587064] (go2_interfaces) StdoutLine: {'line': b'-- Symlinking: /home/htrice/go2_ros2_curr/install/go2_interfaces/include/go2_interfaces/go2_interfaces/msg/go2_front_video_data.hpp\n'}
[17.599466] (go2_interfaces) StdoutLine: {'line': b'-- Symlinking: /home/htrice/go2_ros2_curr/install/go2_interfaces/include/go2_interfaces/go2_interfaces/msg/go2_move.hpp\n'}
[17.611900] (go2_interfaces) StdoutLine: {'line': b'-- Symlinking: /home/htrice/go2_ros2_curr/install/go2_interfaces/include/go2_interfaces/go2_interfaces/msg/go2_rpy_cmd.hpp\n'}
[17.624040] (go2_interfaces) StdoutLine: {'line': b'-- Symlinking: /home/htrice/go2_ros2_curr/install/go2_interfaces/include/go2_interfaces/go2_interfaces/msg/go2_state.hpp\n'}
[17.636404] (go2_interfaces) StdoutLine: {'line': b'-- Symlinking: /home/htrice/go2_ros2_curr/install/go2_interfaces/include/go2_interfaces/go2_interfaces/msg/height_map.hpp\n'}
[17.648667] (go2_interfaces) StdoutLine: {'line': b'-- Symlinking: /home/htrice/go2_ros2_curr/install/go2_interfaces/include/go2_interfaces/go2_interfaces/msg/imu.hpp\n'}
[17.657007] (-) TimerEvent: {}
[17.661110] (go2_interfaces) StdoutLine: {'line': b'-- Symlinking: /home/htrice/go2_ros2_curr/install/go2_interfaces/include/go2_interfaces/go2_interfaces/msg/interface_config.hpp\n'}
[17.673725] (go2_interfaces) StdoutLine: {'line': b'-- Symlinking: /home/htrice/go2_ros2_curr/install/go2_interfaces/include/go2_interfaces/go2_interfaces/msg/lidar_state.hpp\n'}
[17.681521] (go2_interfaces) StdoutLine: {'line': b'-- Symlinking: /home/htrice/go2_ros2_curr/install/go2_interfaces/include/go2_interfaces/go2_interfaces/msg/low_cmd.hpp\n'}
[17.693177] (go2_interfaces) StdoutLine: {'line': b'-- Symlinking: /home/htrice/go2_ros2_curr/install/go2_interfaces/include/go2_interfaces/go2_interfaces/msg/low_state.hpp\n'}
[17.704832] (go2_interfaces) StdoutLine: {'line': b'-- Symlinking: /home/htrice/go2_ros2_curr/install/go2_interfaces/include/go2_interfaces/go2_interfaces/msg/motor_cmd.hpp\n'}
[17.716932] (go2_interfaces) StdoutLine: {'line': b'-- Symlinking: /home/htrice/go2_ros2_curr/install/go2_interfaces/include/go2_interfaces/go2_interfaces/msg/motor_cmds.hpp\n'}
[17.729131] (go2_interfaces) StdoutLine: {'line': b'-- Symlinking: /home/htrice/go2_ros2_curr/install/go2_interfaces/include/go2_interfaces/go2_interfaces/msg/motor_state.hpp\n'}
[17.741655] (go2_interfaces) StdoutLine: {'line': b'-- Symlinking: /home/htrice/go2_ros2_curr/install/go2_interfaces/include/go2_interfaces/go2_interfaces/msg/motor_states.hpp\n'}
[17.749327] (go2_interfaces) StdoutLine: {'line': b'-- Symlinking: /home/htrice/go2_ros2_curr/install/go2_interfaces/include/go2_interfaces/go2_interfaces/msg/path_point.hpp\n'}
[17.757084] (-) TimerEvent: {}
[17.761350] (go2_interfaces) StdoutLine: {'line': b'-- Symlinking: /home/htrice/go2_ros2_curr/install/go2_interfaces/include/go2_interfaces/go2_interfaces/msg/req.hpp\n'}
[17.773836] (go2_interfaces) StdoutLine: {'line': b'-- Symlinking: /home/htrice/go2_ros2_curr/install/go2_interfaces/include/go2_interfaces/go2_interfaces/msg/res.hpp\n'}
[17.781467] (go2_interfaces) StdoutLine: {'line': b'-- Symlinking: /home/htrice/go2_ros2_curr/install/go2_interfaces/include/go2_interfaces/go2_interfaces/msg/rosidl_generator_cpp__visibility_control.hpp\n'}
[17.793825] (go2_interfaces) StdoutLine: {'line': b'-- Symlinking: /home/htrice/go2_ros2_curr/install/go2_interfaces/include/go2_interfaces/go2_interfaces/msg/sport_mode_cmd.hpp\n'}
[17.801461] (go2_interfaces) StdoutLine: {'line': b'-- Symlinking: /home/htrice/go2_ros2_curr/install/go2_interfaces/include/go2_interfaces/go2_interfaces/msg/sport_mode_state.hpp\n'}
[17.813696] (go2_interfaces) StdoutLine: {'line': b'-- Symlinking: /home/htrice/go2_ros2_curr/install/go2_interfaces/include/go2_interfaces/go2_interfaces/msg/time_spec.hpp\n'}
[17.821445] (go2_interfaces) StdoutLine: {'line': b'-- Symlinking: /home/htrice/go2_ros2_curr/install/go2_interfaces/include/go2_interfaces/go2_interfaces/msg/uwb_state.hpp\n'}
[17.833877] (go2_interfaces) StdoutLine: {'line': b'-- Symlinking: /home/htrice/go2_ros2_curr/install/go2_interfaces/include/go2_interfaces/go2_interfaces/msg/uwb_switch.hpp\n'}
[17.841460] (go2_interfaces) StdoutLine: {'line': b'-- Symlinking: /home/htrice/go2_ros2_curr/install/go2_interfaces/include/go2_interfaces/go2_interfaces/msg/voxel_height_map_state.hpp\n'}
[17.849043] (go2_interfaces) StdoutLine: {'line': b'-- Symlinking: /home/htrice/go2_ros2_curr/install/go2_interfaces/include/go2_interfaces/go2_interfaces/msg/voxel_map_compressed.hpp\n'}
[17.857158] (-) TimerEvent: {}
[17.861264] (go2_interfaces) StdoutLine: {'line': b'-- Symlinking: /home/htrice/go2_ros2_curr/install/go2_interfaces/include/go2_interfaces/go2_interfaces/msg/web_rtc_req.hpp\n'}
[17.873666] (go2_interfaces) StdoutLine: {'line': b'-- Symlinking: /home/htrice/go2_ros2_curr/install/go2_interfaces/include/go2_interfaces/go2_interfaces/msg/wireless_controller.hpp\n'}
[17.884887] (go2_interfaces) StdoutLine: {'line': b'-- Symlinking: /home/htrice/go2_ros2_curr/install/go2_interfaces/include/go2_interfaces/go2_interfaces/msg/detail/audio_data__rosidl_typesupport_fastrtps_cpp.hpp\n'}
[17.897229] (go2_interfaces) StdoutLine: {'line': b'-- Symlinking: /home/htrice/go2_ros2_curr/install/go2_interfaces/include/go2_interfaces/go2_interfaces/msg/detail/bms_cmd__rosidl_typesupport_fastrtps_cpp.hpp\n'}
[17.909251] (go2_interfaces) StdoutLine: {'line': b'-- Symlinking: /home/htrice/go2_ros2_curr/install/go2_interfaces/include/go2_interfaces/go2_interfaces/msg/detail/bms_state__rosidl_typesupport_fastrtps_cpp.hpp\n'}
[17.921457] (go2_interfaces) StdoutLine: {'line': b'-- Symlinking: /home/htrice/go2_ros2_curr/install/go2_interfaces/include/go2_interfaces/go2_interfaces/msg/detail/error__rosidl_typesupport_fastrtps_cpp.hpp\n'}
[17.933696] (go2_interfaces) StdoutLine: {'line': b'-- Symlinking: /home/htrice/go2_ros2_curr/install/go2_interfaces/include/go2_interfaces/go2_interfaces/msg/detail/go2_cmd__rosidl_typesupport_fastrtps_cpp.hpp\n'}
[17.942388] (go2_interfaces) StdoutLine: {'line': b'-- Symlinking: /home/htrice/go2_ros2_curr/install/go2_interfaces/include/go2_interfaces/go2_interfaces/msg/detail/go2_front_video_data__rosidl_typesupport_fastrtps_cpp.hpp\n'}
[17.954130] (go2_interfaces) StdoutLine: {'line': b'-- Symlinking: /home/htrice/go2_ros2_curr/install/go2_interfaces/include/go2_interfaces/go2_interfaces/msg/detail/go2_move__rosidl_typesupport_fastrtps_cpp.hpp\n'}
[17.957230] (-) TimerEvent: {}
[17.962399] (go2_interfaces) StdoutLine: {'line': b'-- Symlinking: /home/htrice/go2_ros2_curr/install/go2_interfaces/include/go2_interfaces/go2_interfaces/msg/detail/go2_rpy_cmd__rosidl_typesupport_fastrtps_cpp.hpp\n'}
[17.974495] (go2_interfaces) StdoutLine: {'line': b'-- Symlinking: /home/htrice/go2_ros2_curr/install/go2_interfaces/include/go2_interfaces/go2_interfaces/msg/detail/go2_state__rosidl_typesupport_fastrtps_cpp.hpp\n'}
[17.982938] (go2_interfaces) StdoutLine: {'line': b'-- Symlinking: /home/htrice/go2_ros2_curr/install/go2_interfaces/include/go2_interfaces/go2_interfaces/msg/detail/height_map__rosidl_typesupport_fastrtps_cpp.hpp\n'}
[17.994609] (go2_interfaces) StdoutLine: {'line': b'-- Symlinking: /home/htrice/go2_ros2_curr/install/go2_interfaces/include/go2_interfaces/go2_interfaces/msg/detail/imu__rosidl_typesupport_fastrtps_cpp.hpp\n'}
[18.006496] (go2_interfaces) StdoutLine: {'line': b'-- Symlinking: /home/htrice/go2_ros2_curr/install/go2_interfaces/include/go2_interfaces/go2_interfaces/msg/detail/interface_config__rosidl_typesupport_fastrtps_cpp.hpp\n'}
[18.018628] (go2_interfaces) StdoutLine: {'line': b'-- Symlinking: /home/htrice/go2_ros2_curr/install/go2_interfaces/include/go2_interfaces/go2_interfaces/msg/detail/lidar_state__rosidl_typesupport_fastrtps_cpp.hpp\n'}
[18.031066] (go2_interfaces) StdoutLine: {'line': b'-- Symlinking: /home/htrice/go2_ros2_curr/install/go2_interfaces/include/go2_interfaces/go2_interfaces/msg/detail/low_cmd__rosidl_typesupport_fastrtps_cpp.hpp\n'}
[18.043347] (go2_interfaces) StdoutLine: {'line': b'-- Symlinking: /home/htrice/go2_ros2_curr/install/go2_interfaces/include/go2_interfaces/go2_interfaces/msg/detail/low_state__rosidl_typesupport_fastrtps_cpp.hpp\n'}
[18.055670] (go2_interfaces) StdoutLine: {'line': b'-- Symlinking: /home/htrice/go2_ros2_curr/install/go2_interfaces/include/go2_interfaces/go2_interfaces/msg/detail/motor_cmd__rosidl_typesupport_fastrtps_cpp.hpp\n'}
[18.057301] (-) TimerEvent: {}
[18.068092] (go2_interfaces) StdoutLine: {'line': b'-- Symlinking: /home/htrice/go2_ros2_curr/install/go2_interfaces/include/go2_interfaces/go2_interfaces/msg/detail/motor_cmds__rosidl_typesupport_fastrtps_cpp.hpp\n'}
[18.080617] (go2_interfaces) StdoutLine: {'line': b'-- Symlinking: /home/htrice/go2_ros2_curr/install/go2_interfaces/include/go2_interfaces/go2_interfaces/msg/detail/motor_state__rosidl_typesupport_fastrtps_cpp.hpp\n'}
[18.092297] (go2_interfaces) StdoutLine: {'line': b'-- Symlinking: /home/htrice/go2_ros2_curr/install/go2_interfaces/include/go2_interfaces/go2_interfaces/msg/detail/motor_states__rosidl_typesupport_fastrtps_cpp.hpp\n'}
[18.104177] (go2_interfaces) StdoutLine: {'line': b'-- Symlinking: /home/htrice/go2_ros2_curr/install/go2_interfaces/include/go2_interfaces/go2_interfaces/msg/detail/path_point__rosidl_typesupport_fastrtps_cpp.hpp\n'}
[18.116360] (go2_interfaces) StdoutLine: {'line': b'-- Symlinking: /home/htrice/go2_ros2_curr/install/go2_interfaces/include/go2_interfaces/go2_interfaces/msg/detail/req__rosidl_typesupport_fastrtps_cpp.hpp\n'}
[18.128644] (go2_interfaces) StdoutLine: {'line': b'-- Symlinking: /home/htrice/go2_ros2_curr/install/go2_interfaces/include/go2_interfaces/go2_interfaces/msg/detail/res__rosidl_typesupport_fastrtps_cpp.hpp\n'}
[18.140891] (go2_interfaces) StdoutLine: {'line': b'-- Symlinking: /home/htrice/go2_ros2_curr/install/go2_interfaces/include/go2_interfaces/go2_interfaces/msg/detail/sport_mode_cmd__rosidl_typesupport_fastrtps_cpp.hpp\n'}
[18.153125] (go2_interfaces) StdoutLine: {'line': b'-- Symlinking: /home/htrice/go2_ros2_curr/install/go2_interfaces/include/go2_interfaces/go2_interfaces/msg/detail/sport_mode_state__rosidl_typesupport_fastrtps_cpp.hpp\n'}
[18.157373] (-) TimerEvent: {}
[18.165403] (go2_interfaces) StdoutLine: {'line': b'-- Symlinking: /home/htrice/go2_ros2_curr/install/go2_interfaces/include/go2_interfaces/go2_interfaces/msg/detail/time_spec__rosidl_typesupport_fastrtps_cpp.hpp\n'}
[18.177496] (go2_interfaces) StdoutLine: {'line': b'-- Symlinking: /home/htrice/go2_ros2_curr/install/go2_interfaces/include/go2_interfaces/go2_interfaces/msg/detail/uwb_state__rosidl_typesupport_fastrtps_cpp.hpp\n'}
[18.189710] (go2_interfaces) StdoutLine: {'line': b'-- Symlinking: /home/htrice/go2_ros2_curr/install/go2_interfaces/include/go2_interfaces/go2_interfaces/msg/detail/uwb_switch__rosidl_typesupport_fastrtps_cpp.hpp\n'}
[18.198432] (go2_interfaces) StdoutLine: {'line': b'-- Symlinking: /home/htrice/go2_ros2_curr/install/go2_interfaces/include/go2_interfaces/go2_interfaces/msg/detail/voxel_height_map_state__rosidl_typesupport_fastrtps_cpp.hpp\n'}
[18.210582] (go2_interfaces) StdoutLine: {'line': b'-- Symlinking: /home/htrice/go2_ros2_curr/install/go2_interfaces/include/go2_interfaces/go2_interfaces/msg/detail/voxel_map_compressed__rosidl_typesupport_fastrtps_cpp.hpp\n'}
[18.222869] (go2_interfaces) StdoutLine: {'line': b'-- Symlinking: /home/htrice/go2_ros2_curr/install/go2_interfaces/include/go2_interfaces/go2_interfaces/msg/detail/web_rtc_req__rosidl_typesupport_fastrtps_cpp.hpp\n'}
[18.235372] (go2_interfaces) StdoutLine: {'line': b'-- Symlinking: /home/htrice/go2_ros2_curr/install/go2_interfaces/include/go2_interfaces/go2_interfaces/msg/detail/wireless_controller__rosidl_typesupport_fastrtps_cpp.hpp\n'}
[18.247573] (go2_interfaces) StdoutLine: {'line': b'-- Symlinking: /home/htrice/go2_ros2_curr/install/go2_interfaces/include/go2_interfaces/go2_interfaces/msg/rosidl_typesupport_fastrtps_cpp__visibility_control.h\n'}
[18.257451] (-) TimerEvent: {}
[18.261480] (go2_interfaces) StdoutLine: {'line': b'-- Symlinking: /home/htrice/go2_ros2_curr/install/go2_interfaces/include/go2_interfaces/go2_interfaces/msg/detail/audio_data__rosidl_typesupport_introspection_c.h\n'}
[18.273660] (go2_interfaces) StdoutLine: {'line': b'-- Symlinking: /home/htrice/go2_ros2_curr/install/go2_interfaces/include/go2_interfaces/go2_interfaces/msg/detail/bms_cmd__rosidl_typesupport_introspection_c.h\n'}
[18.285631] (go2_interfaces) StdoutLine: {'line': b'-- Symlinking: /home/htrice/go2_ros2_curr/install/go2_interfaces/include/go2_interfaces/go2_interfaces/msg/detail/bms_state__rosidl_typesupport_introspection_c.h\n'}
[18.294577] (go2_interfaces) StdoutLine: {'line': b'-- Symlinking: /home/htrice/go2_ros2_curr/install/go2_interfaces/include/go2_interfaces/go2_interfaces/msg/detail/error__rosidl_typesupport_introspection_c.h\n'}
[18.305899] (go2_interfaces) StdoutLine: {'line': b'-- Symlinking: /home/htrice/go2_ros2_curr/install/go2_interfaces/include/go2_interfaces/go2_interfaces/msg/detail/go2_cmd__rosidl_typesupport_introspection_c.h\n'}
[18.317448] (go2_interfaces) StdoutLine: {'line': b'-- Symlinking: /home/htrice/go2_ros2_curr/install/go2_interfaces/include/go2_interfaces/go2_interfaces/msg/detail/go2_front_video_data__rosidl_typesupport_introspection_c.h\n'}
[18.329501] (go2_interfaces) StdoutLine: {'line': b'-- Symlinking: /home/htrice/go2_ros2_curr/install/go2_interfaces/include/go2_interfaces/go2_interfaces/msg/detail/go2_move__rosidl_typesupport_introspection_c.h\n'}
[18.341380] (go2_interfaces) StdoutLine: {'line': b'-- Symlinking: /home/htrice/go2_ros2_curr/install/go2_interfaces/include/go2_interfaces/go2_interfaces/msg/detail/go2_rpy_cmd__rosidl_typesupport_introspection_c.h\n'}
[18.353374] (go2_interfaces) StdoutLine: {'line': b'-- Symlinking: /home/htrice/go2_ros2_curr/install/go2_interfaces/include/go2_interfaces/go2_interfaces/msg/detail/go2_state__rosidl_typesupport_introspection_c.h\n'}
[18.357523] (-) TimerEvent: {}
[18.365561] (go2_interfaces) StdoutLine: {'line': b'-- Symlinking: /home/htrice/go2_ros2_curr/install/go2_interfaces/include/go2_interfaces/go2_interfaces/msg/detail/height_map__rosidl_typesupport_introspection_c.h\n'}
[18.377454] (go2_interfaces) StdoutLine: {'line': b'-- Symlinking: /home/htrice/go2_ros2_curr/install/go2_interfaces/include/go2_interfaces/go2_interfaces/msg/detail/imu__rosidl_typesupport_introspection_c.h\n'}
[18.389699] (go2_interfaces) StdoutLine: {'line': b'-- Symlinking: /home/htrice/go2_ros2_curr/install/go2_interfaces/include/go2_interfaces/go2_interfaces/msg/detail/interface_config__rosidl_typesupport_introspection_c.h\n'}
[18.401713] (go2_interfaces) StdoutLine: {'line': b'-- Symlinking: /home/htrice/go2_ros2_curr/install/go2_interfaces/include/go2_interfaces/go2_interfaces/msg/detail/lidar_state__rosidl_typesupport_introspection_c.h\n'}
[18.414069] (go2_interfaces) StdoutLine: {'line': b'-- Symlinking: /home/htrice/go2_ros2_curr/install/go2_interfaces/include/go2_interfaces/go2_interfaces/msg/detail/low_cmd__rosidl_typesupport_introspection_c.h\n'}
[18.422458] (go2_interfaces) StdoutLine: {'line': b'-- Symlinking: /home/htrice/go2_ros2_curr/install/go2_interfaces/include/go2_interfaces/go2_interfaces/msg/detail/low_state__rosidl_typesupport_introspection_c.h\n'}
[18.434310] (go2_interfaces) StdoutLine: {'line': b'-- Symlinking: /home/htrice/go2_ros2_curr/install/go2_interfaces/include/go2_interfaces/go2_interfaces/msg/detail/motor_cmd__rosidl_typesupport_introspection_c.h\n'}
[18.442591] (go2_interfaces) StdoutLine: {'line': b'-- Symlinking: /home/htrice/go2_ros2_curr/install/go2_interfaces/include/go2_interfaces/go2_interfaces/msg/detail/motor_cmds__rosidl_typesupport_introspection_c.h\n'}
[18.454453] (go2_interfaces) StdoutLine: {'line': b'-- Symlinking: /home/htrice/go2_ros2_curr/install/go2_interfaces/include/go2_interfaces/go2_interfaces/msg/detail/motor_state__rosidl_typesupport_introspection_c.h\n'}
[18.457596] (-) TimerEvent: {}
[18.466590] (go2_interfaces) StdoutLine: {'line': b'-- Symlinking: /home/htrice/go2_ros2_curr/install/go2_interfaces/include/go2_interfaces/go2_interfaces/msg/detail/motor_states__rosidl_typesupport_introspection_c.h\n'}
[18.479281] (go2_interfaces) StdoutLine: {'line': b'-- Symlinking: /home/htrice/go2_ros2_curr/install/go2_interfaces/include/go2_interfaces/go2_interfaces/msg/detail/path_point__rosidl_typesupport_introspection_c.h\n'}
[18.491424] (go2_interfaces) StdoutLine: {'line': b'-- Symlinking: /home/htrice/go2_ros2_curr/install/go2_interfaces/include/go2_interfaces/go2_interfaces/msg/detail/req__rosidl_typesupport_introspection_c.h\n'}
[18.503761] (go2_interfaces) StdoutLine: {'line': b'-- Symlinking: /home/htrice/go2_ros2_curr/install/go2_interfaces/include/go2_interfaces/go2_interfaces/msg/detail/res__rosidl_typesupport_introspection_c.h\n'}
[18.515986] (go2_interfaces) StdoutLine: {'line': b'-- Symlinking: /home/htrice/go2_ros2_curr/install/go2_interfaces/include/go2_interfaces/go2_interfaces/msg/detail/sport_mode_cmd__rosidl_typesupport_introspection_c.h\n'}
[18.528247] (go2_interfaces) StdoutLine: {'line': b'-- Symlinking: /home/htrice/go2_ros2_curr/install/go2_interfaces/include/go2_interfaces/go2_interfaces/msg/detail/sport_mode_state__rosidl_typesupport_introspection_c.h\n'}
[18.540855] (go2_interfaces) StdoutLine: {'line': b'-- Symlinking: /home/htrice/go2_ros2_curr/install/go2_interfaces/include/go2_interfaces/go2_interfaces/msg/detail/time_spec__rosidl_typesupport_introspection_c.h\n'}
[18.553181] (go2_interfaces) StdoutLine: {'line': b'-- Symlinking: /home/htrice/go2_ros2_curr/install/go2_interfaces/include/go2_interfaces/go2_interfaces/msg/detail/uwb_state__rosidl_typesupport_introspection_c.h\n'}
[18.557670] (-) TimerEvent: {}
[18.565502] (go2_interfaces) StdoutLine: {'line': b'-- Symlinking: /home/htrice/go2_ros2_curr/install/go2_interfaces/include/go2_interfaces/go2_interfaces/msg/detail/uwb_switch__rosidl_typesupport_introspection_c.h\n'}
[18.577901] (go2_interfaces) StdoutLine: {'line': b'-- Symlinking: /home/htrice/go2_ros2_curr/install/go2_interfaces/include/go2_interfaces/go2_interfaces/msg/detail/voxel_height_map_state__rosidl_typesupport_introspection_c.h\n'}
[18.590014] (go2_interfaces) StdoutLine: {'line': b'-- Symlinking: /home/htrice/go2_ros2_curr/install/go2_interfaces/include/go2_interfaces/go2_interfaces/msg/detail/voxel_map_compressed__rosidl_typesupport_introspection_c.h\n'}
[18.601911] (go2_interfaces) StdoutLine: {'line': b'-- Symlinking: /home/htrice/go2_ros2_curr/install/go2_interfaces/include/go2_interfaces/go2_interfaces/msg/detail/web_rtc_req__rosidl_typesupport_introspection_c.h\n'}
[18.613843] (go2_interfaces) StdoutLine: {'line': b'-- Symlinking: /home/htrice/go2_ros2_curr/install/go2_interfaces/include/go2_interfaces/go2_interfaces/msg/detail/wireless_controller__rosidl_typesupport_introspection_c.h\n'}
[18.625909] (go2_interfaces) StdoutLine: {'line': b'-- Symlinking: /home/htrice/go2_ros2_curr/install/go2_interfaces/include/go2_interfaces/go2_interfaces/msg/rosidl_typesupport_introspection_c__visibility_control.h\n'}
[18.638766] (go2_interfaces) StdoutLine: {'line': b'-- Symlinking: /home/htrice/go2_ros2_curr/install/go2_interfaces/include/go2_interfaces/go2_interfaces/msg/detail/audio_data__rosidl_typesupport_introspection_cpp.hpp\n'}
[18.650170] (go2_interfaces) StdoutLine: {'line': b'-- Symlinking: /home/htrice/go2_ros2_curr/install/go2_interfaces/include/go2_interfaces/go2_interfaces/msg/detail/bms_cmd__rosidl_typesupport_introspection_cpp.hpp\n'}
[18.657733] (-) TimerEvent: {}
[18.658750] (go2_interfaces) StdoutLine: {'line': b'-- Symlinking: /home/htrice/go2_ros2_curr/install/go2_interfaces/include/go2_interfaces/go2_interfaces/msg/detail/bms_state__rosidl_typesupport_introspection_cpp.hpp\n'}
[18.670764] (go2_interfaces) StdoutLine: {'line': b'-- Symlinking: /home/htrice/go2_ros2_curr/install/go2_interfaces/include/go2_interfaces/go2_interfaces/msg/detail/error__rosidl_typesupport_introspection_cpp.hpp\n'}
[18.682546] (go2_interfaces) StdoutLine: {'line': b'-- Symlinking: /home/htrice/go2_ros2_curr/install/go2_interfaces/include/go2_interfaces/go2_interfaces/msg/detail/go2_cmd__rosidl_typesupport_introspection_cpp.hpp\n'}
[18.694712] (go2_interfaces) StdoutLine: {'line': b'-- Symlinking: /home/htrice/go2_ros2_curr/install/go2_interfaces/include/go2_interfaces/go2_interfaces/msg/detail/go2_front_video_data__rosidl_typesupport_introspection_cpp.hpp\n'}
[18.706388] (go2_interfaces) StdoutLine: {'line': b'-- Symlinking: /home/htrice/go2_ros2_curr/install/go2_interfaces/include/go2_interfaces/go2_interfaces/msg/detail/go2_move__rosidl_typesupport_introspection_cpp.hpp\n'}
[18.723710] (go2_interfaces) StdoutLine: {'line': b'-- Symlinking: /home/htrice/go2_ros2_curr/install/go2_interfaces/include/go2_interfaces/go2_interfaces/msg/detail/go2_rpy_cmd__rosidl_typesupport_introspection_cpp.hpp\n'}
[18.738509] (go2_interfaces) StdoutLine: {'line': b'-- Symlinking: /home/htrice/go2_ros2_curr/install/go2_interfaces/include/go2_interfaces/go2_interfaces/msg/detail/go2_state__rosidl_typesupport_introspection_cpp.hpp\n'}
[18.753664] (go2_interfaces) StdoutLine: {'line': b'-- Symlinking: /home/htrice/go2_ros2_curr/install/go2_interfaces/include/go2_interfaces/go2_interfaces/msg/detail/height_map__rosidl_typesupport_introspection_cpp.hpp\n'}
[18.757864] (-) TimerEvent: {}
[18.766704] (go2_interfaces) StdoutLine: {'line': b'-- Symlinking: /home/htrice/go2_ros2_curr/install/go2_interfaces/include/go2_interfaces/go2_interfaces/msg/detail/imu__rosidl_typesupport_introspection_cpp.hpp\n'}
[18.775974] (go2_interfaces) StdoutLine: {'line': b'-- Symlinking: /home/htrice/go2_ros2_curr/install/go2_interfaces/include/go2_interfaces/go2_interfaces/msg/detail/interface_config__rosidl_typesupport_introspection_cpp.hpp\n'}
[18.793650] (go2_interfaces) StdoutLine: {'line': b'-- Symlinking: /home/htrice/go2_ros2_curr/install/go2_interfaces/include/go2_interfaces/go2_interfaces/msg/detail/lidar_state__rosidl_typesupport_introspection_cpp.hpp\n'}
[18.805848] (go2_interfaces) StdoutLine: {'line': b'-- Symlinking: /home/htrice/go2_ros2_curr/install/go2_interfaces/include/go2_interfaces/go2_interfaces/msg/detail/low_cmd__rosidl_typesupport_introspection_cpp.hpp\n'}
[18.815140] (go2_interfaces) StdoutLine: {'line': b'-- Symlinking: /home/htrice/go2_ros2_curr/install/go2_interfaces/include/go2_interfaces/go2_interfaces/msg/detail/low_state__rosidl_typesupport_introspection_cpp.hpp\n'}
[18.826761] (go2_interfaces) StdoutLine: {'line': b'-- Symlinking: /home/htrice/go2_ros2_curr/install/go2_interfaces/include/go2_interfaces/go2_interfaces/msg/detail/motor_cmd__rosidl_typesupport_introspection_cpp.hpp\n'}
[18.834586] (go2_interfaces) StdoutLine: {'line': b'-- Symlinking: /home/htrice/go2_ros2_curr/install/go2_interfaces/include/go2_interfaces/go2_interfaces/msg/detail/motor_cmds__rosidl_typesupport_introspection_cpp.hpp\n'}
[18.843139] (go2_interfaces) StdoutLine: {'line': b'-- Symlinking: /home/htrice/go2_ros2_curr/install/go2_interfaces/include/go2_interfaces/go2_interfaces/msg/detail/motor_state__rosidl_typesupport_introspection_cpp.hpp\n'}
[18.852371] (go2_interfaces) StdoutLine: {'line': b'-- Symlinking: /home/htrice/go2_ros2_curr/install/go2_interfaces/include/go2_interfaces/go2_interfaces/msg/detail/motor_states__rosidl_typesupport_introspection_cpp.hpp\n'}
[18.857912] (-) TimerEvent: {}
[18.861224] (go2_interfaces) StdoutLine: {'line': b'-- Symlinking: /home/htrice/go2_ros2_curr/install/go2_interfaces/include/go2_interfaces/go2_interfaces/msg/detail/path_point__rosidl_typesupport_introspection_cpp.hpp\n'}
[18.876301] (go2_interfaces) StdoutLine: {'line': b'-- Symlinking: /home/htrice/go2_ros2_curr/install/go2_interfaces/include/go2_interfaces/go2_interfaces/msg/detail/req__rosidl_typesupport_introspection_cpp.hpp\n'}
[18.888463] (go2_interfaces) StdoutLine: {'line': b'-- Symlinking: /home/htrice/go2_ros2_curr/install/go2_interfaces/include/go2_interfaces/go2_interfaces/msg/detail/res__rosidl_typesupport_introspection_cpp.hpp\n'}
[18.900617] (go2_interfaces) StdoutLine: {'line': b'-- Symlinking: /home/htrice/go2_ros2_curr/install/go2_interfaces/include/go2_interfaces/go2_interfaces/msg/detail/sport_mode_cmd__rosidl_typesupport_introspection_cpp.hpp\n'}
[18.913089] (go2_interfaces) StdoutLine: {'line': b'-- Symlinking: /home/htrice/go2_ros2_curr/install/go2_interfaces/include/go2_interfaces/go2_interfaces/msg/detail/sport_mode_state__rosidl_typesupport_introspection_cpp.hpp\n'}
[18.925235] (go2_interfaces) StdoutLine: {'line': b'-- Symlinking: /home/htrice/go2_ros2_curr/install/go2_interfaces/include/go2_interfaces/go2_interfaces/msg/detail/time_spec__rosidl_typesupport_introspection_cpp.hpp\n'}
[18.938681] (go2_interfaces) StdoutLine: {'line': b'-- Symlinking: /home/htrice/go2_ros2_curr/install/go2_interfaces/include/go2_interfaces/go2_interfaces/msg/detail/uwb_state__rosidl_typesupport_introspection_cpp.hpp\n'}
[18.947457] (go2_interfaces) StdoutLine: {'line': b'-- Symlinking: /home/htrice/go2_ros2_curr/install/go2_interfaces/include/go2_interfaces/go2_interfaces/msg/detail/uwb_switch__rosidl_typesupport_introspection_cpp.hpp\n'}
[18.956176] (go2_interfaces) StdoutLine: {'line': b'-- Symlinking: /home/htrice/go2_ros2_curr/install/go2_interfaces/include/go2_interfaces/go2_interfaces/msg/detail/voxel_height_map_state__rosidl_typesupport_introspection_cpp.hpp\n'}
[18.957987] (-) TimerEvent: {}
[18.965998] (go2_interfaces) StdoutLine: {'line': b'-- Symlinking: /home/htrice/go2_ros2_curr/install/go2_interfaces/include/go2_interfaces/go2_interfaces/msg/detail/voxel_map_compressed__rosidl_typesupport_introspection_cpp.hpp\n'}
[18.974086] (go2_interfaces) StdoutLine: {'line': b'-- Symlinking: /home/htrice/go2_ros2_curr/install/go2_interfaces/include/go2_interfaces/go2_interfaces/msg/detail/web_rtc_req__rosidl_typesupport_introspection_cpp.hpp\n'}
[18.983754] (go2_interfaces) StdoutLine: {'line': b'-- Symlinking: /home/htrice/go2_ros2_curr/install/go2_interfaces/include/go2_interfaces/go2_interfaces/msg/detail/wireless_controller__rosidl_typesupport_introspection_cpp.hpp\n'}
[18.993990] (go2_interfaces) StdoutLine: {'line': b'-- Symlinking: /home/htrice/go2_ros2_curr/install/go2_interfaces/share/go2_interfaces/environment/pythonpath.sh\n'}
[19.005633] (go2_interfaces) StdoutLine: {'line': b'-- Symlinking: /home/htrice/go2_ros2_curr/install/go2_interfaces/share/go2_interfaces/environment/pythonpath.dsv\n'}
[19.018074] (go2_interfaces) StdoutLine: {'line': b'-- Symlinking: /home/htrice/go2_ros2_curr/install/go2_interfaces/local/lib/python3.10/dist-packages/go2_interfaces-0.0.0-py3.10.egg-info/PKG-INFO\n'}
[19.030164] (go2_interfaces) StdoutLine: {'line': b'-- Symlinking: /home/htrice/go2_ros2_curr/install/go2_interfaces/local/lib/python3.10/dist-packages/go2_interfaces-0.0.0-py3.10.egg-info/SOURCES.txt\n'}
[19.037903] (go2_interfaces) StdoutLine: {'line': b'-- Symlinking: /home/htrice/go2_ros2_curr/install/go2_interfaces/local/lib/python3.10/dist-packages/go2_interfaces-0.0.0-py3.10.egg-info/dependency_links.txt\n'}
[19.044962] (go2_interfaces) StdoutLine: {'line': b'-- Symlinking: /home/htrice/go2_ros2_curr/install/go2_interfaces/local/lib/python3.10/dist-packages/go2_interfaces-0.0.0-py3.10.egg-info/top_level.txt\n'}
[19.056387] (go2_interfaces) StdoutLine: {'line': b'-- Symlinking: /home/htrice/go2_ros2_curr/install/go2_interfaces/local/lib/python3.10/dist-packages/go2_interfaces/__init__.py\n'}
[19.058060] (-) TimerEvent: {}
[19.063856] (go2_interfaces) StdoutLine: {'line': b'-- Symlinking: /home/htrice/go2_ros2_curr/install/go2_interfaces/local/lib/python3.10/dist-packages/go2_interfaces/_go2_interfaces_s.ep.rosidl_typesupport_c.c\n'}
[19.076170] (go2_interfaces) StdoutLine: {'line': b'-- Symlinking: /home/htrice/go2_ros2_curr/install/go2_interfaces/local/lib/python3.10/dist-packages/go2_interfaces/_go2_interfaces_s.ep.rosidl_typesupport_fastrtps_c.c\n'}
[19.088052] (go2_interfaces) StdoutLine: {'line': b'-- Symlinking: /home/htrice/go2_ros2_curr/install/go2_interfaces/local/lib/python3.10/dist-packages/go2_interfaces/_go2_interfaces_s.ep.rosidl_typesupport_introspection_c.c\n'}
[19.099751] (go2_interfaces) StdoutLine: {'line': b'-- Symlinking: /home/htrice/go2_ros2_curr/install/go2_interfaces/local/lib/python3.10/dist-packages/go2_interfaces/go2_interfaces_s__rosidl_typesupport_c.cpython-310-x86_64-linux-gnu.so\n'}
[19.111831] (go2_interfaces) StdoutLine: {'line': b'-- Symlinking: /home/htrice/go2_ros2_curr/install/go2_interfaces/local/lib/python3.10/dist-packages/go2_interfaces/go2_interfaces_s__rosidl_typesupport_fastrtps_c.cpython-310-x86_64-linux-gnu.so\n'}
[19.123687] (go2_interfaces) StdoutLine: {'line': b'-- Symlinking: /home/htrice/go2_ros2_curr/install/go2_interfaces/local/lib/python3.10/dist-packages/go2_interfaces/go2_interfaces_s__rosidl_typesupport_introspection_c.cpython-310-x86_64-linux-gnu.so\n'}
[19.133382] (go2_interfaces) StdoutLine: {'line': b'-- Symlinking: /home/htrice/go2_ros2_curr/install/go2_interfaces/local/lib/python3.10/dist-packages/go2_interfaces/libgo2_interfaces__rosidl_generator_py.so\n'}
[19.145827] (go2_interfaces) StdoutLine: {'line': b'-- Symlinking: /home/htrice/go2_ros2_curr/install/go2_interfaces/local/lib/python3.10/dist-packages/go2_interfaces/msg/__init__.py\n'}
[19.157971] (go2_interfaces) StdoutLine: {'line': b'-- Symlinking: /home/htrice/go2_ros2_curr/install/go2_interfaces/local/lib/python3.10/dist-packages/go2_interfaces/msg/_audio_data.py\n'}
[19.158089] (-) TimerEvent: {}
[19.169871] (go2_interfaces) StdoutLine: {'line': b'-- Symlinking: /home/htrice/go2_ros2_curr/install/go2_interfaces/local/lib/python3.10/dist-packages/go2_interfaces/msg/_audio_data_s.c\n'}
[19.182294] (go2_interfaces) StdoutLine: {'line': b'-- Symlinking: /home/htrice/go2_ros2_curr/install/go2_interfaces/local/lib/python3.10/dist-packages/go2_interfaces/msg/_bms_cmd.py\n'}
[19.194078] (go2_interfaces) StdoutLine: {'line': b'-- Symlinking: /home/htrice/go2_ros2_curr/install/go2_interfaces/local/lib/python3.10/dist-packages/go2_interfaces/msg/_bms_cmd_s.c\n'}
[19.206167] (go2_interfaces) StdoutLine: {'line': b'-- Symlinking: /home/htrice/go2_ros2_curr/install/go2_interfaces/local/lib/python3.10/dist-packages/go2_interfaces/msg/_bms_state.py\n'}
[19.218451] (go2_interfaces) StdoutLine: {'line': b'-- Symlinking: /home/htrice/go2_ros2_curr/install/go2_interfaces/local/lib/python3.10/dist-packages/go2_interfaces/msg/_bms_state_s.c\n'}
[19.230950] (go2_interfaces) StdoutLine: {'line': b'-- Symlinking: /home/htrice/go2_ros2_curr/install/go2_interfaces/local/lib/python3.10/dist-packages/go2_interfaces/msg/_error.py\n'}
[19.239794] (go2_interfaces) StdoutLine: {'line': b'-- Symlinking: /home/htrice/go2_ros2_curr/install/go2_interfaces/local/lib/python3.10/dist-packages/go2_interfaces/msg/_error_s.c\n'}
[19.251570] (go2_interfaces) StdoutLine: {'line': b'-- Symlinking: /home/htrice/go2_ros2_curr/install/go2_interfaces/local/lib/python3.10/dist-packages/go2_interfaces/msg/_go2_cmd.py\n'}
[19.258155] (-) TimerEvent: {}
[19.259561] (go2_interfaces) StdoutLine: {'line': b'-- Symlinking: /home/htrice/go2_ros2_curr/install/go2_interfaces/local/lib/python3.10/dist-packages/go2_interfaces/msg/_go2_cmd_s.c\n'}
[19.267224] (go2_interfaces) StdoutLine: {'line': b'-- Symlinking: /home/htrice/go2_ros2_curr/install/go2_interfaces/local/lib/python3.10/dist-packages/go2_interfaces/msg/_go2_front_video_data.py\n'}
[19.279861] (go2_interfaces) StdoutLine: {'line': b'-- Symlinking: /home/htrice/go2_ros2_curr/install/go2_interfaces/local/lib/python3.10/dist-packages/go2_interfaces/msg/_go2_front_video_data_s.c\n'}
[19.296788] (go2_interfaces) StdoutLine: {'line': b'-- Symlinking: /home/htrice/go2_ros2_curr/install/go2_interfaces/local/lib/python3.10/dist-packages/go2_interfaces/msg/_go2_move.py\n'}
[19.309685] (go2_interfaces) StdoutLine: {'line': b'-- Symlinking: /home/htrice/go2_ros2_curr/install/go2_interfaces/local/lib/python3.10/dist-packages/go2_interfaces/msg/_go2_move_s.c\n'}
[19.321972] (go2_interfaces) StdoutLine: {'line': b'-- Symlinking: /home/htrice/go2_ros2_curr/install/go2_interfaces/local/lib/python3.10/dist-packages/go2_interfaces/msg/_go2_rpy_cmd.py\n'}
[19.333907] (go2_interfaces) StdoutLine: {'line': b'-- Symlinking: /home/htrice/go2_ros2_curr/install/go2_interfaces/local/lib/python3.10/dist-packages/go2_interfaces/msg/_go2_rpy_cmd_s.c\n'}
[19.346186] (go2_interfaces) StdoutLine: {'line': b'-- Symlinking: /home/htrice/go2_ros2_curr/install/go2_interfaces/local/lib/python3.10/dist-packages/go2_interfaces/msg/_go2_state.py\n'}
[19.358234] (-) TimerEvent: {}
[19.359593] (go2_interfaces) StdoutLine: {'line': b'-- Symlinking: /home/htrice/go2_ros2_curr/install/go2_interfaces/local/lib/python3.10/dist-packages/go2_interfaces/msg/_go2_state_s.c\n'}
[19.371659] (go2_interfaces) StdoutLine: {'line': b'-- Symlinking: /home/htrice/go2_ros2_curr/install/go2_interfaces/local/lib/python3.10/dist-packages/go2_interfaces/msg/_height_map.py\n'}
[19.383950] (go2_interfaces) StdoutLine: {'line': b'-- Symlinking: /home/htrice/go2_ros2_curr/install/go2_interfaces/local/lib/python3.10/dist-packages/go2_interfaces/msg/_height_map_s.c\n'}
[19.395875] (go2_interfaces) StdoutLine: {'line': b'-- Symlinking: /home/htrice/go2_ros2_curr/install/go2_interfaces/local/lib/python3.10/dist-packages/go2_interfaces/msg/_imu.py\n'}
[19.408223] (go2_interfaces) StdoutLine: {'line': b'-- Symlinking: /home/htrice/go2_ros2_curr/install/go2_interfaces/local/lib/python3.10/dist-packages/go2_interfaces/msg/_imu_s.c\n'}
[19.420508] (go2_interfaces) StdoutLine: {'line': b'-- Symlinking: /home/htrice/go2_ros2_curr/install/go2_interfaces/local/lib/python3.10/dist-packages/go2_interfaces/msg/_interface_config.py\n'}
[19.432732] (go2_interfaces) StdoutLine: {'line': b'-- Symlinking: /home/htrice/go2_ros2_curr/install/go2_interfaces/local/lib/python3.10/dist-packages/go2_interfaces/msg/_interface_config_s.c\n'}
[19.444579] (go2_interfaces) StdoutLine: {'line': b'-- Symlinking: /home/htrice/go2_ros2_curr/install/go2_interfaces/local/lib/python3.10/dist-packages/go2_interfaces/msg/_lidar_state.py\n'}
[19.456825] (go2_interfaces) StdoutLine: {'line': b'-- Symlinking: /home/htrice/go2_ros2_curr/install/go2_interfaces/local/lib/python3.10/dist-packages/go2_interfaces/msg/_lidar_state_s.c\n'}
[19.458292] (-) TimerEvent: {}
[19.469285] (go2_interfaces) StdoutLine: {'line': b'-- Symlinking: /home/htrice/go2_ros2_curr/install/go2_interfaces/local/lib/python3.10/dist-packages/go2_interfaces/msg/_low_cmd.py\n'}
[19.481261] (go2_interfaces) StdoutLine: {'line': b'-- Symlinking: /home/htrice/go2_ros2_curr/install/go2_interfaces/local/lib/python3.10/dist-packages/go2_interfaces/msg/_low_cmd_s.c\n'}
[19.492978] (go2_interfaces) StdoutLine: {'line': b'-- Symlinking: /home/htrice/go2_ros2_curr/install/go2_interfaces/local/lib/python3.10/dist-packages/go2_interfaces/msg/_low_state.py\n'}
[19.505005] (go2_interfaces) StdoutLine: {'line': b'-- Symlinking: /home/htrice/go2_ros2_curr/install/go2_interfaces/local/lib/python3.10/dist-packages/go2_interfaces/msg/_low_state_s.c\n'}
[19.516849] (go2_interfaces) StdoutLine: {'line': b'-- Symlinking: /home/htrice/go2_ros2_curr/install/go2_interfaces/local/lib/python3.10/dist-packages/go2_interfaces/msg/_motor_cmd.py\n'}
[19.528986] (go2_interfaces) StdoutLine: {'line': b'-- Symlinking: /home/htrice/go2_ros2_curr/install/go2_interfaces/local/lib/python3.10/dist-packages/go2_interfaces/msg/_motor_cmd_s.c\n'}
[19.540990] (go2_interfaces) StdoutLine: {'line': b'-- Symlinking: /home/htrice/go2_ros2_curr/install/go2_interfaces/local/lib/python3.10/dist-packages/go2_interfaces/msg/_motor_cmds.py\n'}
[19.553212] (go2_interfaces) StdoutLine: {'line': b'-- Symlinking: /home/htrice/go2_ros2_curr/install/go2_interfaces/local/lib/python3.10/dist-packages/go2_interfaces/msg/_motor_cmds_s.c\n'}
[19.558376] (-) TimerEvent: {}
[19.565524] (go2_interfaces) StdoutLine: {'line': b'-- Symlinking: /home/htrice/go2_ros2_curr/install/go2_interfaces/local/lib/python3.10/dist-packages/go2_interfaces/msg/_motor_state.py\n'}
[19.577633] (go2_interfaces) StdoutLine: {'line': b'-- Symlinking: /home/htrice/go2_ros2_curr/install/go2_interfaces/local/lib/python3.10/dist-packages/go2_interfaces/msg/_motor_state_s.c\n'}
[19.589865] (go2_interfaces) StdoutLine: {'line': b'-- Symlinking: /home/htrice/go2_ros2_curr/install/go2_interfaces/local/lib/python3.10/dist-packages/go2_interfaces/msg/_motor_states.py\n'}
[19.601866] (go2_interfaces) StdoutLine: {'line': b'-- Symlinking: /home/htrice/go2_ros2_curr/install/go2_interfaces/local/lib/python3.10/dist-packages/go2_interfaces/msg/_motor_states_s.c\n'}
[19.613959] (go2_interfaces) StdoutLine: {'line': b'-- Symlinking: /home/htrice/go2_ros2_curr/install/go2_interfaces/local/lib/python3.10/dist-packages/go2_interfaces/msg/_path_point.py\n'}
[19.625932] (go2_interfaces) StdoutLine: {'line': b'-- Symlinking: /home/htrice/go2_ros2_curr/install/go2_interfaces/local/lib/python3.10/dist-packages/go2_interfaces/msg/_path_point_s.c\n'}
[19.645013] (go2_interfaces) StdoutLine: {'line': b'-- Symlinking: /home/htrice/go2_ros2_curr/install/go2_interfaces/local/lib/python3.10/dist-packages/go2_interfaces/msg/_req.py\n'}
[19.656975] (go2_interfaces) StdoutLine: {'line': b'-- Symlinking: /home/htrice/go2_ros2_curr/install/go2_interfaces/local/lib/python3.10/dist-packages/go2_interfaces/msg/_req_s.c\n'}
[19.658447] (-) TimerEvent: {}
[19.669205] (go2_interfaces) StdoutLine: {'line': b'-- Symlinking: /home/htrice/go2_ros2_curr/install/go2_interfaces/local/lib/python3.10/dist-packages/go2_interfaces/msg/_res.py\n'}
[19.681652] (go2_interfaces) StdoutLine: {'line': b'-- Symlinking: /home/htrice/go2_ros2_curr/install/go2_interfaces/local/lib/python3.10/dist-packages/go2_interfaces/msg/_res_s.c\n'}
[19.693866] (go2_interfaces) StdoutLine: {'line': b'-- Symlinking: /home/htrice/go2_ros2_curr/install/go2_interfaces/local/lib/python3.10/dist-packages/go2_interfaces/msg/_sport_mode_cmd.py\n'}
[19.706085] (go2_interfaces) StdoutLine: {'line': b'-- Symlinking: /home/htrice/go2_ros2_curr/install/go2_interfaces/local/lib/python3.10/dist-packages/go2_interfaces/msg/_sport_mode_cmd_s.c\n'}
[19.718337] (go2_interfaces) StdoutLine: {'line': b'-- Symlinking: /home/htrice/go2_ros2_curr/install/go2_interfaces/local/lib/python3.10/dist-packages/go2_interfaces/msg/_sport_mode_state.py\n'}
[19.726985] (go2_interfaces) StdoutLine: {'line': b'-- Symlinking: /home/htrice/go2_ros2_curr/install/go2_interfaces/local/lib/python3.10/dist-packages/go2_interfaces/msg/_sport_mode_state_s.c\n'}
[19.739041] (go2_interfaces) StdoutLine: {'line': b'-- Symlinking: /home/htrice/go2_ros2_curr/install/go2_interfaces/local/lib/python3.10/dist-packages/go2_interfaces/msg/_time_spec.py\n'}
[19.751214] (go2_interfaces) StdoutLine: {'line': b'-- Symlinking: /home/htrice/go2_ros2_curr/install/go2_interfaces/local/lib/python3.10/dist-packages/go2_interfaces/msg/_time_spec_s.c\n'}
[19.758521] (-) TimerEvent: {}
[19.759908] (go2_interfaces) StdoutLine: {'line': b'-- Symlinking: /home/htrice/go2_ros2_curr/install/go2_interfaces/local/lib/python3.10/dist-packages/go2_interfaces/msg/_uwb_state.py\n'}
[19.771589] (go2_interfaces) StdoutLine: {'line': b'-- Symlinking: /home/htrice/go2_ros2_curr/install/go2_interfaces/local/lib/python3.10/dist-packages/go2_interfaces/msg/_uwb_state_s.c\n'}
[19.783821] (go2_interfaces) StdoutLine: {'line': b'-- Symlinking: /home/htrice/go2_ros2_curr/install/go2_interfaces/local/lib/python3.10/dist-packages/go2_interfaces/msg/_uwb_switch.py\n'}
[19.796231] (go2_interfaces) StdoutLine: {'line': b'-- Symlinking: /home/htrice/go2_ros2_curr/install/go2_interfaces/local/lib/python3.10/dist-packages/go2_interfaces/msg/_uwb_switch_s.c\n'}
[19.808475] (go2_interfaces) StdoutLine: {'line': b'-- Symlinking: /home/htrice/go2_ros2_curr/install/go2_interfaces/local/lib/python3.10/dist-packages/go2_interfaces/msg/_voxel_height_map_state.py\n'}
[19.820450] (go2_interfaces) StdoutLine: {'line': b'-- Symlinking: /home/htrice/go2_ros2_curr/install/go2_interfaces/local/lib/python3.10/dist-packages/go2_interfaces/msg/_voxel_height_map_state_s.c\n'}
[19.830195] (go2_interfaces) StdoutLine: {'line': b'-- Symlinking: /home/htrice/go2_ros2_curr/install/go2_interfaces/local/lib/python3.10/dist-packages/go2_interfaces/msg/_voxel_map_compressed.py\n'}
[19.838675] (go2_interfaces) StdoutLine: {'line': b'-- Symlinking: /home/htrice/go2_ros2_curr/install/go2_interfaces/local/lib/python3.10/dist-packages/go2_interfaces/msg/_voxel_map_compressed_s.c\n'}
[19.851397] (go2_interfaces) StdoutLine: {'line': b'-- Symlinking: /home/htrice/go2_ros2_curr/install/go2_interfaces/local/lib/python3.10/dist-packages/go2_interfaces/msg/_web_rtc_req.py\n'}
[19.858596] (-) TimerEvent: {}
[19.864112] (go2_interfaces) StdoutLine: {'line': b'-- Symlinking: /home/htrice/go2_ros2_curr/install/go2_interfaces/local/lib/python3.10/dist-packages/go2_interfaces/msg/_web_rtc_req_s.c\n'}
[19.876509] (go2_interfaces) StdoutLine: {'line': b'-- Symlinking: /home/htrice/go2_ros2_curr/install/go2_interfaces/local/lib/python3.10/dist-packages/go2_interfaces/msg/_wireless_controller.py\n'}
[19.885251] (go2_interfaces) StdoutLine: {'line': b'-- Symlinking: /home/htrice/go2_ros2_curr/install/go2_interfaces/local/lib/python3.10/dist-packages/go2_interfaces/msg/_wireless_controller_s.c\n'}
[19.894734] (go2_interfaces) StdoutLine: {'line': b'-- Up-to-date symlink: /home/htrice/go2_ros2_curr/install/go2_interfaces/local/lib/python3.10/dist-packages/go2_interfaces/go2_interfaces_s__rosidl_typesupport_fastrtps_c.cpython-310-x86_64-linux-gnu.so\n'}
[19.895216] (go2_interfaces) StdoutLine: {'line': b'-- Up-to-date symlink: /home/htrice/go2_ros2_curr/install/go2_interfaces/local/lib/python3.10/dist-packages/go2_interfaces/go2_interfaces_s__rosidl_typesupport_introspection_c.cpython-310-x86_64-linux-gnu.so\n'}
[19.895682] (go2_interfaces) StdoutLine: {'line': b'-- Up-to-date symlink: /home/htrice/go2_ros2_curr/install/go2_interfaces/local/lib/python3.10/dist-packages/go2_interfaces/go2_interfaces_s__rosidl_typesupport_c.cpython-310-x86_64-linux-gnu.so\n'}
[19.896046] (go2_interfaces) StdoutLine: {'line': b'-- Symlinking: /home/htrice/go2_ros2_curr/install/go2_interfaces/share/go2_interfaces/msg/Go2Cmd.idl\n'}
[19.907799] (go2_interfaces) StdoutLine: {'line': b'-- Symlinking: /home/htrice/go2_ros2_curr/install/go2_interfaces/share/go2_interfaces/msg/Go2State.idl\n'}
[19.919505] (go2_interfaces) StdoutLine: {'line': b'-- Symlinking: /home/htrice/go2_ros2_curr/install/go2_interfaces/share/go2_interfaces/msg/Go2Move.idl\n'}
[19.931219] (go2_interfaces) StdoutLine: {'line': b'-- Symlinking: /home/htrice/go2_ros2_curr/install/go2_interfaces/share/go2_interfaces/msg/Go2RpyCmd.idl\n'}
[19.943489] (go2_interfaces) StdoutLine: {'line': b'-- Symlinking: /home/htrice/go2_ros2_curr/install/go2_interfaces/share/go2_interfaces/msg/IMU.idl\n'}
[19.955979] (go2_interfaces) StdoutLine: {'line': b'-- Symlinking: /home/htrice/go2_ros2_curr/install/go2_interfaces/share/go2_interfaces/msg/AudioData.idl\n'}
[19.958668] (-) TimerEvent: {}
[19.968265] (go2_interfaces) StdoutLine: {'line': b'-- Symlinking: /home/htrice/go2_ros2_curr/install/go2_interfaces/share/go2_interfaces/msg/BmsCmd.idl\n'}
[19.980966] (go2_interfaces) StdoutLine: {'line': b'-- Symlinking: /home/htrice/go2_ros2_curr/install/go2_interfaces/share/go2_interfaces/msg/BmsState.idl\n'}
[19.990424] (go2_interfaces) StdoutLine: {'line': b'-- Symlinking: /home/htrice/go2_ros2_curr/install/go2_interfaces/share/go2_interfaces/msg/Error.idl\n'}
[20.002081] (go2_interfaces) StdoutLine: {'line': b'-- Symlinking: /home/htrice/go2_ros2_curr/install/go2_interfaces/share/go2_interfaces/msg/Go2FrontVideoData.idl\n'}
[20.014288] (go2_interfaces) StdoutLine: {'line': b'-- Symlinking: /home/htrice/go2_ros2_curr/install/go2_interfaces/share/go2_interfaces/msg/HeightMap.idl\n'}
[20.026522] (go2_interfaces) StdoutLine: {'line': b'-- Symlinking: /home/htrice/go2_ros2_curr/install/go2_interfaces/share/go2_interfaces/msg/InterfaceConfig.idl\n'}
[20.038933] (go2_interfaces) StdoutLine: {'line': b'-- Symlinking: /home/htrice/go2_ros2_curr/install/go2_interfaces/share/go2_interfaces/msg/LidarState.idl\n'}
[20.051371] (go2_interfaces) StdoutLine: {'line': b'-- Symlinking: /home/htrice/go2_ros2_curr/install/go2_interfaces/share/go2_interfaces/msg/LowCmd.idl\n'}
[20.058740] (-) TimerEvent: {}
[20.063669] (go2_interfaces) StdoutLine: {'line': b'-- Symlinking: /home/htrice/go2_ros2_curr/install/go2_interfaces/share/go2_interfaces/msg/LowState.idl\n'}
[20.075919] (go2_interfaces) StdoutLine: {'line': b'-- Symlinking: /home/htrice/go2_ros2_curr/install/go2_interfaces/share/go2_interfaces/msg/MotorCmd.idl\n'}
[20.087797] (go2_interfaces) StdoutLine: {'line': b'-- Symlinking: /home/htrice/go2_ros2_curr/install/go2_interfaces/share/go2_interfaces/msg/MotorCmds.idl\n'}
[20.099791] (go2_interfaces) StdoutLine: {'line': b'-- Symlinking: /home/htrice/go2_ros2_curr/install/go2_interfaces/share/go2_interfaces/msg/MotorState.idl\n'}
[20.111674] (go2_interfaces) StdoutLine: {'line': b'-- Symlinking: /home/htrice/go2_ros2_curr/install/go2_interfaces/share/go2_interfaces/msg/MotorStates.idl\n'}
[20.123425] (go2_interfaces) StdoutLine: {'line': b'-- Symlinking: /home/htrice/go2_ros2_curr/install/go2_interfaces/share/go2_interfaces/msg/PathPoint.idl\n'}
[20.135082] (go2_interfaces) StdoutLine: {'line': b'-- Symlinking: /home/htrice/go2_ros2_curr/install/go2_interfaces/share/go2_interfaces/msg/Req.idl\n'}
[20.146917] (go2_interfaces) StdoutLine: {'line': b'-- Symlinking: /home/htrice/go2_ros2_curr/install/go2_interfaces/share/go2_interfaces/msg/Res.idl\n'}
[20.155544] (go2_interfaces) StdoutLine: {'line': b'-- Symlinking: /home/htrice/go2_ros2_curr/install/go2_interfaces/share/go2_interfaces/msg/SportModeCmd.idl\n'}
[20.158814] (-) TimerEvent: {}
[20.167512] (go2_interfaces) StdoutLine: {'line': b'-- Symlinking: /home/htrice/go2_ros2_curr/install/go2_interfaces/share/go2_interfaces/msg/SportModeState.idl\n'}
[20.179592] (go2_interfaces) StdoutLine: {'line': b'-- Symlinking: /home/htrice/go2_ros2_curr/install/go2_interfaces/share/go2_interfaces/msg/TimeSpec.idl\n'}
[20.191365] (go2_interfaces) StdoutLine: {'line': b'-- Symlinking: /home/htrice/go2_ros2_curr/install/go2_interfaces/share/go2_interfaces/msg/UwbState.idl\n'}
[20.203180] (go2_interfaces) StdoutLine: {'line': b'-- Symlinking: /home/htrice/go2_ros2_curr/install/go2_interfaces/share/go2_interfaces/msg/UwbSwitch.idl\n'}
[20.214960] (go2_interfaces) StdoutLine: {'line': b'-- Symlinking: /home/htrice/go2_ros2_curr/install/go2_interfaces/share/go2_interfaces/msg/VoxelMapCompressed.idl\n'}
[20.226773] (go2_interfaces) StdoutLine: {'line': b'-- Symlinking: /home/htrice/go2_ros2_curr/install/go2_interfaces/share/go2_interfaces/msg/VoxelHeightMapState.idl\n'}
[20.237040] (go2_interfaces) StdoutLine: {'line': b'-- Symlinking: /home/htrice/go2_ros2_curr/install/go2_interfaces/share/go2_interfaces/msg/WebRtcReq.idl\n'}
[20.246624] (go2_interfaces) StdoutLine: {'line': b'-- Symlinking: /home/htrice/go2_ros2_curr/install/go2_interfaces/share/go2_interfaces/msg/WirelessController.idl\n'}
[20.258477] (go2_interfaces) StdoutLine: {'line': b'-- Symlinking: /home/htrice/go2_ros2_curr/install/go2_interfaces/share/go2_interfaces/msg/Go2Cmd.msg\n'}
[20.258893] (-) TimerEvent: {}
[20.270496] (go2_interfaces) StdoutLine: {'line': b'-- Symlinking: /home/htrice/go2_ros2_curr/install/go2_interfaces/share/go2_interfaces/msg/Go2State.msg\n'}
[20.282794] (go2_interfaces) StdoutLine: {'line': b'-- Symlinking: /home/htrice/go2_ros2_curr/install/go2_interfaces/share/go2_interfaces/msg/Go2Move.msg\n'}
[20.293488] (go2_interfaces) StdoutLine: {'line': b'-- Symlinking: /home/htrice/go2_ros2_curr/install/go2_interfaces/share/go2_interfaces/msg/Go2RpyCmd.msg\n'}
[20.301386] (go2_interfaces) StdoutLine: {'line': b'-- Symlinking: /home/htrice/go2_ros2_curr/install/go2_interfaces/share/go2_interfaces/msg/IMU.msg\n'}
[20.310415] (go2_interfaces) StdoutLine: {'line': b'-- Symlinking: /home/htrice/go2_ros2_curr/install/go2_interfaces/share/go2_interfaces/msg/AudioData.msg\n'}
[20.318543] (go2_interfaces) StdoutLine: {'line': b'-- Symlinking: /home/htrice/go2_ros2_curr/install/go2_interfaces/share/go2_interfaces/msg/BmsCmd.msg\n'}
[20.329637] (go2_interfaces) StdoutLine: {'line': b'-- Symlinking: /home/htrice/go2_ros2_curr/install/go2_interfaces/share/go2_interfaces/msg/BmsState.msg\n'}
[20.341626] (go2_interfaces) StdoutLine: {'line': b'-- Symlinking: /home/htrice/go2_ros2_curr/install/go2_interfaces/share/go2_interfaces/msg/Error.msg\n'}
[20.350351] (go2_interfaces) StdoutLine: {'line': b'-- Symlinking: /home/htrice/go2_ros2_curr/install/go2_interfaces/share/go2_interfaces/msg/Go2FrontVideoData.msg\n'}
[20.358962] (-) TimerEvent: {}
[20.359146] (go2_interfaces) StdoutLine: {'line': b'-- Symlinking: /home/htrice/go2_ros2_curr/install/go2_interfaces/share/go2_interfaces/msg/HeightMap.msg\n'}
[20.370984] (go2_interfaces) StdoutLine: {'line': b'-- Symlinking: /home/htrice/go2_ros2_curr/install/go2_interfaces/share/go2_interfaces/msg/InterfaceConfig.msg\n'}
[20.381235] (go2_interfaces) StdoutLine: {'line': b'-- Symlinking: /home/htrice/go2_ros2_curr/install/go2_interfaces/share/go2_interfaces/msg/LidarState.msg\n'}
[20.390392] (go2_interfaces) StdoutLine: {'line': b'-- Symlinking: /home/htrice/go2_ros2_curr/install/go2_interfaces/share/go2_interfaces/msg/LowCmd.msg\n'}
[20.399370] (go2_interfaces) StdoutLine: {'line': b'-- Symlinking: /home/htrice/go2_ros2_curr/install/go2_interfaces/share/go2_interfaces/msg/LowState.msg\n'}
[20.409401] (go2_interfaces) StdoutLine: {'line': b'-- Symlinking: /home/htrice/go2_ros2_curr/install/go2_interfaces/share/go2_interfaces/msg/MotorCmd.msg\n'}
[20.418794] (go2_interfaces) StdoutLine: {'line': b'-- Symlinking: /home/htrice/go2_ros2_curr/install/go2_interfaces/share/go2_interfaces/msg/MotorCmds.msg\n'}
[20.427821] (go2_interfaces) StdoutLine: {'line': b'-- Symlinking: /home/htrice/go2_ros2_curr/install/go2_interfaces/share/go2_interfaces/msg/MotorState.msg\n'}
[20.436473] (go2_interfaces) StdoutLine: {'line': b'-- Symlinking: /home/htrice/go2_ros2_curr/install/go2_interfaces/share/go2_interfaces/msg/MotorStates.msg\n'}
[20.448298] (go2_interfaces) StdoutLine: {'line': b'-- Symlinking: /home/htrice/go2_ros2_curr/install/go2_interfaces/share/go2_interfaces/msg/PathPoint.msg\n'}
[20.459026] (-) TimerEvent: {}
[20.460137] (go2_interfaces) StdoutLine: {'line': b'-- Symlinking: /home/htrice/go2_ros2_curr/install/go2_interfaces/share/go2_interfaces/msg/Req.msg\n'}
[20.471943] (go2_interfaces) StdoutLine: {'line': b'-- Symlinking: /home/htrice/go2_ros2_curr/install/go2_interfaces/share/go2_interfaces/msg/Res.msg\n'}
[20.484139] (go2_interfaces) StdoutLine: {'line': b'-- Symlinking: /home/htrice/go2_ros2_curr/install/go2_interfaces/share/go2_interfaces/msg/SportModeCmd.msg\n'}
[20.496015] (go2_interfaces) StdoutLine: {'line': b'-- Symlinking: /home/htrice/go2_ros2_curr/install/go2_interfaces/share/go2_interfaces/msg/SportModeState.msg\n'}
[20.507756] (go2_interfaces) StdoutLine: {'line': b'-- Symlinking: /home/htrice/go2_ros2_curr/install/go2_interfaces/share/go2_interfaces/msg/TimeSpec.msg\n'}
[20.516417] (go2_interfaces) StdoutLine: {'line': b'-- Symlinking: /home/htrice/go2_ros2_curr/install/go2_interfaces/share/go2_interfaces/msg/UwbState.msg\n'}
[20.528446] (go2_interfaces) StdoutLine: {'line': b'-- Symlinking: /home/htrice/go2_ros2_curr/install/go2_interfaces/share/go2_interfaces/msg/UwbSwitch.msg\n'}
[20.540287] (go2_interfaces) StdoutLine: {'line': b'-- Symlinking: /home/htrice/go2_ros2_curr/install/go2_interfaces/share/go2_interfaces/msg/VoxelMapCompressed.msg\n'}
[20.552464] (go2_interfaces) StdoutLine: {'line': b'-- Symlinking: /home/htrice/go2_ros2_curr/install/go2_interfaces/share/go2_interfaces/msg/VoxelHeightMapState.msg\n'}
[20.559092] (-) TimerEvent: {}
[20.560606] (go2_interfaces) StdoutLine: {'line': b'-- Symlinking: /home/htrice/go2_ros2_curr/install/go2_interfaces/share/go2_interfaces/msg/WebRtcReq.msg\n'}
[20.568869] (go2_interfaces) StdoutLine: {'line': b'-- Symlinking: /home/htrice/go2_ros2_curr/install/go2_interfaces/share/go2_interfaces/msg/WirelessController.msg\n'}
[20.580895] (go2_interfaces) StdoutLine: {'line': b'-- Symlinking: /home/htrice/go2_ros2_curr/install/go2_interfaces/share/ament_index/resource_index/package_run_dependencies/go2_interfaces\n'}
[20.592884] (go2_interfaces) StdoutLine: {'line': b'-- Symlinking: /home/htrice/go2_ros2_curr/install/go2_interfaces/share/ament_index/resource_index/parent_prefix_path/go2_interfaces\n'}
[20.605290] (go2_interfaces) StdoutLine: {'line': b'-- Symlinking: /home/htrice/go2_ros2_curr/install/go2_interfaces/share/go2_interfaces/environment/ament_prefix_path.sh\n'}
[20.617777] (go2_interfaces) StdoutLine: {'line': b'-- Symlinking: /home/htrice/go2_ros2_curr/install/go2_interfaces/share/go2_interfaces/environment/ament_prefix_path.dsv\n'}
[20.626467] (go2_interfaces) StdoutLine: {'line': b'-- Symlinking: /home/htrice/go2_ros2_curr/install/go2_interfaces/share/go2_interfaces/environment/path.sh\n'}
[20.635330] (go2_interfaces) StdoutLine: {'line': b'-- Symlinking: /home/htrice/go2_ros2_curr/install/go2_interfaces/share/go2_interfaces/environment/path.dsv\n'}
[20.647002] (go2_interfaces) StdoutLine: {'line': b'-- Symlinking: /home/htrice/go2_ros2_curr/install/go2_interfaces/share/go2_interfaces/local_setup.bash\n'}
[20.659159] (-) TimerEvent: {}
[20.659256] (go2_interfaces) StdoutLine: {'line': b'-- Symlinking: /home/htrice/go2_ros2_curr/install/go2_interfaces/share/go2_interfaces/local_setup.sh\n'}
[20.671819] (go2_interfaces) StdoutLine: {'line': b'-- Symlinking: /home/htrice/go2_ros2_curr/install/go2_interfaces/share/go2_interfaces/local_setup.zsh\n'}
[20.684346] (go2_interfaces) StdoutLine: {'line': b'-- Symlinking: /home/htrice/go2_ros2_curr/install/go2_interfaces/share/go2_interfaces/local_setup.dsv\n'}
[20.696551] (go2_interfaces) StdoutLine: {'line': b'-- Symlinking: /home/htrice/go2_ros2_curr/install/go2_interfaces/share/go2_interfaces/package.dsv\n'}
[20.704971] (go2_interfaces) StdoutLine: {'line': b'-- Symlinking: /home/htrice/go2_ros2_curr/install/go2_interfaces/share/ament_index/resource_index/packages/go2_interfaces\n'}
[20.713220] (go2_interfaces) StdoutLine: {'line': b'-- Symlinking: /home/htrice/go2_ros2_curr/install/go2_interfaces/share/go2_interfaces/cmake/rosidl_cmake-extras.cmake\n'}
[20.721343] (go2_interfaces) StdoutLine: {'line': b'-- Symlinking: /home/htrice/go2_ros2_curr/install/go2_interfaces/share/go2_interfaces/cmake/ament_cmake_export_dependencies-extras.cmake\n'}
[20.734767] (go2_interfaces) StdoutLine: {'line': b'-- Symlinking: /home/htrice/go2_ros2_curr/install/go2_interfaces/share/go2_interfaces/cmake/ament_cmake_export_include_directories-extras.cmake\n'}
[20.743050] (go2_interfaces) StdoutLine: {'line': b'-- Symlinking: /home/htrice/go2_ros2_curr/install/go2_interfaces/share/go2_interfaces/cmake/ament_cmake_export_libraries-extras.cmake\n'}
[20.755143] (go2_interfaces) StdoutLine: {'line': b'-- Symlinking: /home/htrice/go2_ros2_curr/install/go2_interfaces/share/go2_interfaces/cmake/ament_cmake_export_targets-extras.cmake\n'}
[20.759224] (-) TimerEvent: {}
[20.767394] (go2_interfaces) StdoutLine: {'line': b'-- Symlinking: /home/htrice/go2_ros2_curr/install/go2_interfaces/share/go2_interfaces/cmake/rosidl_cmake_export_typesupport_targets-extras.cmake\n'}
[20.779592] (go2_interfaces) StdoutLine: {'line': b'-- Symlinking: /home/htrice/go2_ros2_curr/install/go2_interfaces/share/go2_interfaces/cmake/rosidl_cmake_export_typesupport_libraries-extras.cmake\n'}
[20.791439] (go2_interfaces) StdoutLine: {'line': b'-- Symlinking: /home/htrice/go2_ros2_curr/install/go2_interfaces/share/go2_interfaces/cmake/go2_interfacesConfig.cmake\n'}
[20.803772] (go2_interfaces) StdoutLine: {'line': b'-- Symlinking: /home/htrice/go2_ros2_curr/install/go2_interfaces/share/go2_interfaces/cmake/go2_interfacesConfig-version.cmake\n'}
[20.816050] (go2_interfaces) StdoutLine: {'line': b'-- Symlinking: /home/htrice/go2_ros2_curr/install/go2_interfaces/share/go2_interfaces/package.xml\n'}
[20.828441] (go2_interfaces) StdoutLine: {'line': b'-- Installing: /home/htrice/go2_ros2_curr/install/go2_interfaces/lib/libgo2_interfaces__rosidl_generator_c.so\n'}
[20.829656] (go2_interfaces) StdoutLine: {'line': b'-- Set runtime path of "/home/htrice/go2_ros2_curr/install/go2_interfaces/lib/libgo2_interfaces__rosidl_generator_c.so" to ""\n'}
[20.829814] (go2_interfaces) StdoutLine: {'line': b'-- Installing: /home/htrice/go2_ros2_curr/install/go2_interfaces/lib/libgo2_interfaces__rosidl_typesupport_fastrtps_c.so\n'}
[20.830908] (go2_interfaces) StdoutLine: {'line': b'-- Set runtime path of "/home/htrice/go2_ros2_curr/install/go2_interfaces/lib/libgo2_interfaces__rosidl_typesupport_fastrtps_c.so" to ""\n'}
[20.831058] (go2_interfaces) StdoutLine: {'line': b'-- Installing: /home/htrice/go2_ros2_curr/install/go2_interfaces/lib/libgo2_interfaces__rosidl_typesupport_fastrtps_cpp.so\n'}
[20.832580] (go2_interfaces) StdoutLine: {'line': b'-- Set runtime path of "/home/htrice/go2_ros2_curr/install/go2_interfaces/lib/libgo2_interfaces__rosidl_typesupport_fastrtps_cpp.so" to ""\n'}
[20.832717] (go2_interfaces) StdoutLine: {'line': b'-- Installing: /home/htrice/go2_ros2_curr/install/go2_interfaces/lib/libgo2_interfaces__rosidl_typesupport_introspection_c.so\n'}
[20.833922] (go2_interfaces) StdoutLine: {'line': b'-- Set runtime path of "/home/htrice/go2_ros2_curr/install/go2_interfaces/lib/libgo2_interfaces__rosidl_typesupport_introspection_c.so" to ""\n'}
[20.834060] (go2_interfaces) StdoutLine: {'line': b'-- Installing: /home/htrice/go2_ros2_curr/install/go2_interfaces/lib/libgo2_interfaces__rosidl_typesupport_c.so\n'}
[20.834873] (go2_interfaces) StdoutLine: {'line': b'-- Set runtime path of "/home/htrice/go2_ros2_curr/install/go2_interfaces/lib/libgo2_interfaces__rosidl_typesupport_c.so" to ""\n'}
[20.835008] (go2_interfaces) StdoutLine: {'line': b'-- Installing: /home/htrice/go2_ros2_curr/install/go2_interfaces/lib/libgo2_interfaces__rosidl_typesupport_introspection_cpp.so\n'}
[20.836725] (go2_interfaces) StdoutLine: {'line': b'-- Set runtime path of "/home/htrice/go2_ros2_curr/install/go2_interfaces/lib/libgo2_interfaces__rosidl_typesupport_introspection_cpp.so" to ""\n'}
[20.836858] (go2_interfaces) StdoutLine: {'line': b'-- Installing: /home/htrice/go2_ros2_curr/install/go2_interfaces/lib/libgo2_interfaces__rosidl_typesupport_cpp.so\n'}
[20.837756] (go2_interfaces) StdoutLine: {'line': b'-- Set runtime path of "/home/htrice/go2_ros2_curr/install/go2_interfaces/lib/libgo2_interfaces__rosidl_typesupport_cpp.so" to ""\n'}
[20.859301] (-) TimerEvent: {}
[20.899497] (go2_interfaces) StdoutLine: {'line': b"Listing '/home/htrice/go2_ros2_curr/install/go2_interfaces/local/lib/python3.10/dist-packages/go2_interfaces'...\n"}
[20.899773] (go2_interfaces) StdoutLine: {'line': b"Compiling '/home/htrice/go2_ros2_curr/install/go2_interfaces/local/lib/python3.10/dist-packages/go2_interfaces/__init__.py'...\n"}
[20.899878] (go2_interfaces) StdoutLine: {'line': b"Listing '/home/htrice/go2_ros2_curr/install/go2_interfaces/local/lib/python3.10/dist-packages/go2_interfaces/msg'...\n"}
[20.899956] (go2_interfaces) StdoutLine: {'line': b"Compiling '/home/htrice/go2_ros2_curr/install/go2_interfaces/local/lib/python3.10/dist-packages/go2_interfaces/msg/__init__.py'...\n"}
[20.900044] (go2_interfaces) StdoutLine: {'line': b"Compiling '/home/htrice/go2_ros2_curr/install/go2_interfaces/local/lib/python3.10/dist-packages/go2_interfaces/msg/_audio_data.py'...\n"}
[20.900134] (go2_interfaces) StdoutLine: {'line': b"Compiling '/home/htrice/go2_ros2_curr/install/go2_interfaces/local/lib/python3.10/dist-packages/go2_interfaces/msg/_bms_cmd.py'...\n"}
[20.900219] (go2_interfaces) StdoutLine: {'line': b"Compiling '/home/htrice/go2_ros2_curr/install/go2_interfaces/local/lib/python3.10/dist-packages/go2_interfaces/msg/_bms_state.py'...\n"}
[20.900294] (go2_interfaces) StdoutLine: {'line': b"Compiling '/home/htrice/go2_ros2_curr/install/go2_interfaces/local/lib/python3.10/dist-packages/go2_interfaces/msg/_error.py'...\n"}
[20.900370] (go2_interfaces) StdoutLine: {'line': b"Compiling '/home/htrice/go2_ros2_curr/install/go2_interfaces/local/lib/python3.10/dist-packages/go2_interfaces/msg/_go2_cmd.py'...\n"}
[20.900447] (go2_interfaces) StdoutLine: {'line': b"Compiling '/home/htrice/go2_ros2_curr/install/go2_interfaces/local/lib/python3.10/dist-packages/go2_interfaces/msg/_go2_front_video_data.py'...\n"}
[20.900523] (go2_interfaces) StdoutLine: {'line': b"Compiling '/home/htrice/go2_ros2_curr/install/go2_interfaces/local/lib/python3.10/dist-packages/go2_interfaces/msg/_go2_move.py'...\n"}
[20.900599] (go2_interfaces) StdoutLine: {'line': b"Compiling '/home/htrice/go2_ros2_curr/install/go2_interfaces/local/lib/python3.10/dist-packages/go2_interfaces/msg/_go2_rpy_cmd.py'...\n"}
[20.900674] (go2_interfaces) StdoutLine: {'line': b"Compiling '/home/htrice/go2_ros2_curr/install/go2_interfaces/local/lib/python3.10/dist-packages/go2_interfaces/msg/_go2_state.py'...\n"}
[20.900751] (go2_interfaces) StdoutLine: {'line': b"Compiling '/home/htrice/go2_ros2_curr/install/go2_interfaces/local/lib/python3.10/dist-packages/go2_interfaces/msg/_height_map.py'...\n"}
[20.900828] (go2_interfaces) StdoutLine: {'line': b"Compiling '/home/htrice/go2_ros2_curr/install/go2_interfaces/local/lib/python3.10/dist-packages/go2_interfaces/msg/_imu.py'...\n"}
[20.900904] (go2_interfaces) StdoutLine: {'line': b"Compiling '/home/htrice/go2_ros2_curr/install/go2_interfaces/local/lib/python3.10/dist-packages/go2_interfaces/msg/_interface_config.py'...\n"}
[20.900979] (go2_interfaces) StdoutLine: {'line': b"Compiling '/home/htrice/go2_ros2_curr/install/go2_interfaces/local/lib/python3.10/dist-packages/go2_interfaces/msg/_lidar_state.py'...\n"}
[20.901077] (go2_interfaces) StdoutLine: {'line': b"Compiling '/home/htrice/go2_ros2_curr/install/go2_interfaces/local/lib/python3.10/dist-packages/go2_interfaces/msg/_low_cmd.py'...\n"}
[20.901163] (go2_interfaces) StdoutLine: {'line': b"Compiling '/home/htrice/go2_ros2_curr/install/go2_interfaces/local/lib/python3.10/dist-packages/go2_interfaces/msg/_low_state.py'...\n"}
[20.901240] (go2_interfaces) StdoutLine: {'line': b"Compiling '/home/htrice/go2_ros2_curr/install/go2_interfaces/local/lib/python3.10/dist-packages/go2_interfaces/msg/_motor_cmd.py'...\n"}
[20.901319] (go2_interfaces) StdoutLine: {'line': b"Compiling '/home/htrice/go2_ros2_curr/install/go2_interfaces/local/lib/python3.10/dist-packages/go2_interfaces/msg/_motor_cmds.py'...\n"}
[20.901399] (go2_interfaces) StdoutLine: {'line': b"Compiling '/home/htrice/go2_ros2_curr/install/go2_interfaces/local/lib/python3.10/dist-packages/go2_interfaces/msg/_motor_state.py'...\n"}
[20.901478] (go2_interfaces) StdoutLine: {'line': b"Compiling '/home/htrice/go2_ros2_curr/install/go2_interfaces/local/lib/python3.10/dist-packages/go2_interfaces/msg/_motor_states.py'...\n"}
[20.901555] (go2_interfaces) StdoutLine: {'line': b"Compiling '/home/htrice/go2_ros2_curr/install/go2_interfaces/local/lib/python3.10/dist-packages/go2_interfaces/msg/_path_point.py'...\n"}
[20.901634] (go2_interfaces) StdoutLine: {'line': b"Compiling '/home/htrice/go2_ros2_curr/install/go2_interfaces/local/lib/python3.10/dist-packages/go2_interfaces/msg/_req.py'...\n"}
[20.901713] (go2_interfaces) StdoutLine: {'line': b"Compiling '/home/htrice/go2_ros2_curr/install/go2_interfaces/local/lib/python3.10/dist-packages/go2_interfaces/msg/_res.py'...\n"}
[20.901791] (go2_interfaces) StdoutLine: {'line': b"Compiling '/home/htrice/go2_ros2_curr/install/go2_interfaces/local/lib/python3.10/dist-packages/go2_interfaces/msg/_sport_mode_cmd.py'...\n"}
[20.901880] (go2_interfaces) StdoutLine: {'line': b"Compiling '/home/htrice/go2_ros2_curr/install/go2_interfaces/local/lib/python3.10/dist-packages/go2_interfaces/msg/_sport_mode_state.py'...\n"}
[20.901958] (go2_interfaces) StdoutLine: {'line': b"Compiling '/home/htrice/go2_ros2_curr/install/go2_interfaces/local/lib/python3.10/dist-packages/go2_interfaces/msg/_time_spec.py'...\n"}
[20.902044] (go2_interfaces) StdoutLine: {'line': b"Compiling '/home/htrice/go2_ros2_curr/install/go2_interfaces/local/lib/python3.10/dist-packages/go2_interfaces/msg/_uwb_state.py'...\n"}
[20.902134] (go2_interfaces) StdoutLine: {'line': b"Compiling '/home/htrice/go2_ros2_curr/install/go2_interfaces/local/lib/python3.10/dist-packages/go2_interfaces/msg/_uwb_switch.py'...\n"}
[20.902212] (go2_interfaces) StdoutLine: {'line': b"Compiling '/home/htrice/go2_ros2_curr/install/go2_interfaces/local/lib/python3.10/dist-packages/go2_interfaces/msg/_voxel_height_map_state.py'...\n"}
[20.902289] (go2_interfaces) StdoutLine: {'line': b"Compiling '/home/htrice/go2_ros2_curr/install/go2_interfaces/local/lib/python3.10/dist-packages/go2_interfaces/msg/_voxel_map_compressed.py'...\n"}
[20.902384] (go2_interfaces) StdoutLine: {'line': b"Compiling '/home/htrice/go2_ros2_curr/install/go2_interfaces/local/lib/python3.10/dist-packages/go2_interfaces/msg/_web_rtc_req.py'...\n"}
[20.902462] (go2_interfaces) StdoutLine: {'line': b"Compiling '/home/htrice/go2_ros2_curr/install/go2_interfaces/local/lib/python3.10/dist-packages/go2_interfaces/msg/_wireless_controller.py'...\n"}
[20.903048] (go2_interfaces) StdoutLine: {'line': b'-- Installing: /home/htrice/go2_ros2_curr/install/go2_interfaces/lib/libgo2_interfaces__rosidl_generator_py.so\n'}
[20.904413] (go2_interfaces) StdoutLine: {'line': b'-- Set runtime path of "/home/htrice/go2_ros2_curr/install/go2_interfaces/lib/libgo2_interfaces__rosidl_generator_py.so" to ""\n'}
[20.904561] (go2_interfaces) StdoutLine: {'line': b'-- Installing: /home/htrice/go2_ros2_curr/install/go2_interfaces/share/go2_interfaces/cmake/export_go2_interfaces__rosidl_generator_cExport.cmake\n'}
[20.904914] (go2_interfaces) StdoutLine: {'line': b'-- Installing: /home/htrice/go2_ros2_curr/install/go2_interfaces/share/go2_interfaces/cmake/export_go2_interfaces__rosidl_generator_cExport-noconfig.cmake\n'}
[20.905315] (go2_interfaces) StdoutLine: {'line': b'-- Installing: /home/htrice/go2_ros2_curr/install/go2_interfaces/share/go2_interfaces/cmake/export_go2_interfaces__rosidl_typesupport_fastrtps_cExport.cmake\n'}
[20.905660] (go2_interfaces) StdoutLine: {'line': b'-- Installing: /home/htrice/go2_ros2_curr/install/go2_interfaces/share/go2_interfaces/cmake/export_go2_interfaces__rosidl_typesupport_fastrtps_cExport-noconfig.cmake\n'}
[20.906011] (go2_interfaces) StdoutLine: {'line': b'-- Installing: /home/htrice/go2_ros2_curr/install/go2_interfaces/share/go2_interfaces/cmake/export_go2_interfaces__rosidl_generator_cppExport.cmake\n'}
[20.906383] (go2_interfaces) StdoutLine: {'line': b'-- Installing: /home/htrice/go2_ros2_curr/install/go2_interfaces/share/go2_interfaces/cmake/export_go2_interfaces__rosidl_typesupport_fastrtps_cppExport.cmake\n'}
[20.906722] (go2_interfaces) StdoutLine: {'line': b'-- Installing: /home/htrice/go2_ros2_curr/install/go2_interfaces/share/go2_interfaces/cmake/export_go2_interfaces__rosidl_typesupport_fastrtps_cppExport-noconfig.cmake\n'}
[20.907085] (go2_interfaces) StdoutLine: {'line': b'-- Installing: /home/htrice/go2_ros2_curr/install/go2_interfaces/share/go2_interfaces/cmake/go2_interfaces__rosidl_typesupport_introspection_cExport.cmake\n'}
[20.907457] (go2_interfaces) StdoutLine: {'line': b'-- Installing: /home/htrice/go2_ros2_curr/install/go2_interfaces/share/go2_interfaces/cmake/go2_interfaces__rosidl_typesupport_introspection_cExport-noconfig.cmake\n'}
[20.907824] (go2_interfaces) StdoutLine: {'line': b'-- Installing: /home/htrice/go2_ros2_curr/install/go2_interfaces/share/go2_interfaces/cmake/go2_interfaces__rosidl_typesupport_cExport.cmake\n'}
[20.908188] (go2_interfaces) StdoutLine: {'line': b'-- Installing: /home/htrice/go2_ros2_curr/install/go2_interfaces/share/go2_interfaces/cmake/go2_interfaces__rosidl_typesupport_cExport-noconfig.cmake\n'}
[20.908549] (go2_interfaces) StdoutLine: {'line': b'-- Installing: /home/htrice/go2_ros2_curr/install/go2_interfaces/share/go2_interfaces/cmake/go2_interfaces__rosidl_typesupport_introspection_cppExport.cmake\n'}
[20.908902] (go2_interfaces) StdoutLine: {'line': b'-- Installing: /home/htrice/go2_ros2_curr/install/go2_interfaces/share/go2_interfaces/cmake/go2_interfaces__rosidl_typesupport_introspection_cppExport-noconfig.cmake\n'}
[20.909277] (go2_interfaces) StdoutLine: {'line': b'-- Installing: /home/htrice/go2_ros2_curr/install/go2_interfaces/share/go2_interfaces/cmake/go2_interfaces__rosidl_typesupport_cppExport.cmake\n'}
[20.909633] (go2_interfaces) StdoutLine: {'line': b'-- Installing: /home/htrice/go2_ros2_curr/install/go2_interfaces/share/go2_interfaces/cmake/go2_interfaces__rosidl_typesupport_cppExport-noconfig.cmake\n'}
[20.909980] (go2_interfaces) StdoutLine: {'line': b'-- Installing: /home/htrice/go2_ros2_curr/install/go2_interfaces/share/go2_interfaces/cmake/export_go2_interfaces__rosidl_generator_pyExport.cmake\n'}
[20.910346] (go2_interfaces) StdoutLine: {'line': b'-- Installing: /home/htrice/go2_ros2_curr/install/go2_interfaces/share/go2_interfaces/cmake/export_go2_interfaces__rosidl_generator_pyExport-noconfig.cmake\n'}
[20.914067] (go2_interfaces) CommandEnded: {'returncode': 0}
[20.951504] (go2_interfaces) JobEnded: {'identifier': 'go2_interfaces', 'rc': 0}
[20.952507] (go2_robot_sdk) JobStarted: {'identifier': 'go2_robot_sdk'}
[20.959091] (speech_processor) JobStarted: {'identifier': 'speech_processor'}
[20.959640] (-) TimerEvent: {}
[21.059805] (-) TimerEvent: {}
[21.160073] (-) TimerEvent: {}
[21.260323] (-) TimerEvent: {}
[21.360596] (-) TimerEvent: {}
[21.460799] (-) TimerEvent: {}
[21.560997] (-) TimerEvent: {}
[21.661238] (-) TimerEvent: {}
[21.721066] (speech_processor) Command: {'cmd': ['/usr/bin/python3', '-W', 'ignore:setup.py install is deprecated', '-W', 'ignore:easy_install command is deprecated', 'setup.py', 'develop', '--editable', '--build-directory', '/home/htrice/go2_ros2_curr/build/speech_processor/build', '--no-deps', 'symlink_data'], 'cwd': '/home/htrice/go2_ros2_curr/build/speech_processor', 'env': {'GJS_DEBUG_TOPICS': 'JS ERROR;JS LOG', 'LESSOPEN': '| /usr/bin/lesspipe %s', 'USER': 'htrice', 'FONTCONFIG_PATH': '/etc/fonts', 'GIO_MODULE_DIR': '/home/htrice/snap/code/common/.cache/gio-modules', 'XDG_SESSION_TYPE': 'x11', 'GIT_ASKPASS': '/snap/code/205/usr/share/code/resources/app/extensions/git/dist/askpass.sh', 'GTK_EXE_PREFIX_VSCODE_SNAP_ORIG': '', 'GDK_BACKEND_VSCODE_SNAP_ORIG': '', 'SHLVL': '1', 'LD_LIBRARY_PATH': '/home/htrice/go2_ros2_curr/install/go2_interfaces/lib:/opt/ros/humble/opt/rviz_ogre_vendor/lib:/opt/ros/humble/lib/x86_64-linux-gnu:/opt/ros/humble/lib', 'HOME': '/home/htrice', 'CHROME_DESKTOP': 'code.desktop', 'LOCPATH_VSCODE_SNAP_ORIG': '', 'OLDPWD': '/home/htrice/go2_ros2_curr', 'TERM_PROGRAM_VERSION': '1.103.2', 'DESKTOP_SESSION': 'ubuntu', 'GTK_PATH': '/snap/code/205/usr/lib/x86_64-linux-gnu/gtk-3.0', 'XDG_DATA_HOME_VSCODE_SNAP_ORIG': '', 'GTK_IM_MODULE_FILE': '/home/htrice/snap/code/common/.cache/immodules/immodules.cache', 'GIO_LAUNCHED_DESKTOP_FILE': '/var/lib/snapd/desktop/applications/code_code.desktop', 'ROS_PYTHON_VERSION': '3', 'GNOME_SHELL_SESSION_MODE': 'ubuntu', 'GTK_MODULES': 'gail:atk-bridge', 'GSETTINGS_SCHEMA_DIR_VSCODE_SNAP_ORIG': '', 'VSCODE_GIT_ASKPASS_MAIN': '/snap/code/205/usr/share/code/resources/app/extensions/git/dist/askpass-main.js', 'VSCODE_GIT_ASKPASS_NODE': '/snap/code/205/usr/share/code/code', 'MANAGERPID': '1849', 'SYSTEMD_EXEC_PID': '2030', 'DBUS_SESSION_BUS_ADDRESS': 'unix:path=/run/user/1007/bus', 'COLORTERM': 'truecolor', 'GIO_LAUNCHED_DESKTOP_FILE_PID': '4108', 'IM_CONFIG_PHASE': '1', 'ROS_DISTRO': 'humble', 'GTK_IM_MODULE': 'ibus', 'LOGNAME': 'htrice', 'JOURNAL_STREAM': '8:21689', '_': '/usr/bin/colcon', 'ROS_VERSION': '2', 'XDG_CONFIG_DIRS_VSCODE_SNAP_ORIG': '/etc/xdg/xdg-ubuntu:/etc/xdg', 'XDG_SESSION_CLASS': 'user', 'XDG_DATA_DIRS_VSCODE_SNAP_ORIG': '/usr/share/ubuntu:/usr/share/gnome:/usr/local/share/:/usr/share/:/var/lib/snapd/desktop', 'USERNAME': 'htrice', 'TERM': 'xterm-256color', 'GNOME_DESKTOP_SESSION_ID': 'this-is-deprecated', 'ROS_LOCALHOST_ONLY': '0', 'WINDOWPATH': '2', 'PATH': '/home/htrice/.local/bin:/opt/ros/humble/bin:/usr/local/sbin:/usr/local/bin:/usr/sbin:/usr/bin:/sbin:/bin:/usr/games:/usr/local/games:/snap/bin:/snap/bin:/home/htrice/.config/Code/User/globalStorage/github.copilot-chat/debugCommand', 'SESSION_MANAGER': 'local/ntthuan:@/tmp/.ICE-unix/2002,unix/ntthuan:/tmp/.ICE-unix/2002', 'GTK_EXE_PREFIX': '/snap/code/205/usr', 'INVOCATION_ID': '790d985d8c2545c5a9e7c9f88ff27c5a', 'XDG_MENU_PREFIX': 'gnome-', 'BAMF_DESKTOP_FILE_HINT': '/var/lib/snapd/desktop/applications/code_code.desktop', 'XDG_RUNTIME_DIR': '/run/user/1007', 'GDK_BACKEND': 'x11', 'DISPLAY': ':1', 'LOCPATH': '/snap/code/205/usr/lib/locale', 'LANG': 'en_US.UTF-8', 'XDG_CURRENT_DESKTOP': 'Unity', 'GIO_MODULE_DIR_VSCODE_SNAP_ORIG': '', 'XDG_DATA_HOME': '/home/htrice/snap/code/205/.local/share', 'XMODIFIERS': '@im=ibus', 'XDG_SESSION_DESKTOP': 'ubuntu', 'XAUTHORITY': '/run/user/1007/gdm/Xauthority', 'LS_COLORS': 'rs=0:di=01;34:ln=01;36:mh=00:pi=40;33:so=01;35:do=01;35:bd=40;33;01:cd=40;33;01:or=40;31;01:mi=00:su=37;41:sg=30;43:ca=30;41:tw=30;42:ow=34;42:st=37;44:ex=01;32:*.tar=01;31:*.tgz=01;31:*.arc=01;31:*.arj=01;31:*.taz=01;31:*.lha=01;31:*.lz4=01;31:*.lzh=01;31:*.lzma=01;31:*.tlz=01;31:*.txz=01;31:*.tzo=01;31:*.t7z=01;31:*.zip=01;31:*.z=01;31:*.dz=01;31:*.gz=01;31:*.lrz=01;31:*.lz=01;31:*.lzo=01;31:*.xz=01;31:*.zst=01;31:*.tzst=01;31:*.bz2=01;31:*.bz=01;31:*.tbz=01;31:*.tbz2=01;31:*.tz=01;31:*.deb=01;31:*.rpm=01;31:*.jar=01;31:*.war=01;31:*.ear=01;31:*.sar=01;31:*.rar=01;31:*.alz=01;31:*.ace=01;31:*.zoo=01;31:*.cpio=01;31:*.7z=01;31:*.rz=01;31:*.cab=01;31:*.wim=01;31:*.swm=01;31:*.dwm=01;31:*.esd=01;31:*.jpg=01;35:*.jpeg=01;35:*.mjpg=01;35:*.mjpeg=01;35:*.gif=01;35:*.bmp=01;35:*.pbm=01;35:*.pgm=01;35:*.ppm=01;35:*.tga=01;35:*.xbm=01;35:*.xpm=01;35:*.tif=01;35:*.tiff=01;35:*.png=01;35:*.svg=01;35:*.svgz=01;35:*.mng=01;35:*.pcx=01;35:*.mov=01;35:*.mpg=01;35:*.mpeg=01;35:*.m2v=01;35:*.mkv=01;35:*.webm=01;35:*.webp=01;35:*.ogm=01;35:*.mp4=01;35:*.m4v=01;35:*.mp4v=01;35:*.vob=01;35:*.qt=01;35:*.nuv=01;35:*.wmv=01;35:*.asf=01;35:*.rm=01;35:*.rmvb=01;35:*.flc=01;35:*.avi=01;35:*.fli=01;35:*.flv=01;35:*.gl=01;35:*.dl=01;35:*.xcf=01;35:*.xwd=01;35:*.yuv=01;35:*.cgm=01;35:*.emf=01;35:*.ogv=01;35:*.ogx=01;35:*.aac=00;36:*.au=00;36:*.flac=00;36:*.m4a=00;36:*.mid=00;36:*.midi=00;36:*.mka=00;36:*.mp3=00;36:*.mpc=00;36:*.ogg=00;36:*.ra=00;36:*.wav=00;36:*.oga=00;36:*.opus=00;36:*.spx=00;36:*.xspf=00;36:', 'VSCODE_GIT_IPC_HANDLE': '/run/user/1007/vscode-git-62d08c1e57.sock', 'TERM_PROGRAM': 'vscode', 'SSH_AGENT_LAUNCHER': 'gnome-keyring', 'SSH_AUTH_SOCK': '/run/user/1007/keyring/ssh', 'GSETTINGS_SCHEMA_DIR': '/home/htrice/snap/code/205/.local/share/glib-2.0/schemas', 'AMENT_PREFIX_PATH': '/home/htrice/go2_ros2_curr/install/go2_interfaces:/opt/ros/humble', 'ORIGINAL_XDG_CURRENT_DESKTOP': 'ubuntu:GNOME', 'SHELL': '/bin/bash', 'QT_ACCESSIBILITY': '1', 'GDMSESSION': 'ubuntu', 'LESSCLOSE': '/usr/bin/lesspipe %s %s', 'GTK_PATH_VSCODE_SNAP_ORIG': '', 'FONTCONFIG_FILE': '/etc/fonts/fonts.conf', 'GTK_IM_MODULE_FILE_VSCODE_SNAP_ORIG': '', 'GPG_AGENT_INFO': '/run/user/1007/gnupg/S.gpg-agent:0:1', 'GJS_DEBUG_OUTPUT': 'stderr', 'VSCODE_GIT_ASKPASS_EXTRA_ARGS': '', 'GIT_PAGER': 'cat', 'QT_IM_MODULE': 'ibus', 'PWD': '/home/htrice/go2_ros2_curr/build/speech_processor', 'XDG_CONFIG_DIRS': '/etc/xdg/xdg-ubuntu:/etc/xdg', 'XDG_DATA_DIRS': '/home/htrice/snap/code/205/.local/share:/home/htrice/snap/code/205:/snap/code/205/usr/share:/usr/share/ubuntu:/usr/share/gnome:/usr/local/share/:/usr/share/:/var/lib/snapd/desktop', 'PYTHONPATH': '/home/htrice/go2_ros2_curr/build/speech_processor/prefix_override:/usr/lib/python3/dist-packages/colcon_core/task/python/colcon_distutils_commands:/home/htrice/go2_ros2_curr/install/speech_processor/lib/python3.10/site-packages:/home/htrice/go2_ros2_curr/install/go2_interfaces/local/lib/python3.10/dist-packages:/opt/ros/humble/lib/python3.10/site-packages:/opt/ros/humble/local/lib/python3.10/dist-packages', 'COLCON': '1', 'CMAKE_PREFIX_PATH': '/home/htrice/go2_ros2_curr/install/go2_interfaces'}, 'shell': False}
[21.737319] (go2_robot_sdk) Command: {'cmd': ['/usr/bin/python3', '-W', 'ignore:setup.py install is deprecated', '-W', 'ignore:easy_install command is deprecated', 'setup.py', 'develop', '--editable', '--build-directory', '/home/htrice/go2_ros2_curr/build/go2_robot_sdk/build', '--no-deps', 'symlink_data'], 'cwd': '/home/htrice/go2_ros2_curr/build/go2_robot_sdk', 'env': {'GJS_DEBUG_TOPICS': 'JS ERROR;JS LOG', 'LESSOPEN': '| /usr/bin/lesspipe %s', 'USER': 'htrice', 'FONTCONFIG_PATH': '/etc/fonts', 'GIO_MODULE_DIR': '/home/htrice/snap/code/common/.cache/gio-modules', 'XDG_SESSION_TYPE': 'x11', 'GIT_ASKPASS': '/snap/code/205/usr/share/code/resources/app/extensions/git/dist/askpass.sh', 'GTK_EXE_PREFIX_VSCODE_SNAP_ORIG': '', 'GDK_BACKEND_VSCODE_SNAP_ORIG': '', 'SHLVL': '1', 'LD_LIBRARY_PATH': '/home/htrice/go2_ros2_curr/install/go2_interfaces/lib:/opt/ros/humble/opt/rviz_ogre_vendor/lib:/opt/ros/humble/lib/x86_64-linux-gnu:/opt/ros/humble/lib', 'HOME': '/home/htrice', 'CHROME_DESKTOP': 'code.desktop', 'LOCPATH_VSCODE_SNAP_ORIG': '', 'OLDPWD': '/home/htrice/go2_ros2_curr', 'TERM_PROGRAM_VERSION': '1.103.2', 'DESKTOP_SESSION': 'ubuntu', 'GTK_PATH': '/snap/code/205/usr/lib/x86_64-linux-gnu/gtk-3.0', 'XDG_DATA_HOME_VSCODE_SNAP_ORIG': '', 'GTK_IM_MODULE_FILE': '/home/htrice/snap/code/common/.cache/immodules/immodules.cache', 'GIO_LAUNCHED_DESKTOP_FILE': '/var/lib/snapd/desktop/applications/code_code.desktop', 'ROS_PYTHON_VERSION': '3', 'GNOME_SHELL_SESSION_MODE': 'ubuntu', 'GTK_MODULES': 'gail:atk-bridge', 'GSETTINGS_SCHEMA_DIR_VSCODE_SNAP_ORIG': '', 'VSCODE_GIT_ASKPASS_MAIN': '/snap/code/205/usr/share/code/resources/app/extensions/git/dist/askpass-main.js', 'VSCODE_GIT_ASKPASS_NODE': '/snap/code/205/usr/share/code/code', 'MANAGERPID': '1849', 'SYSTEMD_EXEC_PID': '2030', 'DBUS_SESSION_BUS_ADDRESS': 'unix:path=/run/user/1007/bus', 'COLORTERM': 'truecolor', 'GIO_LAUNCHED_DESKTOP_FILE_PID': '4108', 'IM_CONFIG_PHASE': '1', 'ROS_DISTRO': 'humble', 'GTK_IM_MODULE': 'ibus', 'LOGNAME': 'htrice', 'JOURNAL_STREAM': '8:21689', '_': '/usr/bin/colcon', 'ROS_VERSION': '2', 'XDG_CONFIG_DIRS_VSCODE_SNAP_ORIG': '/etc/xdg/xdg-ubuntu:/etc/xdg', 'XDG_SESSION_CLASS': 'user', 'XDG_DATA_DIRS_VSCODE_SNAP_ORIG': '/usr/share/ubuntu:/usr/share/gnome:/usr/local/share/:/usr/share/:/var/lib/snapd/desktop', 'USERNAME': 'htrice', 'TERM': 'xterm-256color', 'GNOME_DESKTOP_SESSION_ID': 'this-is-deprecated', 'ROS_LOCALHOST_ONLY': '0', 'WINDOWPATH': '2', 'PATH': '/home/htrice/.local/bin:/opt/ros/humble/bin:/usr/local/sbin:/usr/local/bin:/usr/sbin:/usr/bin:/sbin:/bin:/usr/games:/usr/local/games:/snap/bin:/snap/bin:/home/htrice/.config/Code/User/globalStorage/github.copilot-chat/debugCommand', 'SESSION_MANAGER': 'local/ntthuan:@/tmp/.ICE-unix/2002,unix/ntthuan:/tmp/.ICE-unix/2002', 'GTK_EXE_PREFIX': '/snap/code/205/usr', 'INVOCATION_ID': '790d985d8c2545c5a9e7c9f88ff27c5a', 'XDG_MENU_PREFIX': 'gnome-', 'BAMF_DESKTOP_FILE_HINT': '/var/lib/snapd/desktop/applications/code_code.desktop', 'XDG_RUNTIME_DIR': '/run/user/1007', 'GDK_BACKEND': 'x11', 'DISPLAY': ':1', 'LOCPATH': '/snap/code/205/usr/lib/locale', 'LANG': 'en_US.UTF-8', 'XDG_CURRENT_DESKTOP': 'Unity', 'GIO_MODULE_DIR_VSCODE_SNAP_ORIG': '', 'XDG_DATA_HOME': '/home/htrice/snap/code/205/.local/share', 'XMODIFIERS': '@im=ibus', 'XDG_SESSION_DESKTOP': 'ubuntu', 'XAUTHORITY': '/run/user/1007/gdm/Xauthority', 'LS_COLORS': 'rs=0:di=01;34:ln=01;36:mh=00:pi=40;33:so=01;35:do=01;35:bd=40;33;01:cd=40;33;01:or=40;31;01:mi=00:su=37;41:sg=30;43:ca=30;41:tw=30;42:ow=34;42:st=37;44:ex=01;32:*.tar=01;31:*.tgz=01;31:*.arc=01;31:*.arj=01;31:*.taz=01;31:*.lha=01;31:*.lz4=01;31:*.lzh=01;31:*.lzma=01;31:*.tlz=01;31:*.txz=01;31:*.tzo=01;31:*.t7z=01;31:*.zip=01;31:*.z=01;31:*.dz=01;31:*.gz=01;31:*.lrz=01;31:*.lz=01;31:*.lzo=01;31:*.xz=01;31:*.zst=01;31:*.tzst=01;31:*.bz2=01;31:*.bz=01;31:*.tbz=01;31:*.tbz2=01;31:*.tz=01;31:*.deb=01;31:*.rpm=01;31:*.jar=01;31:*.war=01;31:*.ear=01;31:*.sar=01;31:*.rar=01;31:*.alz=01;31:*.ace=01;31:*.zoo=01;31:*.cpio=01;31:*.7z=01;31:*.rz=01;31:*.cab=01;31:*.wim=01;31:*.swm=01;31:*.dwm=01;31:*.esd=01;31:*.jpg=01;35:*.jpeg=01;35:*.mjpg=01;35:*.mjpeg=01;35:*.gif=01;35:*.bmp=01;35:*.pbm=01;35:*.pgm=01;35:*.ppm=01;35:*.tga=01;35:*.xbm=01;35:*.xpm=01;35:*.tif=01;35:*.tiff=01;35:*.png=01;35:*.svg=01;35:*.svgz=01;35:*.mng=01;35:*.pcx=01;35:*.mov=01;35:*.mpg=01;35:*.mpeg=01;35:*.m2v=01;35:*.mkv=01;35:*.webm=01;35:*.webp=01;35:*.ogm=01;35:*.mp4=01;35:*.m4v=01;35:*.mp4v=01;35:*.vob=01;35:*.qt=01;35:*.nuv=01;35:*.wmv=01;35:*.asf=01;35:*.rm=01;35:*.rmvb=01;35:*.flc=01;35:*.avi=01;35:*.fli=01;35:*.flv=01;35:*.gl=01;35:*.dl=01;35:*.xcf=01;35:*.xwd=01;35:*.yuv=01;35:*.cgm=01;35:*.emf=01;35:*.ogv=01;35:*.ogx=01;35:*.aac=00;36:*.au=00;36:*.flac=00;36:*.m4a=00;36:*.mid=00;36:*.midi=00;36:*.mka=00;36:*.mp3=00;36:*.mpc=00;36:*.ogg=00;36:*.ra=00;36:*.wav=00;36:*.oga=00;36:*.opus=00;36:*.spx=00;36:*.xspf=00;36:', 'VSCODE_GIT_IPC_HANDLE': '/run/user/1007/vscode-git-62d08c1e57.sock', 'TERM_PROGRAM': 'vscode', 'SSH_AGENT_LAUNCHER': 'gnome-keyring', 'SSH_AUTH_SOCK': '/run/user/1007/keyring/ssh', 'GSETTINGS_SCHEMA_DIR': '/home/htrice/snap/code/205/.local/share/glib-2.0/schemas', 'AMENT_PREFIX_PATH': '/home/htrice/go2_ros2_curr/install/go2_interfaces:/opt/ros/humble', 'ORIGINAL_XDG_CURRENT_DESKTOP': 'ubuntu:GNOME', 'SHELL': '/bin/bash', 'QT_ACCESSIBILITY': '1', 'GDMSESSION': 'ubuntu', 'LESSCLOSE': '/usr/bin/lesspipe %s %s', 'GTK_PATH_VSCODE_SNAP_ORIG': '', 'FONTCONFIG_FILE': '/etc/fonts/fonts.conf', 'GTK_IM_MODULE_FILE_VSCODE_SNAP_ORIG': '', 'GPG_AGENT_INFO': '/run/user/1007/gnupg/S.gpg-agent:0:1', 'GJS_DEBUG_OUTPUT': 'stderr', 'VSCODE_GIT_ASKPASS_EXTRA_ARGS': '', 'GIT_PAGER': 'cat', 'QT_IM_MODULE': 'ibus', 'PWD': '/home/htrice/go2_ros2_curr/build/go2_robot_sdk', 'XDG_CONFIG_DIRS': '/etc/xdg/xdg-ubuntu:/etc/xdg', 'XDG_DATA_DIRS': '/home/htrice/snap/code/205/.local/share:/home/htrice/snap/code/205:/snap/code/205/usr/share:/usr/share/ubuntu:/usr/share/gnome:/usr/local/share/:/usr/share/:/var/lib/snapd/desktop', 'PYTHONPATH': '/home/htrice/go2_ros2_curr/build/go2_robot_sdk/prefix_override:/usr/lib/python3/dist-packages/colcon_core/task/python/colcon_distutils_commands:/home/htrice/go2_ros2_curr/install/go2_robot_sdk/lib/python3.10/site-packages:/home/htrice/go2_ros2_curr/install/go2_interfaces/local/lib/python3.10/dist-packages:/opt/ros/humble/lib/python3.10/site-packages:/opt/ros/humble/local/lib/python3.10/dist-packages', 'COLCON': '1', 'CMAKE_PREFIX_PATH': '/home/htrice/go2_ros2_curr/install/go2_interfaces'}, 'shell': False}
[21.761341] (-) TimerEvent: {}
[21.861612] (-) TimerEvent: {}
[21.952565] (speech_processor) StdoutLine: {'line': b'running develop\n'}
[21.961713] (-) TimerEvent: {}
[21.972164] (go2_robot_sdk) StdoutLine: {'line': b'running develop\n'}
[22.061816] (-) TimerEvent: {}
[22.114267] (speech_processor) StdoutLine: {'line': b'running egg_info\n'}
[22.114530] (speech_processor) StdoutLine: {'line': b'creating speech_processor.egg-info\n'}
[22.114617] (speech_processor) StdoutLine: {'line': b'writing speech_processor.egg-info/PKG-INFO\n'}
[22.114745] (speech_processor) StdoutLine: {'line': b'writing dependency_links to speech_processor.egg-info/dependency_links.txt\n'}
[22.114907] (speech_processor) StdoutLine: {'line': b'writing entry points to speech_processor.egg-info/entry_points.txt\n'}
[22.115215] (speech_processor) StdoutLine: {'line': b'writing requirements to speech_processor.egg-info/requires.txt\n'}
[22.115396] (speech_processor) StdoutLine: {'line': b'writing top-level names to speech_processor.egg-info/top_level.txt\n'}
[22.115515] (speech_processor) StdoutLine: {'line': b"writing manifest file 'speech_processor.egg-info/SOURCES.txt'\n"}
[22.117102] (speech_processor) StdoutLine: {'line': b"reading manifest file 'speech_processor.egg-info/SOURCES.txt'\n"}
[22.117635] (speech_processor) StdoutLine: {'line': b"writing manifest file 'speech_processor.egg-info/SOURCES.txt'\n"}
[22.118763] (speech_processor) StdoutLine: {'line': b'running build_ext\n'}
[22.118899] (speech_processor) StdoutLine: {'line': b'Creating /home/htrice/go2_ros2_curr/install/speech_processor/lib/python3.10/site-packages/speech-processor.egg-link (link to .)\n'}
[22.119501] (speech_processor) StdoutLine: {'line': b'Installing audio_manager script to /home/htrice/go2_ros2_curr/install/speech_processor/lib/speech_processor\n'}
[22.119629] (speech_processor) StdoutLine: {'line': b'Installing speech_synthesizer script to /home/htrice/go2_ros2_curr/install/speech_processor/lib/speech_processor\n'}
[22.119738] (speech_processor) StdoutLine: {'line': b'Installing tts_node script to /home/htrice/go2_ros2_curr/install/speech_processor/lib/speech_processor\n'}
[22.119852] (speech_processor) StdoutLine: {'line': b'\n'}
[22.119935] (speech_processor) StdoutLine: {'line': b'Installed /home/htrice/go2_ros2_curr/build/speech_processor\n'}
[22.120074] (speech_processor) StdoutLine: {'line': b'running symlink_data\n'}
[22.120170] (speech_processor) StdoutLine: {'line': b'creating /home/htrice/go2_ros2_curr/install/speech_processor/share/ament_index\n'}
[22.120253] (speech_processor) StdoutLine: {'line': b'creating /home/htrice/go2_ros2_curr/install/speech_processor/share/ament_index/resource_index\n'}
[22.120334] (speech_processor) StdoutLine: {'line': b'creating /home/htrice/go2_ros2_curr/install/speech_processor/share/ament_index/resource_index/packages\n'}
[22.120456] (speech_processor) StdoutLine: {'line': b'symbolically linking /home/htrice/go2_ros2_curr/build/speech_processor/resource/speech_processor -> /home/htrice/go2_ros2_curr/install/speech_processor/share/ament_index/resource_index/packages\n'}
[22.120537] (speech_processor) StdoutLine: {'line': b'symbolically linking /home/htrice/go2_ros2_curr/build/speech_processor/package.xml -> /home/htrice/go2_ros2_curr/install/speech_processor/share/speech_processor\n'}
[22.138871] (speech_processor) CommandEnded: {'returncode': 0}
[22.141513] (go2_robot_sdk) StdoutLine: {'line': b'running egg_info\n'}
[22.141637] (go2_robot_sdk) StdoutLine: {'line': b'creating go2_robot_sdk.egg-info\n'}
[22.141764] (go2_robot_sdk) StdoutLine: {'line': b'writing go2_robot_sdk.egg-info/PKG-INFO\n'}
[22.141905] (go2_robot_sdk) StdoutLine: {'line': b'writing dependency_links to go2_robot_sdk.egg-info/dependency_links.txt\n'}
[22.142036] (go2_robot_sdk) StdoutLine: {'line': b'writing entry points to go2_robot_sdk.egg-info/entry_points.txt\n'}
[22.142194] (go2_robot_sdk) StdoutLine: {'line': b'writing requirements to go2_robot_sdk.egg-info/requires.txt\n'}
[22.142283] (go2_robot_sdk) StdoutLine: {'line': b'writing top-level names to go2_robot_sdk.egg-info/top_level.txt\n'}
[22.142470] (go2_robot_sdk) StdoutLine: {'line': b"writing manifest file 'go2_robot_sdk.egg-info/SOURCES.txt'\n"}
[22.145410] (go2_robot_sdk) StdoutLine: {'line': b"reading manifest file 'go2_robot_sdk.egg-info/SOURCES.txt'\n"}
[22.146929] (go2_robot_sdk) StdoutLine: {'line': b"writing manifest file 'go2_robot_sdk.egg-info/SOURCES.txt'\n"}
[22.147743] (go2_robot_sdk) StdoutLine: {'line': b'running build_ext\n'}
[22.147874] (go2_robot_sdk) StdoutLine: {'line': b'Creating /home/htrice/go2_ros2_curr/install/go2_robot_sdk/lib/python3.10/site-packages/go2-robot-sdk.egg-link (link to .)\n'}
[22.148452] (go2_robot_sdk) StdoutLine: {'line': b'Installing go2_driver_node script to /home/htrice/go2_ros2_curr/install/go2_robot_sdk/lib/go2_robot_sdk\n'}
[22.148692] (go2_robot_sdk) StdoutLine: {'line': b'\n'}
[22.148780] (go2_robot_sdk) StdoutLine: {'line': b'Installed /home/htrice/go2_ros2_curr/build/go2_robot_sdk\n'}
[22.148865] (go2_robot_sdk) StdoutLine: {'line': b'running symlink_data\n'}
[22.148998] (go2_robot_sdk) StdoutLine: {'line': b'creating /home/htrice/go2_ros2_curr/install/go2_robot_sdk/share/ament_index\n'}
[22.149251] (go2_robot_sdk) StdoutLine: {'line': b'creating /home/htrice/go2_ros2_curr/install/go2_robot_sdk/share/ament_index/resource_index\n'}
[22.149344] (go2_robot_sdk) StdoutLine: {'line': b'creating /home/htrice/go2_ros2_curr/install/go2_robot_sdk/share/ament_index/resource_index/packages\n'}
[22.149447] (go2_robot_sdk) StdoutLine: {'line': b'symbolically linking /home/htrice/go2_ros2_curr/build/go2_robot_sdk/resource/go2_robot_sdk -> /home/htrice/go2_ros2_curr/install/go2_robot_sdk/share/ament_index/resource_index/packages\n'}
[22.149533] (go2_robot_sdk) StdoutLine: {'line': b'symbolically linking /home/htrice/go2_ros2_curr/build/go2_robot_sdk/package.xml -> /home/htrice/go2_ros2_curr/install/go2_robot_sdk/share/go2_robot_sdk\n'}
[22.149618] (go2_robot_sdk) StdoutLine: {'line': b'creating /home/htrice/go2_ros2_curr/install/go2_robot_sdk/share/go2_robot_sdk/launch\n'}
[22.149712] (go2_robot_sdk) StdoutLine: {'line': b'symbolically linking /home/htrice/go2_ros2_curr/build/go2_robot_sdk/launch/robot.launch.py -> /home/htrice/go2_ros2_curr/install/go2_robot_sdk/share/go2_robot_sdk/launch\n'}
[22.149796] (go2_robot_sdk) StdoutLine: {'line': b'symbolically linking /home/htrice/go2_ros2_curr/build/go2_robot_sdk/launch/webrtc_web.launch.py -> /home/htrice/go2_ros2_curr/install/go2_robot_sdk/share/go2_robot_sdk/launch\n'}
[22.149878] (go2_robot_sdk) StdoutLine: {'line': b'creating /home/htrice/go2_ros2_curr/install/go2_robot_sdk/share/go2_robot_sdk/urdf\n'}
[22.149962] (go2_robot_sdk) StdoutLine: {'line': b'symbolically linking /home/htrice/go2_ros2_curr/build/go2_robot_sdk/urdf/go2_on_steroids.urdf -> /home/htrice/go2_ros2_curr/install/go2_robot_sdk/share/go2_robot_sdk/urdf\n'}
[22.150096] (go2_robot_sdk) StdoutLine: {'line': b'symbolically linking /home/htrice/go2_ros2_curr/build/go2_robot_sdk/urdf/go2_with_realsense.urdf -> /home/htrice/go2_ros2_curr/install/go2_robot_sdk/share/go2_robot_sdk/urdf\n'}
[22.150331] (go2_robot_sdk) StdoutLine: {'line': b'symbolically linking /home/htrice/go2_ros2_curr/build/go2_robot_sdk/urdf/go2.urdf -> /home/htrice/go2_ros2_curr/install/go2_robot_sdk/share/go2_robot_sdk/urdf\n'}
[22.150421] (go2_robot_sdk) StdoutLine: {'line': b'symbolically linking /home/htrice/go2_ros2_curr/build/go2_robot_sdk/urdf/multi_go2.urdf -> /home/htrice/go2_ros2_curr/install/go2_robot_sdk/share/go2_robot_sdk/urdf\n'}
[22.150606] (go2_robot_sdk) StdoutLine: {'line': b'creating /home/htrice/go2_ros2_curr/install/go2_robot_sdk/share/go2_robot_sdk/dae\n'}
[22.150692] (go2_robot_sdk) StdoutLine: {'line': b'symbolically linking /home/htrice/go2_ros2_curr/build/go2_robot_sdk/dae/calf.dae -> /home/htrice/go2_ros2_curr/install/go2_robot_sdk/share/go2_robot_sdk/dae\n'}
[22.150777] (go2_robot_sdk) StdoutLine: {'line': b'symbolically linking /home/htrice/go2_ros2_curr/build/go2_robot_sdk/dae/calf_mirror.dae -> /home/htrice/go2_ros2_curr/install/go2_robot_sdk/share/go2_robot_sdk/dae\n'}
[22.151353] (go2_robot_sdk) StdoutLine: {'line': b'symbolically linking /home/htrice/go2_ros2_curr/build/go2_robot_sdk/dae/base.dae -> /home/htrice/go2_ros2_curr/install/go2_robot_sdk/share/go2_robot_sdk/dae\n'}
[22.151580] (go2_robot_sdk) StdoutLine: {'line': b'symbolically linking /home/htrice/go2_ros2_curr/build/go2_robot_sdk/dae/thigh_mirror.dae -> /home/htrice/go2_ros2_curr/install/go2_robot_sdk/share/go2_robot_sdk/dae\n'}
[22.151676] (go2_robot_sdk) StdoutLine: {'line': b'symbolically linking /home/htrice/go2_ros2_curr/build/go2_robot_sdk/dae/hip.dae -> /home/htrice/go2_ros2_curr/install/go2_robot_sdk/share/go2_robot_sdk/dae\n'}
[22.151760] (go2_robot_sdk) StdoutLine: {'line': b'symbolically linking /home/htrice/go2_ros2_curr/build/go2_robot_sdk/dae/thigh.dae -> /home/htrice/go2_ros2_curr/install/go2_robot_sdk/share/go2_robot_sdk/dae\n'}
[22.151844] (go2_robot_sdk) StdoutLine: {'line': b'symbolically linking /home/htrice/go2_ros2_curr/build/go2_robot_sdk/dae/foot.dae -> /home/htrice/go2_ros2_curr/install/go2_robot_sdk/share/go2_robot_sdk/dae\n'}
[22.151925] (go2_robot_sdk) StdoutLine: {'line': b'creating /home/htrice/go2_ros2_curr/install/go2_robot_sdk/share/go2_robot_sdk/meshes\n'}
[22.152007] (go2_robot_sdk) StdoutLine: {'line': b'symbolically linking /home/htrice/go2_ros2_curr/build/go2_robot_sdk/meshes/front_d_camera.STL -> /home/htrice/go2_ros2_curr/install/go2_robot_sdk/share/go2_robot_sdk/meshes\n'}
[22.152196] (go2_robot_sdk) StdoutLine: {'line': b'symbolically linking /home/htrice/go2_ros2_curr/build/go2_robot_sdk/meshes/right_d_camera.STL -> /home/htrice/go2_ros2_curr/install/go2_robot_sdk/share/go2_robot_sdk/meshes\n'}
[22.152284] (go2_robot_sdk) StdoutLine: {'line': b'symbolically linking /home/htrice/go2_ros2_curr/build/go2_robot_sdk/meshes/base.STL -> /home/htrice/go2_ros2_curr/install/go2_robot_sdk/share/go2_robot_sdk/meshes\n'}
[22.152366] (go2_robot_sdk) StdoutLine: {'line': b'symbolically linking /home/htrice/go2_ros2_curr/build/go2_robot_sdk/meshes/left_d_camera.STL -> /home/htrice/go2_ros2_curr/install/go2_robot_sdk/share/go2_robot_sdk/meshes\n'}
[22.152448] (go2_robot_sdk) StdoutLine: {'line': b'symbolically linking /home/htrice/go2_ros2_curr/build/go2_robot_sdk/meshes/lidar_link.STL -> /home/htrice/go2_ros2_curr/install/go2_robot_sdk/share/go2_robot_sdk/meshes\n'}
[22.152530] (go2_robot_sdk) StdoutLine: {'line': b'creating /home/htrice/go2_ros2_curr/install/go2_robot_sdk/share/go2_robot_sdk/config\n'}
[22.152610] (go2_robot_sdk) StdoutLine: {'line': b'symbolically linking /home/htrice/go2_ros2_curr/build/go2_robot_sdk/config/twist_mux.yaml -> /home/htrice/go2_ros2_curr/install/go2_robot_sdk/share/go2_robot_sdk/config\n'}
[22.152693] (go2_robot_sdk) StdoutLine: {'line': b'symbolically linking /home/htrice/go2_ros2_curr/build/go2_robot_sdk/config/mapper_params_online_async.yaml -> /home/htrice/go2_ros2_curr/install/go2_robot_sdk/share/go2_robot_sdk/config\n'}
[22.152776] (go2_robot_sdk) StdoutLine: {'line': b'symbolically linking /home/htrice/go2_ros2_curr/build/go2_robot_sdk/config/cyclonedds_config.rviz -> /home/htrice/go2_ros2_curr/install/go2_robot_sdk/share/go2_robot_sdk/config\n'}
[22.152858] (go2_robot_sdk) StdoutLine: {'line': b'symbolically linking /home/htrice/go2_ros2_curr/build/go2_robot_sdk/config/single_robot_conf.rviz -> /home/htrice/go2_ros2_curr/install/go2_robot_sdk/share/go2_robot_sdk/config\n'}
[22.152941] (go2_robot_sdk) StdoutLine: {'line': b'symbolically linking /home/htrice/go2_ros2_curr/build/go2_robot_sdk/config/multi_robot_conf.rviz -> /home/htrice/go2_ros2_curr/install/go2_robot_sdk/share/go2_robot_sdk/config\n'}
[22.153023] (go2_robot_sdk) StdoutLine: {'line': b'symbolically linking /home/htrice/go2_ros2_curr/build/go2_robot_sdk/config/nav2_params.yaml -> /home/htrice/go2_ros2_curr/install/go2_robot_sdk/share/go2_robot_sdk/config\n'}
[22.153129] (go2_robot_sdk) StdoutLine: {'line': b'symbolically linking /home/htrice/go2_ros2_curr/build/go2_robot_sdk/config/joystick.yaml -> /home/htrice/go2_ros2_curr/install/go2_robot_sdk/share/go2_robot_sdk/config\n'}
[22.153212] (go2_robot_sdk) StdoutLine: {'line': b'creating /home/htrice/go2_ros2_curr/install/go2_robot_sdk/share/go2_robot_sdk/calibration\n'}
[22.153293] (go2_robot_sdk) StdoutLine: {'line': b'symbolically linking /home/htrice/go2_ros2_curr/build/go2_robot_sdk/calibration/front_camera_720.yaml -> /home/htrice/go2_ros2_curr/install/go2_robot_sdk/share/go2_robot_sdk/calibration\n'}
[22.153374] (go2_robot_sdk) StdoutLine: {'line': b'symbolically linking /home/htrice/go2_ros2_curr/build/go2_robot_sdk/calibration/front_camera_1080.yaml -> /home/htrice/go2_ros2_curr/install/go2_robot_sdk/share/go2_robot_sdk/calibration\n'}
[22.153457] (go2_robot_sdk) StdoutLine: {'line': b'creating /home/htrice/go2_ros2_curr/install/go2_robot_sdk/share/go2_robot_sdk/external_lib\n'}
[22.153537] (go2_robot_sdk) StdoutLine: {'line': b'symbolically linking /home/htrice/go2_ros2_curr/build/go2_robot_sdk/external_lib/libvoxel.wasm -> /home/htrice/go2_ros2_curr/install/go2_robot_sdk/share/go2_robot_sdk/external_lib\n'}
[22.153782] (go2_robot_sdk) StdoutLine: {'line': b'creating /home/htrice/go2_ros2_curr/install/go2_robot_sdk/share/go2_robot_sdk/external_lib/aioice\n'}
[22.153868] (go2_robot_sdk) StdoutLine: {'line': b'symbolically linking /home/htrice/go2_ros2_curr/build/go2_robot_sdk/external_lib/aioice/src/aioice/turn.py -> /home/htrice/go2_ros2_curr/install/go2_robot_sdk/share/go2_robot_sdk/external_lib/aioice\n'}
[22.153959] (go2_robot_sdk) StdoutLine: {'line': b'symbolically linking /home/htrice/go2_ros2_curr/build/go2_robot_sdk/external_lib/aioice/src/aioice/mdns.py -> /home/htrice/go2_ros2_curr/install/go2_robot_sdk/share/go2_robot_sdk/external_lib/aioice\n'}
[22.154050] (go2_robot_sdk) StdoutLine: {'line': b'symbolically linking /home/htrice/go2_ros2_curr/build/go2_robot_sdk/external_lib/aioice/src/aioice/utils.py -> /home/htrice/go2_ros2_curr/install/go2_robot_sdk/share/go2_robot_sdk/external_lib/aioice\n'}
[22.154179] (go2_robot_sdk) StdoutLine: {'line': b'symbolically linking /home/htrice/go2_ros2_curr/build/go2_robot_sdk/external_lib/aioice/src/aioice/candidate.py -> /home/htrice/go2_ros2_curr/install/go2_robot_sdk/share/go2_robot_sdk/external_lib/aioice\n'}
[22.154262] (go2_robot_sdk) StdoutLine: {'line': b'symbolically linking /home/htrice/go2_ros2_curr/build/go2_robot_sdk/external_lib/aioice/src/aioice/ice.py -> /home/htrice/go2_ros2_curr/install/go2_robot_sdk/share/go2_robot_sdk/external_lib/aioice\n'}
[22.154345] (go2_robot_sdk) StdoutLine: {'line': b'symbolically linking /home/htrice/go2_ros2_curr/build/go2_robot_sdk/external_lib/aioice/src/aioice/__init__.py -> /home/htrice/go2_ros2_curr/install/go2_robot_sdk/share/go2_robot_sdk/external_lib/aioice\n'}
[22.154426] (go2_robot_sdk) StdoutLine: {'line': b'symbolically linking /home/htrice/go2_ros2_curr/build/go2_robot_sdk/external_lib/aioice/src/aioice/stun.py -> /home/htrice/go2_ros2_curr/install/go2_robot_sdk/share/go2_robot_sdk/external_lib/aioice\n'}
[22.154733] (go2_robot_sdk) StdoutLine: {'line': b'symbolically linking /home/htrice/go2_ros2_curr/build/go2_robot_sdk/external_lib/aioice/src/aioice/py.typed -> /home/htrice/go2_ros2_curr/install/go2_robot_sdk/share/go2_robot_sdk/external_lib/aioice\n'}
[22.155863] (speech_processor) JobEnded: {'identifier': 'speech_processor', 'rc': 0}
[22.161890] (-) TimerEvent: {}
[22.177153] (go2_robot_sdk) CommandEnded: {'returncode': 0}
[22.189769] (go2_robot_sdk) JobEnded: {'identifier': 'go2_robot_sdk', 'rc': 0}
[22.190464] (-) EventReactorShutdown: {}
