[0.023s] Invoking command in '/home/htrice/go2_ros2_curr/build/go2_interfaces': CMAKE_PREFIX_PATH=${CMAKE_PREFIX_PATH}:/home/htrice/go2_ros2_curr/install/yolo_detector:/home/htrice/go2_ros2_curr/install/speech_processor:/home/htrice/go2_ros2_curr/install/lidar_processor:/home/htrice/go2_ros2_curr/install/go2_robot_sdk:/home/htrice/go2_ros2_curr/install/coco_detector:/opt/ros/humble /usr/bin/cmake /home/htrice/go2_ros2_curr/src/go2_interfaces -DAMENT_CMAKE_SYMLINK_INSTALL=1 -DCMAKE_INSTALL_PREFIX=/home/htrice/go2_ros2_curr/install/go2_interfaces
[0.494s] -- The C compiler identification is GNU 11.4.0
[0.495s] -- The CXX compiler identification is GNU 11.4.0
[0.495s] -- Detecting C compiler ABI info
[0.495s] -- Detecting C compiler ABI info - done
[0.495s] -- Check for working C compiler: /usr/bin/cc - skipped
[0.496s] -- Detecting C compile features
[0.496s] -- Detecting C compile features - done
[0.496s] -- Detecting CXX compiler ABI info
[0.553s] -- Detecting CXX compiler ABI info - done
[0.566s] -- Check for working CXX compiler: /usr/bin/c++ - skipped
[0.567s] -- Detecting CXX compile features
[0.567s] -- Detecting CXX compile features - done
[0.576s] -- Found ament_cmake: 1.3.11 (/opt/ros/humble/share/ament_cmake/cmake)
[0.763s] -- Found Python3: /usr/bin/python3 (found version "3.10.12") found components: Interpreter 
[0.837s] -- Override CMake install command with custom implementation using symlinks instead of copying resources
[0.907s] -- Found geometry_msgs: 4.8.0 (/opt/ros/humble/share/geometry_msgs/cmake)
[0.993s] -- Found rosidl_generator_c: 3.1.6 (/opt/ros/humble/share/rosidl_generator_c/cmake)
[1.005s] -- Found rosidl_adapter: 3.1.6 (/opt/ros/humble/share/rosidl_adapter/cmake)
[1.020s] -- Found rosidl_generator_cpp: 3.1.6 (/opt/ros/humble/share/rosidl_generator_cpp/cmake)
[1.043s] -- Using all available rosidl_typesupport_c: rosidl_typesupport_fastrtps_c;rosidl_typesupport_introspection_c
[1.072s] -- Using all available rosidl_typesupport_cpp: rosidl_typesupport_fastrtps_cpp;rosidl_typesupport_introspection_cpp
[1.118s] -- Found rosidl_default_generators: 1.2.0 (/opt/ros/humble/share/rosidl_default_generators/cmake)
[1.630s] -- Found ament_cmake_ros: 0.10.0 (/opt/ros/humble/share/ament_cmake_ros/cmake)
[2.246s] -- Using all available rosidl_typesupport_c: rosidl_typesupport_fastrtps_c;rosidl_typesupport_introspection_c
[2.511s] -- Using all available rosidl_typesupport_cpp: rosidl_typesupport_fastrtps_cpp;rosidl_typesupport_introspection_cpp
[2.548s] -- Found PythonInterp: /usr/bin/python3 (found suitable version "3.10.12", minimum required is "3.6") 
[2.552s] -- Found python_cmake_module: 0.10.0 (/opt/ros/humble/share/python_cmake_module/cmake)
[2.594s] -- Found PythonLibs: /usr/lib/x86_64-linux-gnu/libpython3.10.so (found suitable version "3.10.12", minimum required is "3.5") 
[2.594s] -- Using PYTHON_EXECUTABLE: /usr/bin/python3
[2.594s] -- Using PYTHON_INCLUDE_DIRS: /usr/include/python3.10
[2.594s] -- Using PYTHON_LIBRARIES: /usr/lib/x86_64-linux-gnu/libpython3.10.so
[2.625s] -- Found PythonExtra: .so  
[2.766s] -- Configuring done
[2.860s] -- Generating done
[2.874s] -- Build files have been written to: /home/htrice/go2_ros2_curr/build/go2_interfaces
[2.882s] Invoked command in '/home/htrice/go2_ros2_curr/build/go2_interfaces' returned '0': CMAKE_PREFIX_PATH=${CMAKE_PREFIX_PATH}:/home/htrice/go2_ros2_curr/install/yolo_detector:/home/htrice/go2_ros2_curr/install/speech_processor:/home/htrice/go2_ros2_curr/install/lidar_processor:/home/htrice/go2_ros2_curr/install/go2_robot_sdk:/home/htrice/go2_ros2_curr/install/coco_detector:/opt/ros/humble /usr/bin/cmake /home/htrice/go2_ros2_curr/src/go2_interfaces -DAMENT_CMAKE_SYMLINK_INSTALL=1 -DCMAKE_INSTALL_PREFIX=/home/htrice/go2_ros2_curr/install/go2_interfaces
[2.885s] Invoking command in '/home/htrice/go2_ros2_curr/build/go2_interfaces': CMAKE_PREFIX_PATH=${CMAKE_PREFIX_PATH}:/home/htrice/go2_ros2_curr/install/yolo_detector:/home/htrice/go2_ros2_curr/install/speech_processor:/home/htrice/go2_ros2_curr/install/lidar_processor:/home/htrice/go2_ros2_curr/install/go2_robot_sdk:/home/htrice/go2_ros2_curr/install/coco_detector:/opt/ros/humble /usr/bin/cmake --build /home/htrice/go2_ros2_curr/build/go2_interfaces -- -j16 -l16
[2.956s] [  1%] [34m[1mGenerating C code for ROS interfaces[0m
[2.968s] [  1%] [34m[1mGenerating C++ code for ROS interfaces[0m
[2.980s] [  1%] Built target ament_cmake_python_symlink_go2_interfaces
[3.222s] running egg_info
[3.222s] creating go2_interfaces.egg-info
[3.222s] writing go2_interfaces.egg-info/PKG-INFO
[3.222s] writing dependency_links to go2_interfaces.egg-info/dependency_links.txt
[3.222s] writing top-level names to go2_interfaces.egg-info/top_level.txt
[3.222s] writing manifest file 'go2_interfaces.egg-info/SOURCES.txt'
[3.224s] reading manifest file 'go2_interfaces.egg-info/SOURCES.txt'
[3.224s] writing manifest file 'go2_interfaces.egg-info/SOURCES.txt'
[3.251s] [  1%] Built target ament_cmake_python_build_go2_interfaces_egg
[4.888s] [  1%] [32mBuilding C object CMakeFiles/go2_interfaces__rosidl_generator_c.dir/rosidl_generator_c/go2_interfaces/msg/detail/go2_cmd__functions.c.o[0m
[4.889s] [  1%] [32mBuilding C object CMakeFiles/go2_interfaces__rosidl_generator_c.dir/rosidl_generator_c/go2_interfaces/msg/detail/go2_rpy_cmd__functions.c.o[0m
[4.889s] [  2%] [32mBuilding C object CMakeFiles/go2_interfaces__rosidl_generator_c.dir/rosidl_generator_c/go2_interfaces/msg/detail/go2_move__functions.c.o[0m
[4.894s] [  2%] [32mBuilding C object CMakeFiles/go2_interfaces__rosidl_generator_c.dir/rosidl_generator_c/go2_interfaces/msg/detail/go2_state__functions.c.o[0m
[4.899s] [  3%] [32mBuilding C object CMakeFiles/go2_interfaces__rosidl_generator_c.dir/rosidl_generator_c/go2_interfaces/msg/detail/error__functions.c.o[0m
[4.901s] [  3%] [32mBuilding C object CMakeFiles/go2_interfaces__rosidl_generator_c.dir/rosidl_generator_c/go2_interfaces/msg/detail/audio_data__functions.c.o[0m
[4.902s] [  3%] [32mBuilding C object CMakeFiles/go2_interfaces__rosidl_generator_c.dir/rosidl_generator_c/go2_interfaces/msg/detail/imu__functions.c.o[0m
[4.903s] [  2%] [32mBuilding C object CMakeFiles/go2_interfaces__rosidl_generator_c.dir/rosidl_generator_c/go2_interfaces/msg/detail/bms_cmd__functions.c.o[0m
[4.904s] [  4%] [32mBuilding C object CMakeFiles/go2_interfaces__rosidl_generator_c.dir/rosidl_generator_c/go2_interfaces/msg/detail/bms_state__functions.c.o[0m
[4.911s] [  4%] [32mBuilding C object CMakeFiles/go2_interfaces__rosidl_generator_c.dir/rosidl_generator_c/go2_interfaces/msg/detail/go2_front_video_data__functions.c.o[0m
[4.916s] [  5%] [32mBuilding C object CMakeFiles/go2_interfaces__rosidl_generator_c.dir/rosidl_generator_c/go2_interfaces/msg/detail/height_map__functions.c.o[0m
[4.926s] [  5%] [32mBuilding C object CMakeFiles/go2_interfaces__rosidl_generator_c.dir/rosidl_generator_c/go2_interfaces/msg/detail/interface_config__functions.c.o[0m
[4.933s] [  5%] [32mBuilding C object CMakeFiles/go2_interfaces__rosidl_generator_c.dir/rosidl_generator_c/go2_interfaces/msg/detail/lidar_state__functions.c.o[0m
[4.945s] [  6%] [32mBuilding C object CMakeFiles/go2_interfaces__rosidl_generator_c.dir/rosidl_generator_c/go2_interfaces/msg/detail/low_cmd__functions.c.o[0m
[4.950s] [  6%] [32mBuilding C object CMakeFiles/go2_interfaces__rosidl_generator_c.dir/rosidl_generator_c/go2_interfaces/msg/detail/low_state__functions.c.o[0m
[4.999s] [  7%] [32mBuilding C object CMakeFiles/go2_interfaces__rosidl_generator_c.dir/rosidl_generator_c/go2_interfaces/msg/detail/motor_cmd__functions.c.o[0m
[4.999s] [  7%] [32mBuilding C object CMakeFiles/go2_interfaces__rosidl_generator_c.dir/rosidl_generator_c/go2_interfaces/msg/detail/motor_cmds__functions.c.o[0m
[4.999s] [  8%] [32mBuilding C object CMakeFiles/go2_interfaces__rosidl_generator_c.dir/rosidl_generator_c/go2_interfaces/msg/detail/res__functions.c.o[0m
[4.999s] [  8%] [32mBuilding C object CMakeFiles/go2_interfaces__rosidl_generator_c.dir/rosidl_generator_c/go2_interfaces/msg/detail/req__functions.c.o[0m
[4.999s] [  9%] [32mBuilding C object CMakeFiles/go2_interfaces__rosidl_generator_c.dir/rosidl_generator_c/go2_interfaces/msg/detail/motor_states__functions.c.o[0m
[4.999s] [  9%] [32mBuilding C object CMakeFiles/go2_interfaces__rosidl_generator_c.dir/rosidl_generator_c/go2_interfaces/msg/detail/sport_mode_cmd__functions.c.o[0m
[5.001s] [  9%] [32mBuilding C object CMakeFiles/go2_interfaces__rosidl_generator_c.dir/rosidl_generator_c/go2_interfaces/msg/detail/path_point__functions.c.o[0m
[5.003s] [  9%] [32mBuilding C object CMakeFiles/go2_interfaces__rosidl_generator_c.dir/rosidl_generator_c/go2_interfaces/msg/detail/motor_state__functions.c.o[0m
[5.005s] [  9%] [32mBuilding C object CMakeFiles/go2_interfaces__rosidl_generator_c.dir/rosidl_generator_c/go2_interfaces/msg/detail/sport_mode_state__functions.c.o[0m
[5.015s] [ 10%] [32mBuilding C object CMakeFiles/go2_interfaces__rosidl_generator_c.dir/rosidl_generator_c/go2_interfaces/msg/detail/time_spec__functions.c.o[0m
[5.045s] [ 10%] [32mBuilding C object CMakeFiles/go2_interfaces__rosidl_generator_c.dir/rosidl_generator_c/go2_interfaces/msg/detail/uwb_state__functions.c.o[0m
[5.048s] [ 11%] [32mBuilding C object CMakeFiles/go2_interfaces__rosidl_generator_c.dir/rosidl_generator_c/go2_interfaces/msg/detail/uwb_switch__functions.c.o[0m
[5.056s] [ 11%] [32mBuilding C object CMakeFiles/go2_interfaces__rosidl_generator_c.dir/rosidl_generator_c/go2_interfaces/msg/detail/voxel_map_compressed__functions.c.o[0m
[5.068s] [ 11%] [32mBuilding C object CMakeFiles/go2_interfaces__rosidl_generator_c.dir/rosidl_generator_c/go2_interfaces/msg/detail/voxel_height_map_state__functions.c.o[0m
[5.068s] [ 12%] [32mBuilding C object CMakeFiles/go2_interfaces__rosidl_generator_c.dir/rosidl_generator_c/go2_interfaces/msg/detail/web_rtc_req__functions.c.o[0m
[5.072s] [ 12%] [32mBuilding C object CMakeFiles/go2_interfaces__rosidl_generator_c.dir/rosidl_generator_c/go2_interfaces/msg/detail/wireless_controller__functions.c.o[0m
[5.131s] [ 12%] Built target go2_interfaces__cpp
[5.132s] [ 12%] [32m[1mLinking C shared library libgo2_interfaces__rosidl_generator_c.so[0m
[5.145s] [ 13%] [34m[1mGenerating C++ type support dispatch for ROS interfaces[0m
[5.145s] [ 14%] [34m[1mGenerating C++ type support for eProsima Fast-RTPS[0m
[5.147s] [ 15%] [34m[1mGenerating C++ introspection for ROS interfaces[0m
[5.186s] [ 15%] Built target go2_interfaces__rosidl_generator_c
[5.200s] [ 17%] [34m[1mGenerating C introspection for ROS interfaces[0m
[5.200s] [ 17%] [34m[1mGenerating C type support dispatch for ROS interfaces[0m
[5.201s] [ 18%] [34m[1mGenerating C type support for eProsima Fast-RTPS[0m
[6.325s] [ 18%] [32mBuilding CXX object CMakeFiles/go2_interfaces__rosidl_typesupport_cpp.dir/rosidl_typesupport_cpp/go2_interfaces/msg/go2_cmd__type_support.cpp.o[0m
[6.326s] [ 18%] [32mBuilding CXX object CMakeFiles/go2_interfaces__rosidl_typesupport_cpp.dir/rosidl_typesupport_cpp/go2_interfaces/msg/go2_state__type_support.cpp.o[0m
[6.331s] [ 19%] [32mBuilding CXX object CMakeFiles/go2_interfaces__rosidl_typesupport_cpp.dir/rosidl_typesupport_cpp/go2_interfaces/msg/go2_move__type_support.cpp.o[0m
[6.331s] [ 18%] [32mBuilding CXX object CMakeFiles/go2_interfaces__rosidl_typesupport_cpp.dir/rosidl_typesupport_cpp/go2_interfaces/msg/go2_rpy_cmd__type_support.cpp.o[0m
[6.334s] [ 19%] [32mBuilding CXX object CMakeFiles/go2_interfaces__rosidl_typesupport_cpp.dir/rosidl_typesupport_cpp/go2_interfaces/msg/imu__type_support.cpp.o[0m
[6.334s] [ 20%] [32mBuilding CXX object CMakeFiles/go2_interfaces__rosidl_typesupport_cpp.dir/rosidl_typesupport_cpp/go2_interfaces/msg/audio_data__type_support.cpp.o[0m
[6.334s] [ 20%] [32mBuilding CXX object CMakeFiles/go2_interfaces__rosidl_typesupport_cpp.dir/rosidl_typesupport_cpp/go2_interfaces/msg/bms_cmd__type_support.cpp.o[0m
[6.335s] [ 20%] [32mBuilding CXX object CMakeFiles/go2_interfaces__rosidl_typesupport_cpp.dir/rosidl_typesupport_cpp/go2_interfaces/msg/bms_state__type_support.cpp.o[0m
[6.344s] [ 21%] [32mBuilding CXX object CMakeFiles/go2_interfaces__rosidl_typesupport_cpp.dir/rosidl_typesupport_cpp/go2_interfaces/msg/error__type_support.cpp.o[0m
[6.353s] [ 21%] [32mBuilding CXX object CMakeFiles/go2_interfaces__rosidl_typesupport_cpp.dir/rosidl_typesupport_cpp/go2_interfaces/msg/go2_front_video_data__type_support.cpp.o[0m
[6.364s] [ 22%] [32mBuilding CXX object CMakeFiles/go2_interfaces__rosidl_typesupport_cpp.dir/rosidl_typesupport_cpp/go2_interfaces/msg/height_map__type_support.cpp.o[0m
[6.381s] [ 22%] [32mBuilding CXX object CMakeFiles/go2_interfaces__rosidl_typesupport_c.dir/rosidl_typesupport_c/go2_interfaces/msg/go2_cmd__type_support.cpp.o[0m
[6.425s] [ 22%] [32mBuilding CXX object CMakeFiles/go2_interfaces__rosidl_typesupport_c.dir/rosidl_typesupport_c/go2_interfaces/msg/go2_state__type_support.cpp.o[0m
[6.473s] [ 23%] [32mBuilding CXX object CMakeFiles/go2_interfaces__rosidl_typesupport_c.dir/rosidl_typesupport_c/go2_interfaces/msg/go2_move__type_support.cpp.o[0m
[6.514s] [ 23%] [32mBuilding CXX object CMakeFiles/go2_interfaces__rosidl_typesupport_c.dir/rosidl_typesupport_c/go2_interfaces/msg/go2_rpy_cmd__type_support.cpp.o[0m
[6.564s] [ 23%] [32mBuilding CXX object CMakeFiles/go2_interfaces__rosidl_typesupport_c.dir/rosidl_typesupport_c/go2_interfaces/msg/imu__type_support.cpp.o[0m
[6.613s] [ 24%] [32mBuilding CXX object CMakeFiles/go2_interfaces__rosidl_typesupport_c.dir/rosidl_typesupport_c/go2_interfaces/msg/audio_data__type_support.cpp.o[0m
[6.660s] [ 24%] [32mBuilding CXX object CMakeFiles/go2_interfaces__rosidl_typesupport_c.dir/rosidl_typesupport_c/go2_interfaces/msg/bms_cmd__type_support.cpp.o[0m
[6.698s] [ 25%] [32mBuilding CXX object CMakeFiles/go2_interfaces__rosidl_typesupport_c.dir/rosidl_typesupport_c/go2_interfaces/msg/bms_state__type_support.cpp.o[0m
[6.698s] [ 25%] [32mBuilding CXX object CMakeFiles/go2_interfaces__rosidl_typesupport_c.dir/rosidl_typesupport_c/go2_interfaces/msg/error__type_support.cpp.o[0m
[6.701s] [ 25%] [32mBuilding CXX object CMakeFiles/go2_interfaces__rosidl_typesupport_c.dir/rosidl_typesupport_c/go2_interfaces/msg/go2_front_video_data__type_support.cpp.o[0m
[6.701s] [ 25%] [32mBuilding CXX object CMakeFiles/go2_interfaces__rosidl_typesupport_cpp.dir/rosidl_typesupport_cpp/go2_interfaces/msg/interface_config__type_support.cpp.o[0m
[6.706s] [ 25%] [32mBuilding CXX object CMakeFiles/go2_interfaces__rosidl_typesupport_cpp.dir/rosidl_typesupport_cpp/go2_interfaces/msg/lidar_state__type_support.cpp.o[0m
[6.710s] [ 25%] [32mBuilding CXX object CMakeFiles/go2_interfaces__rosidl_typesupport_c.dir/rosidl_typesupport_c/go2_interfaces/msg/interface_config__type_support.cpp.o[0m
[6.711s] [ 26%] [32mBuilding CXX object CMakeFiles/go2_interfaces__rosidl_typesupport_c.dir/rosidl_typesupport_c/go2_interfaces/msg/height_map__type_support.cpp.o[0m
[6.716s] [ 27%] [32mBuilding CXX object CMakeFiles/go2_interfaces__rosidl_typesupport_cpp.dir/rosidl_typesupport_cpp/go2_interfaces/msg/low_cmd__type_support.cpp.o[0m
[6.716s] [ 27%] [32mBuilding CXX object CMakeFiles/go2_interfaces__rosidl_typesupport_c.dir/rosidl_typesupport_c/go2_interfaces/msg/lidar_state__type_support.cpp.o[0m
[6.717s] [ 28%] [32mBuilding CXX object CMakeFiles/go2_interfaces__rosidl_typesupport_c.dir/rosidl_typesupport_c/go2_interfaces/msg/low_cmd__type_support.cpp.o[0m
[6.718s] [ 28%] [32mBuilding CXX object CMakeFiles/go2_interfaces__rosidl_typesupport_c.dir/rosidl_typesupport_c/go2_interfaces/msg/low_state__type_support.cpp.o[0m
[6.727s] [ 28%] [32mBuilding CXX object CMakeFiles/go2_interfaces__rosidl_typesupport_cpp.dir/rosidl_typesupport_cpp/go2_interfaces/msg/low_state__type_support.cpp.o[0m
[6.742s] [ 28%] [32mBuilding CXX object CMakeFiles/go2_interfaces__rosidl_typesupport_cpp.dir/rosidl_typesupport_cpp/go2_interfaces/msg/motor_cmd__type_support.cpp.o[0m
[6.743s] [ 29%] [32mBuilding CXX object CMakeFiles/go2_interfaces__rosidl_typesupport_cpp.dir/rosidl_typesupport_cpp/go2_interfaces/msg/motor_cmds__type_support.cpp.o[0m
[6.755s] [ 30%] [32mBuilding CXX object CMakeFiles/go2_interfaces__rosidl_typesupport_c.dir/rosidl_typesupport_c/go2_interfaces/msg/motor_cmds__type_support.cpp.o[0m
[6.757s] [ 30%] [32mBuilding CXX object CMakeFiles/go2_interfaces__rosidl_typesupport_c.dir/rosidl_typesupport_c/go2_interfaces/msg/motor_cmd__type_support.cpp.o[0m
[6.762s] [ 30%] [32mBuilding CXX object CMakeFiles/go2_interfaces__rosidl_typesupport_cpp.dir/rosidl_typesupport_cpp/go2_interfaces/msg/motor_state__type_support.cpp.o[0m
[6.764s] [ 31%] [32mBuilding CXX object CMakeFiles/go2_interfaces__rosidl_typesupport_cpp.dir/rosidl_typesupport_cpp/go2_interfaces/msg/motor_states__type_support.cpp.o[0m
[6.777s] [ 31%] [32mBuilding CXX object CMakeFiles/go2_interfaces__rosidl_typesupport_c.dir/rosidl_typesupport_c/go2_interfaces/msg/motor_state__type_support.cpp.o[0m
[6.779s] [ 32%] [32mBuilding CXX object CMakeFiles/go2_interfaces__rosidl_typesupport_c.dir/rosidl_typesupport_c/go2_interfaces/msg/motor_states__type_support.cpp.o[0m
[6.795s] [ 32%] [32mBuilding CXX object CMakeFiles/go2_interfaces__rosidl_typesupport_cpp.dir/rosidl_typesupport_cpp/go2_interfaces/msg/path_point__type_support.cpp.o[0m
[6.806s] [ 32%] [32mBuilding CXX object CMakeFiles/go2_interfaces__rosidl_typesupport_cpp.dir/rosidl_typesupport_cpp/go2_interfaces/msg/req__type_support.cpp.o[0m
[6.821s] [ 32%] [32mBuilding CXX object CMakeFiles/go2_interfaces__rosidl_typesupport_c.dir/rosidl_typesupport_c/go2_interfaces/msg/path_point__type_support.cpp.o[0m
[6.829s] [ 33%] [32mBuilding CXX object CMakeFiles/go2_interfaces__rosidl_typesupport_cpp.dir/rosidl_typesupport_cpp/go2_interfaces/msg/res__type_support.cpp.o[0m
[6.874s] [ 33%] [32mBuilding CXX object CMakeFiles/go2_interfaces__rosidl_typesupport_c.dir/rosidl_typesupport_c/go2_interfaces/msg/req__type_support.cpp.o[0m
[6.915s] [ 34%] [32mBuilding CXX object CMakeFiles/go2_interfaces__rosidl_typesupport_c.dir/rosidl_typesupport_c/go2_interfaces/msg/res__type_support.cpp.o[0m
[6.960s] [ 34%] [32mBuilding CXX object CMakeFiles/go2_interfaces__rosidl_typesupport_c.dir/rosidl_typesupport_c/go2_interfaces/msg/sport_mode_cmd__type_support.cpp.o[0m
[7.003s] [ 34%] [32mBuilding CXX object CMakeFiles/go2_interfaces__rosidl_typesupport_c.dir/rosidl_typesupport_c/go2_interfaces/msg/sport_mode_state__type_support.cpp.o[0m
[7.026s] [ 35%] [32mBuilding CXX object CMakeFiles/go2_interfaces__rosidl_typesupport_c.dir/rosidl_typesupport_c/go2_interfaces/msg/time_spec__type_support.cpp.o[0m
[7.046s] [ 35%] [32mBuilding CXX object CMakeFiles/go2_interfaces__rosidl_typesupport_cpp.dir/rosidl_typesupport_cpp/go2_interfaces/msg/sport_mode_cmd__type_support.cpp.o[0m
[7.058s] [ 35%] [32mBuilding CXX object CMakeFiles/go2_interfaces__rosidl_typesupport_c.dir/rosidl_typesupport_c/go2_interfaces/msg/uwb_state__type_support.cpp.o[0m
[7.067s] [ 36%] [32mBuilding CXX object CMakeFiles/go2_interfaces__rosidl_typesupport_c.dir/rosidl_typesupport_c/go2_interfaces/msg/uwb_switch__type_support.cpp.o[0m
[7.080s] [ 36%] [32mBuilding CXX object CMakeFiles/go2_interfaces__rosidl_typesupport_cpp.dir/rosidl_typesupport_cpp/go2_interfaces/msg/sport_mode_state__type_support.cpp.o[0m
[7.080s] [ 36%] [32mBuilding CXX object CMakeFiles/go2_interfaces__rosidl_typesupport_c.dir/rosidl_typesupport_c/go2_interfaces/msg/voxel_map_compressed__type_support.cpp.o[0m
[7.091s] [ 36%] [32mBuilding CXX object CMakeFiles/go2_interfaces__rosidl_typesupport_c.dir/rosidl_typesupport_c/go2_interfaces/msg/voxel_height_map_state__type_support.cpp.o[0m
[7.092s] [ 37%] [32mBuilding CXX object CMakeFiles/go2_interfaces__rosidl_typesupport_cpp.dir/rosidl_typesupport_cpp/go2_interfaces/msg/time_spec__type_support.cpp.o[0m
[7.102s] [ 37%] [32mBuilding CXX object CMakeFiles/go2_interfaces__rosidl_typesupport_cpp.dir/rosidl_typesupport_cpp/go2_interfaces/msg/uwb_state__type_support.cpp.o[0m
[7.103s] [ 38%] [32mBuilding CXX object CMakeFiles/go2_interfaces__rosidl_typesupport_c.dir/rosidl_typesupport_c/go2_interfaces/msg/web_rtc_req__type_support.cpp.o[0m
[7.104s] [ 38%] [32mBuilding CXX object CMakeFiles/go2_interfaces__rosidl_typesupport_c.dir/rosidl_typesupport_c/go2_interfaces/msg/wireless_controller__type_support.cpp.o[0m
[7.126s] [ 38%] [32mBuilding CXX object CMakeFiles/go2_interfaces__rosidl_typesupport_cpp.dir/rosidl_typesupport_cpp/go2_interfaces/msg/uwb_switch__type_support.cpp.o[0m
[7.132s] [ 39%] [32mBuilding CXX object CMakeFiles/go2_interfaces__rosidl_typesupport_cpp.dir/rosidl_typesupport_cpp/go2_interfaces/msg/voxel_map_compressed__type_support.cpp.o[0m
[7.136s] [ 39%] [32mBuilding CXX object CMakeFiles/go2_interfaces__rosidl_typesupport_cpp.dir/rosidl_typesupport_cpp/go2_interfaces/msg/voxel_height_map_state__type_support.cpp.o[0m
[7.144s] [ 40%] [32mBuilding CXX object CMakeFiles/go2_interfaces__rosidl_typesupport_cpp.dir/rosidl_typesupport_cpp/go2_interfaces/msg/web_rtc_req__type_support.cpp.o[0m
[7.149s] [ 40%] [32m[1mLinking CXX shared library libgo2_interfaces__rosidl_typesupport_c.so[0m
[7.157s] [ 40%] [32mBuilding CXX object CMakeFiles/go2_interfaces__rosidl_typesupport_cpp.dir/rosidl_typesupport_cpp/go2_interfaces/msg/wireless_controller__type_support.cpp.o[0m
[7.166s] [ 40%] [32mBuilding CXX object CMakeFiles/go2_interfaces__rosidl_typesupport_introspection_cpp.dir/rosidl_typesupport_introspection_cpp/go2_interfaces/msg/detail/go2_cmd__type_support.cpp.o[0m
[7.175s] [ 40%] [32mBuilding CXX object CMakeFiles/go2_interfaces__rosidl_typesupport_introspection_cpp.dir/rosidl_typesupport_introspection_cpp/go2_interfaces/msg/detail/go2_state__type_support.cpp.o[0m
[7.184s] [ 41%] [32mBuilding CXX object CMakeFiles/go2_interfaces__rosidl_typesupport_introspection_cpp.dir/rosidl_typesupport_introspection_cpp/go2_interfaces/msg/detail/go2_move__type_support.cpp.o[0m
[7.222s] [ 41%] Built target go2_interfaces__rosidl_typesupport_c
[7.276s] [ 41%] [32mBuilding CXX object CMakeFiles/go2_interfaces__rosidl_typesupport_introspection_cpp.dir/rosidl_typesupport_introspection_cpp/go2_interfaces/msg/detail/go2_rpy_cmd__type_support.cpp.o[0m
[7.389s] [ 42%] [32mBuilding CXX object CMakeFiles/go2_interfaces__rosidl_typesupport_introspection_cpp.dir/rosidl_typesupport_introspection_cpp/go2_interfaces/msg/detail/imu__type_support.cpp.o[0m
[7.398s] [ 42%] [32mBuilding CXX object CMakeFiles/go2_interfaces__rosidl_typesupport_introspection_cpp.dir/rosidl_typesupport_introspection_cpp/go2_interfaces/msg/detail/audio_data__type_support.cpp.o[0m
[7.425s] [ 43%] [32mBuilding CXX object CMakeFiles/go2_interfaces__rosidl_typesupport_introspection_cpp.dir/rosidl_typesupport_introspection_cpp/go2_interfaces/msg/detail/bms_cmd__type_support.cpp.o[0m
[7.425s] [ 43%] [32mBuilding CXX object CMakeFiles/go2_interfaces__rosidl_typesupport_introspection_cpp.dir/rosidl_typesupport_introspection_cpp/go2_interfaces/msg/detail/bms_state__type_support.cpp.o[0m
[7.433s] [ 43%] [32mBuilding C object CMakeFiles/go2_interfaces__rosidl_typesupport_introspection_c.dir/rosidl_typesupport_introspection_c/go2_interfaces/msg/detail/go2_cmd__type_support.c.o[0m
[7.441s] [ 44%] [32mBuilding C object CMakeFiles/go2_interfaces__rosidl_typesupport_introspection_c.dir/rosidl_typesupport_introspection_c/go2_interfaces/msg/detail/go2_state__type_support.c.o[0m
[7.464s] [ 44%] [32mBuilding CXX object CMakeFiles/go2_interfaces__rosidl_typesupport_introspection_cpp.dir/rosidl_typesupport_introspection_cpp/go2_interfaces/msg/detail/error__type_support.cpp.o[0m
[7.464s] [ 44%] [32mBuilding C object CMakeFiles/go2_interfaces__rosidl_typesupport_introspection_c.dir/rosidl_typesupport_introspection_c/go2_interfaces/msg/detail/go2_move__type_support.c.o[0m
[7.473s] [ 44%] [32mBuilding C object CMakeFiles/go2_interfaces__rosidl_typesupport_introspection_c.dir/rosidl_typesupport_introspection_c/go2_interfaces/msg/detail/go2_rpy_cmd__type_support.c.o[0m
[7.481s] [ 44%] [32m[1mLinking CXX shared library libgo2_interfaces__rosidl_typesupport_cpp.so[0m
[7.488s] [ 45%] [32mBuilding C object CMakeFiles/go2_interfaces__rosidl_typesupport_introspection_c.dir/rosidl_typesupport_introspection_c/go2_interfaces/msg/detail/imu__type_support.c.o[0m
[7.508s] [ 45%] [32mBuilding C object CMakeFiles/go2_interfaces__rosidl_typesupport_introspection_c.dir/rosidl_typesupport_introspection_c/go2_interfaces/msg/detail/audio_data__type_support.c.o[0m
[7.520s] [ 45%] [32mBuilding CXX object CMakeFiles/go2_interfaces__rosidl_typesupport_introspection_cpp.dir/rosidl_typesupport_introspection_cpp/go2_interfaces/msg/detail/go2_front_video_data__type_support.cpp.o[0m
[7.545s] [ 45%] Built target go2_interfaces__rosidl_typesupport_cpp
[7.549s] [ 46%] [32mBuilding CXX object CMakeFiles/go2_interfaces__rosidl_typesupport_introspection_cpp.dir/rosidl_typesupport_introspection_cpp/go2_interfaces/msg/detail/height_map__type_support.cpp.o[0m
[7.558s] [ 46%] [32mBuilding CXX object CMakeFiles/go2_interfaces__rosidl_typesupport_introspection_cpp.dir/rosidl_typesupport_introspection_cpp/go2_interfaces/msg/detail/interface_config__type_support.cpp.o[0m
[7.559s] [ 46%] [32mBuilding CXX object CMakeFiles/go2_interfaces__rosidl_typesupport_fastrtps_cpp.dir/rosidl_typesupport_fastrtps_cpp/go2_interfaces/msg/detail/dds_fastrtps/go2_cmd__type_support.cpp.o[0m
[7.559s] [ 46%] [32mBuilding C object CMakeFiles/go2_interfaces__rosidl_typesupport_introspection_c.dir/rosidl_typesupport_introspection_c/go2_interfaces/msg/detail/bms_cmd__type_support.c.o[0m
[7.567s] [ 46%] [32mBuilding CXX object CMakeFiles/go2_interfaces__rosidl_typesupport_introspection_cpp.dir/rosidl_typesupport_introspection_cpp/go2_interfaces/msg/detail/lidar_state__type_support.cpp.o[0m
[7.575s] [ 46%] [32mBuilding CXX object CMakeFiles/go2_interfaces__rosidl_typesupport_fastrtps_c.dir/rosidl_typesupport_fastrtps_c/go2_interfaces/msg/detail/go2_cmd__type_support_c.cpp.o[0m
[7.613s] [ 47%] [32mBuilding C object CMakeFiles/go2_interfaces__rosidl_typesupport_introspection_c.dir/rosidl_typesupport_introspection_c/go2_interfaces/msg/detail/bms_state__type_support.c.o[0m
[7.640s] [ 47%] [32mBuilding C object CMakeFiles/go2_interfaces__rosidl_typesupport_introspection_c.dir/rosidl_typesupport_introspection_c/go2_interfaces/msg/detail/error__type_support.c.o[0m
[7.640s] [ 47%] [32mBuilding CXX object CMakeFiles/go2_interfaces__rosidl_typesupport_fastrtps_cpp.dir/rosidl_typesupport_fastrtps_cpp/go2_interfaces/msg/detail/dds_fastrtps/go2_state__type_support.cpp.o[0m
[7.664s] [ 48%] [32mBuilding CXX object CMakeFiles/go2_interfaces__rosidl_typesupport_fastrtps_cpp.dir/rosidl_typesupport_fastrtps_cpp/go2_interfaces/msg/detail/dds_fastrtps/go2_move__type_support.cpp.o[0m
[7.674s] [ 48%] [32mBuilding CXX object CMakeFiles/go2_interfaces__rosidl_typesupport_fastrtps_c.dir/rosidl_typesupport_fastrtps_c/go2_interfaces/msg/detail/go2_state__type_support_c.cpp.o[0m
[7.695s] [ 48%] [32mBuilding C object CMakeFiles/go2_interfaces__rosidl_typesupport_introspection_c.dir/rosidl_typesupport_introspection_c/go2_interfaces/msg/detail/go2_front_video_data__type_support.c.o[0m
[7.732s] [ 49%] [32mBuilding C object CMakeFiles/go2_interfaces__rosidl_typesupport_introspection_c.dir/rosidl_typesupport_introspection_c/go2_interfaces/msg/detail/height_map__type_support.c.o[0m
[7.756s] [ 49%] [32mBuilding CXX object CMakeFiles/go2_interfaces__rosidl_typesupport_fastrtps_cpp.dir/rosidl_typesupport_fastrtps_cpp/go2_interfaces/msg/detail/dds_fastrtps/go2_rpy_cmd__type_support.cpp.o[0m
[7.817s] [ 49%] [32mBuilding C object CMakeFiles/go2_interfaces__rosidl_typesupport_introspection_c.dir/rosidl_typesupport_introspection_c/go2_interfaces/msg/detail/interface_config__type_support.c.o[0m
[7.863s] [ 49%] [32mBuilding CXX object CMakeFiles/go2_interfaces__rosidl_typesupport_fastrtps_cpp.dir/rosidl_typesupport_fastrtps_cpp/go2_interfaces/msg/detail/dds_fastrtps/imu__type_support.cpp.o[0m
[7.880s] [ 50%] [32mBuilding C object CMakeFiles/go2_interfaces__rosidl_typesupport_introspection_c.dir/rosidl_typesupport_introspection_c/go2_interfaces/msg/detail/lidar_state__type_support.c.o[0m
[7.892s] [ 51%] [32mBuilding C object CMakeFiles/go2_interfaces__rosidl_typesupport_introspection_c.dir/rosidl_typesupport_introspection_c/go2_interfaces/msg/detail/low_cmd__type_support.c.o[0m
[7.892s] [ 51%] [32mBuilding CXX object CMakeFiles/go2_interfaces__rosidl_typesupport_fastrtps_c.dir/rosidl_typesupport_fastrtps_c/go2_interfaces/msg/detail/go2_move__type_support_c.cpp.o[0m
[7.895s] [ 52%] [32mBuilding CXX object CMakeFiles/go2_interfaces__rosidl_typesupport_introspection_cpp.dir/rosidl_typesupport_introspection_cpp/go2_interfaces/msg/detail/low_cmd__type_support.cpp.o[0m
[7.896s] [ 52%] [32mBuilding C object CMakeFiles/go2_interfaces__rosidl_typesupport_introspection_c.dir/rosidl_typesupport_introspection_c/go2_interfaces/msg/detail/low_state__type_support.c.o[0m
[7.937s] [ 52%] [32mBuilding CXX object CMakeFiles/go2_interfaces__rosidl_typesupport_introspection_cpp.dir/rosidl_typesupport_introspection_cpp/go2_interfaces/msg/detail/low_state__type_support.cpp.o[0m
[7.957s] [ 53%] [32mBuilding CXX object CMakeFiles/go2_interfaces__rosidl_typesupport_introspection_cpp.dir/rosidl_typesupport_introspection_cpp/go2_interfaces/msg/detail/motor_cmd__type_support.cpp.o[0m
[7.983s] [ 53%] [32mBuilding CXX object CMakeFiles/go2_interfaces__rosidl_typesupport_fastrtps_c.dir/rosidl_typesupport_fastrtps_c/go2_interfaces/msg/detail/go2_rpy_cmd__type_support_c.cpp.o[0m
[7.984s] [ 54%] [32mBuilding C object CMakeFiles/go2_interfaces__rosidl_typesupport_introspection_c.dir/rosidl_typesupport_introspection_c/go2_interfaces/msg/detail/motor_cmd__type_support.c.o[0m
[8.032s] [ 55%] [32mBuilding CXX object CMakeFiles/go2_interfaces__rosidl_typesupport_fastrtps_cpp.dir/rosidl_typesupport_fastrtps_cpp/go2_interfaces/msg/detail/dds_fastrtps/audio_data__type_support.cpp.o[0m
[8.032s] [ 55%] [32mBuilding C object CMakeFiles/go2_interfaces__rosidl_typesupport_introspection_c.dir/rosidl_typesupport_introspection_c/go2_interfaces/msg/detail/motor_cmds__type_support.c.o[0m
[8.043s] [ 56%] [32mBuilding CXX object CMakeFiles/go2_interfaces__rosidl_typesupport_fastrtps_c.dir/rosidl_typesupport_fastrtps_c/go2_interfaces/msg/detail/imu__type_support_c.cpp.o[0m
[8.044s] [ 56%] [32mBuilding CXX object CMakeFiles/go2_interfaces__rosidl_typesupport_fastrtps_c.dir/rosidl_typesupport_fastrtps_c/go2_interfaces/msg/detail/audio_data__type_support_c.cpp.o[0m
[8.046s] [ 56%] [32mBuilding CXX object CMakeFiles/go2_interfaces__rosidl_typesupport_introspection_cpp.dir/rosidl_typesupport_introspection_cpp/go2_interfaces/msg/detail/motor_cmds__type_support.cpp.o[0m
[8.085s] [ 56%] [32mBuilding C object CMakeFiles/go2_interfaces__rosidl_typesupport_introspection_c.dir/rosidl_typesupport_introspection_c/go2_interfaces/msg/detail/motor_state__type_support.c.o[0m
[8.096s] [ 56%] [32mBuilding CXX object CMakeFiles/go2_interfaces__rosidl_typesupport_fastrtps_c.dir/rosidl_typesupport_fastrtps_c/go2_interfaces/msg/detail/bms_cmd__type_support_c.cpp.o[0m
[8.103s] [ 57%] [32mBuilding C object CMakeFiles/go2_interfaces__rosidl_typesupport_introspection_c.dir/rosidl_typesupport_introspection_c/go2_interfaces/msg/detail/motor_states__type_support.c.o[0m
[8.132s] [ 57%] [32mBuilding CXX object CMakeFiles/go2_interfaces__rosidl_typesupport_fastrtps_cpp.dir/rosidl_typesupport_fastrtps_cpp/go2_interfaces/msg/detail/dds_fastrtps/bms_cmd__type_support.cpp.o[0m
[8.138s] [ 57%] [32mBuilding CXX object CMakeFiles/go2_interfaces__rosidl_typesupport_introspection_cpp.dir/rosidl_typesupport_introspection_cpp/go2_interfaces/msg/detail/motor_state__type_support.cpp.o[0m
[8.159s] [ 58%] [32mBuilding CXX object CMakeFiles/go2_interfaces__rosidl_typesupport_introspection_cpp.dir/rosidl_typesupport_introspection_cpp/go2_interfaces/msg/detail/motor_states__type_support.cpp.o[0m
[8.162s] [ 58%] [32mBuilding C object CMakeFiles/go2_interfaces__rosidl_typesupport_introspection_c.dir/rosidl_typesupport_introspection_c/go2_interfaces/msg/detail/path_point__type_support.c.o[0m
[8.213s] [ 59%] [32mBuilding C object CMakeFiles/go2_interfaces__rosidl_typesupport_introspection_c.dir/rosidl_typesupport_introspection_c/go2_interfaces/msg/detail/req__type_support.c.o[0m
[8.217s] [ 60%] [32mBuilding CXX object CMakeFiles/go2_interfaces__rosidl_typesupport_fastrtps_c.dir/rosidl_typesupport_fastrtps_c/go2_interfaces/msg/detail/bms_state__type_support_c.cpp.o[0m
[8.274s] [ 60%] [32mBuilding C object CMakeFiles/go2_interfaces__rosidl_typesupport_introspection_c.dir/rosidl_typesupport_introspection_c/go2_interfaces/msg/detail/res__type_support.c.o[0m
[8.299s] [ 60%] [32mBuilding CXX object CMakeFiles/go2_interfaces__rosidl_typesupport_introspection_cpp.dir/rosidl_typesupport_introspection_cpp/go2_interfaces/msg/detail/path_point__type_support.cpp.o[0m
[8.330s] [ 60%] [32mBuilding C object CMakeFiles/go2_interfaces__rosidl_typesupport_introspection_c.dir/rosidl_typesupport_introspection_c/go2_interfaces/msg/detail/sport_mode_cmd__type_support.c.o[0m
[8.332s] [ 61%] [32mBuilding CXX object CMakeFiles/go2_interfaces__rosidl_typesupport_fastrtps_cpp.dir/rosidl_typesupport_fastrtps_cpp/go2_interfaces/msg/detail/dds_fastrtps/bms_state__type_support.cpp.o[0m
[8.388s] [ 61%] [32mBuilding CXX object CMakeFiles/go2_interfaces__rosidl_typesupport_fastrtps_cpp.dir/rosidl_typesupport_fastrtps_cpp/go2_interfaces/msg/detail/dds_fastrtps/error__type_support.cpp.o[0m
[8.396s] [ 62%] [32mBuilding C object CMakeFiles/go2_interfaces__rosidl_typesupport_introspection_c.dir/rosidl_typesupport_introspection_c/go2_interfaces/msg/detail/sport_mode_state__type_support.c.o[0m
[8.402s] [ 62%] [32mBuilding CXX object CMakeFiles/go2_interfaces__rosidl_typesupport_fastrtps_c.dir/rosidl_typesupport_fastrtps_c/go2_interfaces/msg/detail/error__type_support_c.cpp.o[0m
[8.423s] [ 62%] [32mBuilding CXX object CMakeFiles/go2_interfaces__rosidl_typesupport_fastrtps_cpp.dir/rosidl_typesupport_fastrtps_cpp/go2_interfaces/msg/detail/dds_fastrtps/go2_front_video_data__type_support.cpp.o[0m
[8.437s] [ 63%] [32mBuilding CXX object CMakeFiles/go2_interfaces__rosidl_typesupport_fastrtps_cpp.dir/rosidl_typesupport_fastrtps_cpp/go2_interfaces/msg/detail/dds_fastrtps/height_map__type_support.cpp.o[0m
[8.457s] [ 63%] [32mBuilding CXX object CMakeFiles/go2_interfaces__rosidl_typesupport_fastrtps_cpp.dir/rosidl_typesupport_fastrtps_cpp/go2_interfaces/msg/detail/dds_fastrtps/interface_config__type_support.cpp.o[0m
[8.462s] [ 63%] [32mBuilding C object CMakeFiles/go2_interfaces__rosidl_typesupport_introspection_c.dir/rosidl_typesupport_introspection_c/go2_interfaces/msg/detail/time_spec__type_support.c.o[0m
[8.480s] [ 63%] [32mBuilding CXX object CMakeFiles/go2_interfaces__rosidl_typesupport_fastrtps_c.dir/rosidl_typesupport_fastrtps_c/go2_interfaces/msg/detail/go2_front_video_data__type_support_c.cpp.o[0m
[8.507s] [ 63%] [32mBuilding C object CMakeFiles/go2_interfaces__rosidl_typesupport_introspection_c.dir/rosidl_typesupport_introspection_c/go2_interfaces/msg/detail/uwb_state__type_support.c.o[0m
[8.544s] [ 64%] [32mBuilding C object CMakeFiles/go2_interfaces__rosidl_typesupport_introspection_c.dir/rosidl_typesupport_introspection_c/go2_interfaces/msg/detail/uwb_switch__type_support.c.o[0m
[8.560s] [ 64%] [32mBuilding C object CMakeFiles/go2_interfaces__rosidl_typesupport_introspection_c.dir/rosidl_typesupport_introspection_c/go2_interfaces/msg/detail/voxel_map_compressed__type_support.c.o[0m
[8.562s] [ 64%] [32mBuilding CXX object CMakeFiles/go2_interfaces__rosidl_typesupport_fastrtps_cpp.dir/rosidl_typesupport_fastrtps_cpp/go2_interfaces/msg/detail/dds_fastrtps/lidar_state__type_support.cpp.o[0m
[8.570s] [ 64%] [32mBuilding C object CMakeFiles/go2_interfaces__rosidl_typesupport_introspection_c.dir/rosidl_typesupport_introspection_c/go2_interfaces/msg/detail/voxel_height_map_state__type_support.c.o[0m
[8.595s] [ 65%] [32mBuilding CXX object CMakeFiles/go2_interfaces__rosidl_typesupport_fastrtps_c.dir/rosidl_typesupport_fastrtps_c/go2_interfaces/msg/detail/height_map__type_support_c.cpp.o[0m
[8.601s] [ 66%] [32mBuilding CXX object CMakeFiles/go2_interfaces__rosidl_typesupport_fastrtps_cpp.dir/rosidl_typesupport_fastrtps_cpp/go2_interfaces/msg/detail/dds_fastrtps/low_cmd__type_support.cpp.o[0m
[8.609s] [ 67%] [32mBuilding C object CMakeFiles/go2_interfaces__rosidl_typesupport_introspection_c.dir/rosidl_typesupport_introspection_c/go2_interfaces/msg/detail/web_rtc_req__type_support.c.o[0m
[8.620s] [ 67%] [32mBuilding CXX object CMakeFiles/go2_interfaces__rosidl_typesupport_fastrtps_c.dir/rosidl_typesupport_fastrtps_c/go2_interfaces/msg/detail/interface_config__type_support_c.cpp.o[0m
[8.621s] [ 67%] [32mBuilding CXX object CMakeFiles/go2_interfaces__rosidl_typesupport_introspection_cpp.dir/rosidl_typesupport_introspection_cpp/go2_interfaces/msg/detail/req__type_support.cpp.o[0m
[8.638s] [ 67%] [32mBuilding CXX object CMakeFiles/go2_interfaces__rosidl_typesupport_fastrtps_cpp.dir/rosidl_typesupport_fastrtps_cpp/go2_interfaces/msg/detail/dds_fastrtps/low_state__type_support.cpp.o[0m
[8.670s] [ 67%] [32mBuilding C object CMakeFiles/go2_interfaces__rosidl_typesupport_introspection_c.dir/rosidl_typesupport_introspection_c/go2_interfaces/msg/detail/wireless_controller__type_support.c.o[0m
[8.680s] [ 67%] [32mBuilding CXX object CMakeFiles/go2_interfaces__rosidl_typesupport_fastrtps_c.dir/rosidl_typesupport_fastrtps_c/go2_interfaces/msg/detail/lidar_state__type_support_c.cpp.o[0m
[8.720s] [ 68%] [32m[1mLinking C shared library libgo2_interfaces__rosidl_typesupport_introspection_c.so[0m
[8.753s] [ 69%] [32mBuilding CXX object CMakeFiles/go2_interfaces__rosidl_typesupport_fastrtps_cpp.dir/rosidl_typesupport_fastrtps_cpp/go2_interfaces/msg/detail/dds_fastrtps/motor_cmd__type_support.cpp.o[0m
[8.780s] [ 69%] Built target go2_interfaces__rosidl_typesupport_introspection_c
[8.785s] [ 70%] [32mBuilding CXX object CMakeFiles/go2_interfaces__rosidl_typesupport_introspection_cpp.dir/rosidl_typesupport_introspection_cpp/go2_interfaces/msg/detail/res__type_support.cpp.o[0m
[8.796s] [ 70%] [32mBuilding CXX object CMakeFiles/go2_interfaces__rosidl_typesupport_introspection_cpp.dir/rosidl_typesupport_introspection_cpp/go2_interfaces/msg/detail/sport_mode_cmd__type_support.cpp.o[0m
[8.816s] [ 71%] [32mBuilding CXX object CMakeFiles/go2_interfaces__rosidl_typesupport_introspection_cpp.dir/rosidl_typesupport_introspection_cpp/go2_interfaces/msg/detail/sport_mode_state__type_support.cpp.o[0m
[8.852s] [ 72%] [32mBuilding CXX object CMakeFiles/go2_interfaces__rosidl_typesupport_fastrtps_c.dir/rosidl_typesupport_fastrtps_c/go2_interfaces/msg/detail/low_cmd__type_support_c.cpp.o[0m
[8.914s] [ 72%] [32mBuilding CXX object CMakeFiles/go2_interfaces__rosidl_typesupport_fastrtps_c.dir/rosidl_typesupport_fastrtps_c/go2_interfaces/msg/detail/low_state__type_support_c.cpp.o[0m
[8.935s] [ 72%] [32mBuilding CXX object CMakeFiles/go2_interfaces__rosidl_typesupport_fastrtps_cpp.dir/rosidl_typesupport_fastrtps_cpp/go2_interfaces/msg/detail/dds_fastrtps/motor_cmds__type_support.cpp.o[0m
[8.954s] [ 72%] [32mBuilding CXX object CMakeFiles/go2_interfaces__rosidl_typesupport_fastrtps_cpp.dir/rosidl_typesupport_fastrtps_cpp/go2_interfaces/msg/detail/dds_fastrtps/motor_state__type_support.cpp.o[0m
[9.023s] [ 72%] [32mBuilding CXX object CMakeFiles/go2_interfaces__rosidl_typesupport_introspection_cpp.dir/rosidl_typesupport_introspection_cpp/go2_interfaces/msg/detail/time_spec__type_support.cpp.o[0m
[9.027s] [ 73%] [32mBuilding CXX object CMakeFiles/go2_interfaces__rosidl_typesupport_fastrtps_c.dir/rosidl_typesupport_fastrtps_c/go2_interfaces/msg/detail/motor_cmd__type_support_c.cpp.o[0m
[9.032s] [ 74%] [32mBuilding CXX object CMakeFiles/go2_interfaces__rosidl_typesupport_fastrtps_cpp.dir/rosidl_typesupport_fastrtps_cpp/go2_interfaces/msg/detail/dds_fastrtps/motor_states__type_support.cpp.o[0m
[9.063s] [ 74%] [32mBuilding CXX object CMakeFiles/go2_interfaces__rosidl_typesupport_introspection_cpp.dir/rosidl_typesupport_introspection_cpp/go2_interfaces/msg/detail/uwb_state__type_support.cpp.o[0m
[9.075s] [ 74%] [32mBuilding CXX object CMakeFiles/go2_interfaces__rosidl_typesupport_fastrtps_c.dir/rosidl_typesupport_fastrtps_c/go2_interfaces/msg/detail/motor_cmds__type_support_c.cpp.o[0m
[9.128s] [ 75%] [32mBuilding CXX object CMakeFiles/go2_interfaces__rosidl_typesupport_fastrtps_c.dir/rosidl_typesupport_fastrtps_c/go2_interfaces/msg/detail/motor_state__type_support_c.cpp.o[0m
[9.128s] [ 75%] [32mBuilding CXX object CMakeFiles/go2_interfaces__rosidl_typesupport_introspection_cpp.dir/rosidl_typesupport_introspection_cpp/go2_interfaces/msg/detail/uwb_switch__type_support.cpp.o[0m
[9.186s] [ 75%] [32mBuilding CXX object CMakeFiles/go2_interfaces__rosidl_typesupport_fastrtps_cpp.dir/rosidl_typesupport_fastrtps_cpp/go2_interfaces/msg/detail/dds_fastrtps/path_point__type_support.cpp.o[0m
[9.274s] [ 76%] [32mBuilding CXX object CMakeFiles/go2_interfaces__rosidl_typesupport_fastrtps_c.dir/rosidl_typesupport_fastrtps_c/go2_interfaces/msg/detail/motor_states__type_support_c.cpp.o[0m
[9.286s] [ 76%] [32mBuilding CXX object CMakeFiles/go2_interfaces__rosidl_typesupport_fastrtps_c.dir/rosidl_typesupport_fastrtps_c/go2_interfaces/msg/detail/path_point__type_support_c.cpp.o[0m
[9.291s] [ 76%] [32mBuilding CXX object CMakeFiles/go2_interfaces__rosidl_typesupport_fastrtps_c.dir/rosidl_typesupport_fastrtps_c/go2_interfaces/msg/detail/req__type_support_c.cpp.o[0m
[9.301s] [ 76%] [32mBuilding CXX object CMakeFiles/go2_interfaces__rosidl_typesupport_fastrtps_cpp.dir/rosidl_typesupport_fastrtps_cpp/go2_interfaces/msg/detail/dds_fastrtps/req__type_support.cpp.o[0m
[9.303s] [ 77%] [32mBuilding CXX object CMakeFiles/go2_interfaces__rosidl_typesupport_fastrtps_c.dir/rosidl_typesupport_fastrtps_c/go2_interfaces/msg/detail/res__type_support_c.cpp.o[0m
[9.343s] [ 78%] [32mBuilding CXX object CMakeFiles/go2_interfaces__rosidl_typesupport_fastrtps_cpp.dir/rosidl_typesupport_fastrtps_cpp/go2_interfaces/msg/detail/dds_fastrtps/res__type_support.cpp.o[0m
[9.436s] [ 78%] [32mBuilding CXX object CMakeFiles/go2_interfaces__rosidl_typesupport_introspection_cpp.dir/rosidl_typesupport_introspection_cpp/go2_interfaces/msg/detail/voxel_map_compressed__type_support.cpp.o[0m
[9.445s] [ 78%] [32mBuilding CXX object CMakeFiles/go2_interfaces__rosidl_typesupport_introspection_cpp.dir/rosidl_typesupport_introspection_cpp/go2_interfaces/msg/detail/voxel_height_map_state__type_support.cpp.o[0m
[9.482s] [ 79%] [32mBuilding CXX object CMakeFiles/go2_interfaces__rosidl_typesupport_introspection_cpp.dir/rosidl_typesupport_introspection_cpp/go2_interfaces/msg/detail/web_rtc_req__type_support.cpp.o[0m
[9.483s] [ 79%] [32mBuilding CXX object CMakeFiles/go2_interfaces__rosidl_typesupport_fastrtps_c.dir/rosidl_typesupport_fastrtps_c/go2_interfaces/msg/detail/sport_mode_cmd__type_support_c.cpp.o[0m
[9.505s] [ 79%] [32mBuilding CXX object CMakeFiles/go2_interfaces__rosidl_typesupport_fastrtps_cpp.dir/rosidl_typesupport_fastrtps_cpp/go2_interfaces/msg/detail/dds_fastrtps/sport_mode_cmd__type_support.cpp.o[0m
[9.535s] [ 79%] [32mBuilding CXX object CMakeFiles/go2_interfaces__rosidl_typesupport_introspection_cpp.dir/rosidl_typesupport_introspection_cpp/go2_interfaces/msg/detail/wireless_controller__type_support.cpp.o[0m
[9.556s] [ 79%] [32mBuilding CXX object CMakeFiles/go2_interfaces__rosidl_typesupport_fastrtps_cpp.dir/rosidl_typesupport_fastrtps_cpp/go2_interfaces/msg/detail/dds_fastrtps/sport_mode_state__type_support.cpp.o[0m
[9.562s] [ 79%] [32mBuilding CXX object CMakeFiles/go2_interfaces__rosidl_typesupport_fastrtps_c.dir/rosidl_typesupport_fastrtps_c/go2_interfaces/msg/detail/time_spec__type_support_c.cpp.o[0m
[9.563s] [ 80%] [32mBuilding CXX object CMakeFiles/go2_interfaces__rosidl_typesupport_fastrtps_c.dir/rosidl_typesupport_fastrtps_c/go2_interfaces/msg/detail/sport_mode_state__type_support_c.cpp.o[0m
[9.695s] [ 81%] [32mBuilding CXX object CMakeFiles/go2_interfaces__rosidl_typesupport_fastrtps_cpp.dir/rosidl_typesupport_fastrtps_cpp/go2_interfaces/msg/detail/dds_fastrtps/time_spec__type_support.cpp.o[0m
[9.703s] [ 81%] [32mBuilding CXX object CMakeFiles/go2_interfaces__rosidl_typesupport_fastrtps_cpp.dir/rosidl_typesupport_fastrtps_cpp/go2_interfaces/msg/detail/dds_fastrtps/uwb_state__type_support.cpp.o[0m
[9.709s] [ 82%] [32mBuilding CXX object CMakeFiles/go2_interfaces__rosidl_typesupport_fastrtps_cpp.dir/rosidl_typesupport_fastrtps_cpp/go2_interfaces/msg/detail/dds_fastrtps/uwb_switch__type_support.cpp.o[0m
[9.713s] [ 82%] [32mBuilding CXX object CMakeFiles/go2_interfaces__rosidl_typesupport_fastrtps_cpp.dir/rosidl_typesupport_fastrtps_cpp/go2_interfaces/msg/detail/dds_fastrtps/voxel_map_compressed__type_support.cpp.o[0m
[9.730s] [ 82%] [32mBuilding CXX object CMakeFiles/go2_interfaces__rosidl_typesupport_fastrtps_c.dir/rosidl_typesupport_fastrtps_c/go2_interfaces/msg/detail/uwb_state__type_support_c.cpp.o[0m
[9.788s] [ 82%] [32mBuilding CXX object CMakeFiles/go2_interfaces__rosidl_typesupport_fastrtps_cpp.dir/rosidl_typesupport_fastrtps_cpp/go2_interfaces/msg/detail/dds_fastrtps/voxel_height_map_state__type_support.cpp.o[0m
[9.878s] [ 83%] [32mBuilding CXX object CMakeFiles/go2_interfaces__rosidl_typesupport_fastrtps_c.dir/rosidl_typesupport_fastrtps_c/go2_interfaces/msg/detail/uwb_switch__type_support_c.cpp.o[0m
[9.934s] [ 83%] [32mBuilding CXX object CMakeFiles/go2_interfaces__rosidl_typesupport_fastrtps_c.dir/rosidl_typesupport_fastrtps_c/go2_interfaces/msg/detail/voxel_map_compressed__type_support_c.cpp.o[0m
[9.963s] [ 84%] [32mBuilding CXX object CMakeFiles/go2_interfaces__rosidl_typesupport_fastrtps_cpp.dir/rosidl_typesupport_fastrtps_cpp/go2_interfaces/msg/detail/dds_fastrtps/web_rtc_req__type_support.cpp.o[0m
[9.970s] [ 84%] [32mBuilding CXX object CMakeFiles/go2_interfaces__rosidl_typesupport_fastrtps_cpp.dir/rosidl_typesupport_fastrtps_cpp/go2_interfaces/msg/detail/dds_fastrtps/wireless_controller__type_support.cpp.o[0m
[9.977s] [ 84%] [32mBuilding CXX object CMakeFiles/go2_interfaces__rosidl_typesupport_fastrtps_c.dir/rosidl_typesupport_fastrtps_c/go2_interfaces/msg/detail/voxel_height_map_state__type_support_c.cpp.o[0m
[9.987s] [ 85%] [32mBuilding CXX object CMakeFiles/go2_interfaces__rosidl_typesupport_fastrtps_c.dir/rosidl_typesupport_fastrtps_c/go2_interfaces/msg/detail/web_rtc_req__type_support_c.cpp.o[0m
[9.999s] [ 86%] [32m[1mLinking CXX shared library libgo2_interfaces__rosidl_typesupport_introspection_cpp.so[0m
[10.030s] [ 86%] [32mBuilding CXX object CMakeFiles/go2_interfaces__rosidl_typesupport_fastrtps_c.dir/rosidl_typesupport_fastrtps_c/go2_interfaces/msg/detail/wireless_controller__type_support_c.cpp.o[0m
[10.233s] [ 86%] Built target go2_interfaces__rosidl_typesupport_introspection_cpp
[10.399s] [ 86%] [32m[1mLinking CXX shared library libgo2_interfaces__rosidl_typesupport_fastrtps_cpp.so[0m
[10.402s] [ 86%] [32m[1mLinking CXX shared library libgo2_interfaces__rosidl_typesupport_fastrtps_c.so[0m
[10.489s] [ 86%] Built target go2_interfaces__rosidl_typesupport_fastrtps_c
[10.496s] [ 86%] Built target go2_interfaces__rosidl_typesupport_fastrtps_cpp
[10.527s] [ 86%] Built target go2_interfaces
[10.557s] [ 86%] [34m[1mGenerating Python code for ROS interfaces[0m
[13.782s] [ 86%] Built target go2_interfaces__py
[13.815s] [ 87%] [32mBuilding C object CMakeFiles/go2_interfaces__rosidl_generator_py.dir/rosidl_generator_py/go2_interfaces/msg/_go2_move_s.c.o[0m
[13.816s] [ 87%] [32mBuilding C object CMakeFiles/go2_interfaces__rosidl_generator_py.dir/rosidl_generator_py/go2_interfaces/msg/_imu_s.c.o[0m
[13.816s] [ 87%] [32mBuilding C object CMakeFiles/go2_interfaces__rosidl_generator_py.dir/rosidl_generator_py/go2_interfaces/msg/_bms_state_s.c.o[0m
[13.816s] [ 87%] [32mBuilding C object CMakeFiles/go2_interfaces__rosidl_generator_py.dir/rosidl_generator_py/go2_interfaces/msg/_go2_state_s.c.o[0m
[13.817s] [ 88%] [32mBuilding C object CMakeFiles/go2_interfaces__rosidl_generator_py.dir/rosidl_generator_py/go2_interfaces/msg/_audio_data_s.c.o[0m
[13.817s] [ 87%] [32mBuilding C object CMakeFiles/go2_interfaces__rosidl_generator_py.dir/rosidl_generator_py/go2_interfaces/msg/_bms_cmd_s.c.o[0m
[13.817s] [ 88%] [32mBuilding C object CMakeFiles/go2_interfaces__rosidl_generator_py.dir/rosidl_generator_py/go2_interfaces/msg/_go2_rpy_cmd_s.c.o[0m
[13.817s] [ 88%] [32mBuilding C object CMakeFiles/go2_interfaces__rosidl_generator_py.dir/rosidl_generator_py/go2_interfaces/msg/_go2_front_video_data_s.c.o[0m
[13.817s] [ 89%] [32mBuilding C object CMakeFiles/go2_interfaces__rosidl_generator_py.dir/rosidl_generator_py/go2_interfaces/msg/_height_map_s.c.o[0m
[13.817s] [ 89%] [32mBuilding C object CMakeFiles/go2_interfaces__rosidl_generator_py.dir/rosidl_generator_py/go2_interfaces/msg/_interface_config_s.c.o[0m
[13.817s] [ 89%] [32mBuilding C object CMakeFiles/go2_interfaces__rosidl_generator_py.dir/rosidl_generator_py/go2_interfaces/msg/_low_state_s.c.o[0m
[13.817s] [ 90%] [32mBuilding C object CMakeFiles/go2_interfaces__rosidl_generator_py.dir/rosidl_generator_py/go2_interfaces/msg/_go2_cmd_s.c.o[0m
[13.817s] [ 90%] [32mBuilding C object CMakeFiles/go2_interfaces__rosidl_generator_py.dir/rosidl_generator_py/go2_interfaces/msg/_motor_cmd_s.c.o[0m
[13.817s] [ 91%] [32mBuilding C object CMakeFiles/go2_interfaces__rosidl_generator_py.dir/rosidl_generator_py/go2_interfaces/msg/_low_cmd_s.c.o[0m
[13.818s] [ 91%] [32mBuilding C object CMakeFiles/go2_interfaces__rosidl_generator_py.dir/rosidl_generator_py/go2_interfaces/msg/_lidar_state_s.c.o[0m
[13.819s] [ 92%] [32mBuilding C object CMakeFiles/go2_interfaces__rosidl_generator_py.dir/rosidl_generator_py/go2_interfaces/msg/_error_s.c.o[0m
[13.984s] [ 93%] [32mBuilding C object CMakeFiles/go2_interfaces__rosidl_generator_py.dir/rosidl_generator_py/go2_interfaces/msg/_motor_cmds_s.c.o[0m
[13.984s] [ 93%] [32mBuilding C object CMakeFiles/go2_interfaces__rosidl_generator_py.dir/rosidl_generator_py/go2_interfaces/msg/_motor_state_s.c.o[0m
[13.984s] [ 93%] [32mBuilding C object CMakeFiles/go2_interfaces__rosidl_generator_py.dir/rosidl_generator_py/go2_interfaces/msg/_motor_states_s.c.o[0m
[13.991s] [ 94%] [32mBuilding C object CMakeFiles/go2_interfaces__rosidl_generator_py.dir/rosidl_generator_py/go2_interfaces/msg/_path_point_s.c.o[0m
[13.993s] [ 95%] [32mBuilding C object CMakeFiles/go2_interfaces__rosidl_generator_py.dir/rosidl_generator_py/go2_interfaces/msg/_req_s.c.o[0m
[13.994s] [ 95%] [32mBuilding C object CMakeFiles/go2_interfaces__rosidl_generator_py.dir/rosidl_generator_py/go2_interfaces/msg/_res_s.c.o[0m
[13.994s] [ 95%] [32mBuilding C object CMakeFiles/go2_interfaces__rosidl_generator_py.dir/rosidl_generator_py/go2_interfaces/msg/_sport_mode_cmd_s.c.o[0m
[14.000s] [ 95%] [32mBuilding C object CMakeFiles/go2_interfaces__rosidl_generator_py.dir/rosidl_generator_py/go2_interfaces/msg/_sport_mode_state_s.c.o[0m
[14.006s] [ 96%] [32mBuilding C object CMakeFiles/go2_interfaces__rosidl_generator_py.dir/rosidl_generator_py/go2_interfaces/msg/_uwb_switch_s.c.o[0m
[14.006s] [ 96%] [32mBuilding C object CMakeFiles/go2_interfaces__rosidl_generator_py.dir/rosidl_generator_py/go2_interfaces/msg/_time_spec_s.c.o[0m
[14.007s] [ 96%] [32mBuilding C object CMakeFiles/go2_interfaces__rosidl_generator_py.dir/rosidl_generator_py/go2_interfaces/msg/_voxel_height_map_state_s.c.o[0m
[14.007s] [ 96%] [32mBuilding C object CMakeFiles/go2_interfaces__rosidl_generator_py.dir/rosidl_generator_py/go2_interfaces/msg/_uwb_state_s.c.o[0m
[14.009s] [ 97%] [32mBuilding C object CMakeFiles/go2_interfaces__rosidl_generator_py.dir/rosidl_generator_py/go2_interfaces/msg/_voxel_map_compressed_s.c.o[0m
[14.014s] [ 97%] [32mBuilding C object CMakeFiles/go2_interfaces__rosidl_generator_py.dir/rosidl_generator_py/go2_interfaces/msg/_web_rtc_req_s.c.o[0m
[14.024s] [ 98%] [32mBuilding C object CMakeFiles/go2_interfaces__rosidl_generator_py.dir/rosidl_generator_py/go2_interfaces/msg/_wireless_controller_s.c.o[0m
[14.160s] [ 98%] [32m[1mLinking C shared library rosidl_generator_py/go2_interfaces/libgo2_interfaces__rosidl_generator_py.so[0m
[14.224s] [ 98%] Built target go2_interfaces__rosidl_generator_py
[14.248s] [ 98%] [32mBuilding C object CMakeFiles/go2_interfaces__rosidl_typesupport_introspection_c__pyext.dir/rosidl_generator_py/go2_interfaces/_go2_interfaces_s.ep.rosidl_typesupport_introspection_c.c.o[0m
[14.250s] [ 99%] [32mBuilding C object CMakeFiles/go2_interfaces__rosidl_typesupport_fastrtps_c__pyext.dir/rosidl_generator_py/go2_interfaces/_go2_interfaces_s.ep.rosidl_typesupport_fastrtps_c.c.o[0m
[14.250s] [100%] [32mBuilding C object CMakeFiles/go2_interfaces__rosidl_typesupport_c__pyext.dir/rosidl_generator_py/go2_interfaces/_go2_interfaces_s.ep.rosidl_typesupport_c.c.o[0m
[14.420s] [100%] [32m[1mLinking C shared library rosidl_generator_py/go2_interfaces/go2_interfaces_s__rosidl_typesupport_c.cpython-310-x86_64-linux-gnu.so[0m
[14.420s] [100%] [32m[1mLinking C shared library rosidl_generator_py/go2_interfaces/go2_interfaces_s__rosidl_typesupport_fastrtps_c.cpython-310-x86_64-linux-gnu.so[0m
[14.424s] [100%] [32m[1mLinking C shared library rosidl_generator_py/go2_interfaces/go2_interfaces_s__rosidl_typesupport_introspection_c.cpython-310-x86_64-linux-gnu.so[0m
[14.471s] [100%] Built target go2_interfaces__rosidl_typesupport_fastrtps_c__pyext
[14.471s] [100%] Built target go2_interfaces__rosidl_typesupport_c__pyext
[14.474s] [100%] Built target go2_interfaces__rosidl_typesupport_introspection_c__pyext
[14.493s] Invoked command in '/home/htrice/go2_ros2_curr/build/go2_interfaces' returned '0': CMAKE_PREFIX_PATH=${CMAKE_PREFIX_PATH}:/home/htrice/go2_ros2_curr/install/yolo_detector:/home/htrice/go2_ros2_curr/install/speech_processor:/home/htrice/go2_ros2_curr/install/lidar_processor:/home/htrice/go2_ros2_curr/install/go2_robot_sdk:/home/htrice/go2_ros2_curr/install/coco_detector:/opt/ros/humble /usr/bin/cmake --build /home/htrice/go2_ros2_curr/build/go2_interfaces -- -j16 -l16
[14.508s] Invoking command in '/home/htrice/go2_ros2_curr/build/go2_interfaces': CMAKE_PREFIX_PATH=${CMAKE_PREFIX_PATH}:/home/htrice/go2_ros2_curr/install/yolo_detector:/home/htrice/go2_ros2_curr/install/speech_processor:/home/htrice/go2_ros2_curr/install/lidar_processor:/home/htrice/go2_ros2_curr/install/go2_robot_sdk:/home/htrice/go2_ros2_curr/install/coco_detector:/opt/ros/humble /usr/bin/cmake --install /home/htrice/go2_ros2_curr/build/go2_interfaces
[14.518s] -- Install configuration: ""
[14.519s] -- Execute custom install script
[14.519s] -- Symlinking: /home/htrice/go2_ros2_curr/install/go2_interfaces/share/ament_index/resource_index/rosidl_interfaces/go2_interfaces
[14.534s] -- Symlinking: /home/htrice/go2_ros2_curr/install/go2_interfaces/include/go2_interfaces/go2_interfaces/msg/audio_data.h
[14.546s] -- Symlinking: /home/htrice/go2_ros2_curr/install/go2_interfaces/include/go2_interfaces/go2_interfaces/msg/bms_cmd.h
[14.558s] -- Symlinking: /home/htrice/go2_ros2_curr/install/go2_interfaces/include/go2_interfaces/go2_interfaces/msg/bms_state.h
[14.571s] -- Symlinking: /home/htrice/go2_ros2_curr/install/go2_interfaces/include/go2_interfaces/go2_interfaces/msg/detail/audio_data__functions.h
[14.584s] -- Symlinking: /home/htrice/go2_ros2_curr/install/go2_interfaces/include/go2_interfaces/go2_interfaces/msg/detail/audio_data__struct.h
[14.596s] -- Symlinking: /home/htrice/go2_ros2_curr/install/go2_interfaces/include/go2_interfaces/go2_interfaces/msg/detail/audio_data__type_support.h
[14.609s] -- Symlinking: /home/htrice/go2_ros2_curr/install/go2_interfaces/include/go2_interfaces/go2_interfaces/msg/detail/bms_cmd__functions.h
[14.622s] -- Symlinking: /home/htrice/go2_ros2_curr/install/go2_interfaces/include/go2_interfaces/go2_interfaces/msg/detail/bms_cmd__struct.h
[14.632s] -- Symlinking: /home/htrice/go2_ros2_curr/install/go2_interfaces/include/go2_interfaces/go2_interfaces/msg/detail/bms_cmd__type_support.h
[14.644s] -- Symlinking: /home/htrice/go2_ros2_curr/install/go2_interfaces/include/go2_interfaces/go2_interfaces/msg/detail/bms_state__functions.h
[14.656s] -- Symlinking: /home/htrice/go2_ros2_curr/install/go2_interfaces/include/go2_interfaces/go2_interfaces/msg/detail/bms_state__struct.h
[14.668s] -- Symlinking: /home/htrice/go2_ros2_curr/install/go2_interfaces/include/go2_interfaces/go2_interfaces/msg/detail/bms_state__type_support.h
[14.680s] -- Symlinking: /home/htrice/go2_ros2_curr/install/go2_interfaces/include/go2_interfaces/go2_interfaces/msg/detail/error__functions.h
[14.692s] -- Symlinking: /home/htrice/go2_ros2_curr/install/go2_interfaces/include/go2_interfaces/go2_interfaces/msg/detail/error__struct.h
[14.705s] -- Symlinking: /home/htrice/go2_ros2_curr/install/go2_interfaces/include/go2_interfaces/go2_interfaces/msg/detail/error__type_support.h
[14.717s] -- Symlinking: /home/htrice/go2_ros2_curr/install/go2_interfaces/include/go2_interfaces/go2_interfaces/msg/detail/go2_cmd__functions.h
[14.730s] -- Symlinking: /home/htrice/go2_ros2_curr/install/go2_interfaces/include/go2_interfaces/go2_interfaces/msg/detail/go2_cmd__struct.h
[14.739s] -- Symlinking: /home/htrice/go2_ros2_curr/install/go2_interfaces/include/go2_interfaces/go2_interfaces/msg/detail/go2_cmd__type_support.h
[14.751s] -- Symlinking: /home/htrice/go2_ros2_curr/install/go2_interfaces/include/go2_interfaces/go2_interfaces/msg/detail/go2_front_video_data__functions.h
[14.763s] -- Symlinking: /home/htrice/go2_ros2_curr/install/go2_interfaces/include/go2_interfaces/go2_interfaces/msg/detail/go2_front_video_data__struct.h
[14.776s] -- Symlinking: /home/htrice/go2_ros2_curr/install/go2_interfaces/include/go2_interfaces/go2_interfaces/msg/detail/go2_front_video_data__type_support.h
[14.789s] -- Symlinking: /home/htrice/go2_ros2_curr/install/go2_interfaces/include/go2_interfaces/go2_interfaces/msg/detail/go2_move__functions.h
[14.800s] -- Symlinking: /home/htrice/go2_ros2_curr/install/go2_interfaces/include/go2_interfaces/go2_interfaces/msg/detail/go2_move__struct.h
[14.812s] -- Symlinking: /home/htrice/go2_ros2_curr/install/go2_interfaces/include/go2_interfaces/go2_interfaces/msg/detail/go2_move__type_support.h
[14.824s] -- Symlinking: /home/htrice/go2_ros2_curr/install/go2_interfaces/include/go2_interfaces/go2_interfaces/msg/detail/go2_rpy_cmd__functions.h
[14.837s] -- Symlinking: /home/htrice/go2_ros2_curr/install/go2_interfaces/include/go2_interfaces/go2_interfaces/msg/detail/go2_rpy_cmd__struct.h
[14.849s] -- Symlinking: /home/htrice/go2_ros2_curr/install/go2_interfaces/include/go2_interfaces/go2_interfaces/msg/detail/go2_rpy_cmd__type_support.h
[14.862s] -- Symlinking: /home/htrice/go2_ros2_curr/install/go2_interfaces/include/go2_interfaces/go2_interfaces/msg/detail/go2_state__functions.h
[14.874s] -- Symlinking: /home/htrice/go2_ros2_curr/install/go2_interfaces/include/go2_interfaces/go2_interfaces/msg/detail/go2_state__struct.h
[14.887s] -- Symlinking: /home/htrice/go2_ros2_curr/install/go2_interfaces/include/go2_interfaces/go2_interfaces/msg/detail/go2_state__type_support.h
[14.899s] -- Symlinking: /home/htrice/go2_ros2_curr/install/go2_interfaces/include/go2_interfaces/go2_interfaces/msg/detail/height_map__functions.h
[14.912s] -- Symlinking: /home/htrice/go2_ros2_curr/install/go2_interfaces/include/go2_interfaces/go2_interfaces/msg/detail/height_map__struct.h
[14.924s] -- Symlinking: /home/htrice/go2_ros2_curr/install/go2_interfaces/include/go2_interfaces/go2_interfaces/msg/detail/height_map__type_support.h
[14.944s] -- Symlinking: /home/htrice/go2_ros2_curr/install/go2_interfaces/include/go2_interfaces/go2_interfaces/msg/detail/imu__functions.h
[14.956s] -- Symlinking: /home/htrice/go2_ros2_curr/install/go2_interfaces/include/go2_interfaces/go2_interfaces/msg/detail/imu__struct.h
[14.969s] -- Symlinking: /home/htrice/go2_ros2_curr/install/go2_interfaces/include/go2_interfaces/go2_interfaces/msg/detail/imu__type_support.h
[14.982s] -- Symlinking: /home/htrice/go2_ros2_curr/install/go2_interfaces/include/go2_interfaces/go2_interfaces/msg/detail/interface_config__functions.h
[14.995s] -- Symlinking: /home/htrice/go2_ros2_curr/install/go2_interfaces/include/go2_interfaces/go2_interfaces/msg/detail/interface_config__struct.h
[15.008s] -- Symlinking: /home/htrice/go2_ros2_curr/install/go2_interfaces/include/go2_interfaces/go2_interfaces/msg/detail/interface_config__type_support.h
[15.021s] -- Symlinking: /home/htrice/go2_ros2_curr/install/go2_interfaces/include/go2_interfaces/go2_interfaces/msg/detail/lidar_state__functions.h
[15.033s] -- Symlinking: /home/htrice/go2_ros2_curr/install/go2_interfaces/include/go2_interfaces/go2_interfaces/msg/detail/lidar_state__struct.h
[15.046s] -- Symlinking: /home/htrice/go2_ros2_curr/install/go2_interfaces/include/go2_interfaces/go2_interfaces/msg/detail/lidar_state__type_support.h
[15.059s] -- Symlinking: /home/htrice/go2_ros2_curr/install/go2_interfaces/include/go2_interfaces/go2_interfaces/msg/detail/low_cmd__functions.h
[15.069s] -- Symlinking: /home/htrice/go2_ros2_curr/install/go2_interfaces/include/go2_interfaces/go2_interfaces/msg/detail/low_cmd__struct.h
[15.081s] -- Symlinking: /home/htrice/go2_ros2_curr/install/go2_interfaces/include/go2_interfaces/go2_interfaces/msg/detail/low_cmd__type_support.h
[15.093s] -- Symlinking: /home/htrice/go2_ros2_curr/install/go2_interfaces/include/go2_interfaces/go2_interfaces/msg/detail/low_state__functions.h
[15.105s] -- Symlinking: /home/htrice/go2_ros2_curr/install/go2_interfaces/include/go2_interfaces/go2_interfaces/msg/detail/low_state__struct.h
[15.118s] -- Symlinking: /home/htrice/go2_ros2_curr/install/go2_interfaces/include/go2_interfaces/go2_interfaces/msg/detail/low_state__type_support.h
[15.130s] -- Symlinking: /home/htrice/go2_ros2_curr/install/go2_interfaces/include/go2_interfaces/go2_interfaces/msg/detail/motor_cmd__functions.h
[15.143s] -- Symlinking: /home/htrice/go2_ros2_curr/install/go2_interfaces/include/go2_interfaces/go2_interfaces/msg/detail/motor_cmd__struct.h
[15.155s] -- Symlinking: /home/htrice/go2_ros2_curr/install/go2_interfaces/include/go2_interfaces/go2_interfaces/msg/detail/motor_cmd__type_support.h
[15.163s] -- Symlinking: /home/htrice/go2_ros2_curr/install/go2_interfaces/include/go2_interfaces/go2_interfaces/msg/detail/motor_cmds__functions.h
[15.176s] -- Symlinking: /home/htrice/go2_ros2_curr/install/go2_interfaces/include/go2_interfaces/go2_interfaces/msg/detail/motor_cmds__struct.h
[15.188s] -- Symlinking: /home/htrice/go2_ros2_curr/install/go2_interfaces/include/go2_interfaces/go2_interfaces/msg/detail/motor_cmds__type_support.h
[15.201s] -- Symlinking: /home/htrice/go2_ros2_curr/install/go2_interfaces/include/go2_interfaces/go2_interfaces/msg/detail/motor_state__functions.h
[15.213s] -- Symlinking: /home/htrice/go2_ros2_curr/install/go2_interfaces/include/go2_interfaces/go2_interfaces/msg/detail/motor_state__struct.h
[15.226s] -- Symlinking: /home/htrice/go2_ros2_curr/install/go2_interfaces/include/go2_interfaces/go2_interfaces/msg/detail/motor_state__type_support.h
[15.238s] -- Symlinking: /home/htrice/go2_ros2_curr/install/go2_interfaces/include/go2_interfaces/go2_interfaces/msg/detail/motor_states__functions.h
[15.251s] -- Symlinking: /home/htrice/go2_ros2_curr/install/go2_interfaces/include/go2_interfaces/go2_interfaces/msg/detail/motor_states__struct.h
[15.264s] -- Symlinking: /home/htrice/go2_ros2_curr/install/go2_interfaces/include/go2_interfaces/go2_interfaces/msg/detail/motor_states__type_support.h
[15.276s] -- Symlinking: /home/htrice/go2_ros2_curr/install/go2_interfaces/include/go2_interfaces/go2_interfaces/msg/detail/path_point__functions.h
[15.289s] -- Symlinking: /home/htrice/go2_ros2_curr/install/go2_interfaces/include/go2_interfaces/go2_interfaces/msg/detail/path_point__struct.h
[15.298s] -- Symlinking: /home/htrice/go2_ros2_curr/install/go2_interfaces/include/go2_interfaces/go2_interfaces/msg/detail/path_point__type_support.h
[15.310s] -- Symlinking: /home/htrice/go2_ros2_curr/install/go2_interfaces/include/go2_interfaces/go2_interfaces/msg/detail/req__functions.h
[15.322s] -- Symlinking: /home/htrice/go2_ros2_curr/install/go2_interfaces/include/go2_interfaces/go2_interfaces/msg/detail/req__struct.h
[15.334s] -- Symlinking: /home/htrice/go2_ros2_curr/install/go2_interfaces/include/go2_interfaces/go2_interfaces/msg/detail/req__type_support.h
[15.346s] -- Symlinking: /home/htrice/go2_ros2_curr/install/go2_interfaces/include/go2_interfaces/go2_interfaces/msg/detail/res__functions.h
[15.359s] -- Symlinking: /home/htrice/go2_ros2_curr/install/go2_interfaces/include/go2_interfaces/go2_interfaces/msg/detail/res__struct.h
[15.372s] -- Symlinking: /home/htrice/go2_ros2_curr/install/go2_interfaces/include/go2_interfaces/go2_interfaces/msg/detail/res__type_support.h
[15.381s] -- Symlinking: /home/htrice/go2_ros2_curr/install/go2_interfaces/include/go2_interfaces/go2_interfaces/msg/detail/sport_mode_cmd__functions.h
[15.393s] -- Symlinking: /home/htrice/go2_ros2_curr/install/go2_interfaces/include/go2_interfaces/go2_interfaces/msg/detail/sport_mode_cmd__struct.h
[15.405s] -- Symlinking: /home/htrice/go2_ros2_curr/install/go2_interfaces/include/go2_interfaces/go2_interfaces/msg/detail/sport_mode_cmd__type_support.h
[15.418s] -- Symlinking: /home/htrice/go2_ros2_curr/install/go2_interfaces/include/go2_interfaces/go2_interfaces/msg/detail/sport_mode_state__functions.h
[15.431s] -- Symlinking: /home/htrice/go2_ros2_curr/install/go2_interfaces/include/go2_interfaces/go2_interfaces/msg/detail/sport_mode_state__struct.h
[15.444s] -- Symlinking: /home/htrice/go2_ros2_curr/install/go2_interfaces/include/go2_interfaces/go2_interfaces/msg/detail/sport_mode_state__type_support.h
[15.456s] -- Symlinking: /home/htrice/go2_ros2_curr/install/go2_interfaces/include/go2_interfaces/go2_interfaces/msg/detail/time_spec__functions.h
[15.469s] -- Symlinking: /home/htrice/go2_ros2_curr/install/go2_interfaces/include/go2_interfaces/go2_interfaces/msg/detail/time_spec__struct.h
[15.479s] -- Symlinking: /home/htrice/go2_ros2_curr/install/go2_interfaces/include/go2_interfaces/go2_interfaces/msg/detail/time_spec__type_support.h
[15.491s] -- Symlinking: /home/htrice/go2_ros2_curr/install/go2_interfaces/include/go2_interfaces/go2_interfaces/msg/detail/uwb_state__functions.h
[15.504s] -- Symlinking: /home/htrice/go2_ros2_curr/install/go2_interfaces/include/go2_interfaces/go2_interfaces/msg/detail/uwb_state__struct.h
[15.517s] -- Symlinking: /home/htrice/go2_ros2_curr/install/go2_interfaces/include/go2_interfaces/go2_interfaces/msg/detail/uwb_state__type_support.h
[15.530s] -- Symlinking: /home/htrice/go2_ros2_curr/install/go2_interfaces/include/go2_interfaces/go2_interfaces/msg/detail/uwb_switch__functions.h
[15.543s] -- Symlinking: /home/htrice/go2_ros2_curr/install/go2_interfaces/include/go2_interfaces/go2_interfaces/msg/detail/uwb_switch__struct.h
[15.556s] -- Symlinking: /home/htrice/go2_ros2_curr/install/go2_interfaces/include/go2_interfaces/go2_interfaces/msg/detail/uwb_switch__type_support.h
[15.568s] -- Symlinking: /home/htrice/go2_ros2_curr/install/go2_interfaces/include/go2_interfaces/go2_interfaces/msg/detail/voxel_height_map_state__functions.h
[15.578s] -- Symlinking: /home/htrice/go2_ros2_curr/install/go2_interfaces/include/go2_interfaces/go2_interfaces/msg/detail/voxel_height_map_state__struct.h
[15.587s] -- Symlinking: /home/htrice/go2_ros2_curr/install/go2_interfaces/include/go2_interfaces/go2_interfaces/msg/detail/voxel_height_map_state__type_support.h
[15.599s] -- Symlinking: /home/htrice/go2_ros2_curr/install/go2_interfaces/include/go2_interfaces/go2_interfaces/msg/detail/voxel_map_compressed__functions.h
[15.611s] -- Symlinking: /home/htrice/go2_ros2_curr/install/go2_interfaces/include/go2_interfaces/go2_interfaces/msg/detail/voxel_map_compressed__struct.h
[15.623s] -- Symlinking: /home/htrice/go2_ros2_curr/install/go2_interfaces/include/go2_interfaces/go2_interfaces/msg/detail/voxel_map_compressed__type_support.h
[15.636s] -- Symlinking: /home/htrice/go2_ros2_curr/install/go2_interfaces/include/go2_interfaces/go2_interfaces/msg/detail/web_rtc_req__functions.h
[15.648s] -- Symlinking: /home/htrice/go2_ros2_curr/install/go2_interfaces/include/go2_interfaces/go2_interfaces/msg/detail/web_rtc_req__struct.h
[15.661s] -- Symlinking: /home/htrice/go2_ros2_curr/install/go2_interfaces/include/go2_interfaces/go2_interfaces/msg/detail/web_rtc_req__type_support.h
[15.674s] -- Symlinking: /home/htrice/go2_ros2_curr/install/go2_interfaces/include/go2_interfaces/go2_interfaces/msg/detail/wireless_controller__functions.h
[15.686s] -- Symlinking: /home/htrice/go2_ros2_curr/install/go2_interfaces/include/go2_interfaces/go2_interfaces/msg/detail/wireless_controller__struct.h
[15.699s] -- Symlinking: /home/htrice/go2_ros2_curr/install/go2_interfaces/include/go2_interfaces/go2_interfaces/msg/detail/wireless_controller__type_support.h
[15.711s] -- Symlinking: /home/htrice/go2_ros2_curr/install/go2_interfaces/include/go2_interfaces/go2_interfaces/msg/error.h
[15.723s] -- Symlinking: /home/htrice/go2_ros2_curr/install/go2_interfaces/include/go2_interfaces/go2_interfaces/msg/go2_cmd.h
[15.733s] -- Symlinking: /home/htrice/go2_ros2_curr/install/go2_interfaces/include/go2_interfaces/go2_interfaces/msg/go2_front_video_data.h
[15.745s] -- Symlinking: /home/htrice/go2_ros2_curr/install/go2_interfaces/include/go2_interfaces/go2_interfaces/msg/go2_move.h
[15.757s] -- Symlinking: /home/htrice/go2_ros2_curr/install/go2_interfaces/include/go2_interfaces/go2_interfaces/msg/go2_rpy_cmd.h
[15.768s] -- Symlinking: /home/htrice/go2_ros2_curr/install/go2_interfaces/include/go2_interfaces/go2_interfaces/msg/go2_state.h
[15.778s] -- Symlinking: /home/htrice/go2_ros2_curr/install/go2_interfaces/include/go2_interfaces/go2_interfaces/msg/height_map.h
[15.790s] -- Symlinking: /home/htrice/go2_ros2_curr/install/go2_interfaces/include/go2_interfaces/go2_interfaces/msg/imu.h
[15.803s] -- Symlinking: /home/htrice/go2_ros2_curr/install/go2_interfaces/include/go2_interfaces/go2_interfaces/msg/interface_config.h
[15.816s] -- Symlinking: /home/htrice/go2_ros2_curr/install/go2_interfaces/include/go2_interfaces/go2_interfaces/msg/lidar_state.h
[15.828s] -- Symlinking: /home/htrice/go2_ros2_curr/install/go2_interfaces/include/go2_interfaces/go2_interfaces/msg/low_cmd.h
[15.838s] -- Symlinking: /home/htrice/go2_ros2_curr/install/go2_interfaces/include/go2_interfaces/go2_interfaces/msg/low_state.h
[15.850s] -- Symlinking: /home/htrice/go2_ros2_curr/install/go2_interfaces/include/go2_interfaces/go2_interfaces/msg/motor_cmd.h
[15.861s] -- Symlinking: /home/htrice/go2_ros2_curr/install/go2_interfaces/include/go2_interfaces/go2_interfaces/msg/motor_cmds.h
[15.874s] -- Symlinking: /home/htrice/go2_ros2_curr/install/go2_interfaces/include/go2_interfaces/go2_interfaces/msg/motor_state.h
[15.886s] -- Symlinking: /home/htrice/go2_ros2_curr/install/go2_interfaces/include/go2_interfaces/go2_interfaces/msg/motor_states.h
[15.899s] -- Symlinking: /home/htrice/go2_ros2_curr/install/go2_interfaces/include/go2_interfaces/go2_interfaces/msg/path_point.h
[15.912s] -- Symlinking: /home/htrice/go2_ros2_curr/install/go2_interfaces/include/go2_interfaces/go2_interfaces/msg/req.h
[15.924s] -- Symlinking: /home/htrice/go2_ros2_curr/install/go2_interfaces/include/go2_interfaces/go2_interfaces/msg/res.h
[15.937s] -- Symlinking: /home/htrice/go2_ros2_curr/install/go2_interfaces/include/go2_interfaces/go2_interfaces/msg/rosidl_generator_c__visibility_control.h
[15.949s] -- Symlinking: /home/htrice/go2_ros2_curr/install/go2_interfaces/include/go2_interfaces/go2_interfaces/msg/sport_mode_cmd.h
[15.959s] -- Symlinking: /home/htrice/go2_ros2_curr/install/go2_interfaces/include/go2_interfaces/go2_interfaces/msg/sport_mode_state.h
[15.971s] -- Symlinking: /home/htrice/go2_ros2_curr/install/go2_interfaces/include/go2_interfaces/go2_interfaces/msg/time_spec.h
[15.983s] -- Symlinking: /home/htrice/go2_ros2_curr/install/go2_interfaces/include/go2_interfaces/go2_interfaces/msg/uwb_state.h
[15.996s] -- Symlinking: /home/htrice/go2_ros2_curr/install/go2_interfaces/include/go2_interfaces/go2_interfaces/msg/uwb_switch.h
[16.009s] -- Symlinking: /home/htrice/go2_ros2_curr/install/go2_interfaces/include/go2_interfaces/go2_interfaces/msg/voxel_height_map_state.h
[16.022s] -- Symlinking: /home/htrice/go2_ros2_curr/install/go2_interfaces/include/go2_interfaces/go2_interfaces/msg/voxel_map_compressed.h
[16.034s] -- Symlinking: /home/htrice/go2_ros2_curr/install/go2_interfaces/include/go2_interfaces/go2_interfaces/msg/web_rtc_req.h
[16.043s] -- Symlinking: /home/htrice/go2_ros2_curr/install/go2_interfaces/include/go2_interfaces/go2_interfaces/msg/wireless_controller.h
[16.056s] -- Symlinking: /home/htrice/go2_ros2_curr/install/go2_interfaces/share/go2_interfaces/environment/library_path.sh
[16.068s] -- Symlinking: /home/htrice/go2_ros2_curr/install/go2_interfaces/share/go2_interfaces/environment/library_path.dsv
[16.084s] -- Symlinking: /home/htrice/go2_ros2_curr/install/go2_interfaces/include/go2_interfaces/go2_interfaces/msg/detail/audio_data__rosidl_typesupport_fastrtps_c.h
[16.097s] -- Symlinking: /home/htrice/go2_ros2_curr/install/go2_interfaces/include/go2_interfaces/go2_interfaces/msg/detail/bms_cmd__rosidl_typesupport_fastrtps_c.h
[16.108s] -- Symlinking: /home/htrice/go2_ros2_curr/install/go2_interfaces/include/go2_interfaces/go2_interfaces/msg/detail/bms_state__rosidl_typesupport_fastrtps_c.h
[16.121s] -- Symlinking: /home/htrice/go2_ros2_curr/install/go2_interfaces/include/go2_interfaces/go2_interfaces/msg/detail/error__rosidl_typesupport_fastrtps_c.h
[16.134s] -- Symlinking: /home/htrice/go2_ros2_curr/install/go2_interfaces/include/go2_interfaces/go2_interfaces/msg/detail/go2_cmd__rosidl_typesupport_fastrtps_c.h
[16.146s] -- Symlinking: /home/htrice/go2_ros2_curr/install/go2_interfaces/include/go2_interfaces/go2_interfaces/msg/detail/go2_front_video_data__rosidl_typesupport_fastrtps_c.h
[16.158s] -- Symlinking: /home/htrice/go2_ros2_curr/install/go2_interfaces/include/go2_interfaces/go2_interfaces/msg/detail/go2_move__rosidl_typesupport_fastrtps_c.h
[16.171s] -- Symlinking: /home/htrice/go2_ros2_curr/install/go2_interfaces/include/go2_interfaces/go2_interfaces/msg/detail/go2_rpy_cmd__rosidl_typesupport_fastrtps_c.h
[16.184s] -- Symlinking: /home/htrice/go2_ros2_curr/install/go2_interfaces/include/go2_interfaces/go2_interfaces/msg/detail/go2_state__rosidl_typesupport_fastrtps_c.h
[16.196s] -- Symlinking: /home/htrice/go2_ros2_curr/install/go2_interfaces/include/go2_interfaces/go2_interfaces/msg/detail/height_map__rosidl_typesupport_fastrtps_c.h
[16.208s] -- Symlinking: /home/htrice/go2_ros2_curr/install/go2_interfaces/include/go2_interfaces/go2_interfaces/msg/detail/imu__rosidl_typesupport_fastrtps_c.h
[16.221s] -- Symlinking: /home/htrice/go2_ros2_curr/install/go2_interfaces/include/go2_interfaces/go2_interfaces/msg/detail/interface_config__rosidl_typesupport_fastrtps_c.h
[16.233s] -- Symlinking: /home/htrice/go2_ros2_curr/install/go2_interfaces/include/go2_interfaces/go2_interfaces/msg/detail/lidar_state__rosidl_typesupport_fastrtps_c.h
[16.246s] -- Symlinking: /home/htrice/go2_ros2_curr/install/go2_interfaces/include/go2_interfaces/go2_interfaces/msg/detail/low_cmd__rosidl_typesupport_fastrtps_c.h
[16.259s] -- Symlinking: /home/htrice/go2_ros2_curr/install/go2_interfaces/include/go2_interfaces/go2_interfaces/msg/detail/low_state__rosidl_typesupport_fastrtps_c.h
[16.269s] -- Symlinking: /home/htrice/go2_ros2_curr/install/go2_interfaces/include/go2_interfaces/go2_interfaces/msg/detail/motor_cmd__rosidl_typesupport_fastrtps_c.h
[16.278s] -- Symlinking: /home/htrice/go2_ros2_curr/install/go2_interfaces/include/go2_interfaces/go2_interfaces/msg/detail/motor_cmds__rosidl_typesupport_fastrtps_c.h
[16.291s] -- Symlinking: /home/htrice/go2_ros2_curr/install/go2_interfaces/include/go2_interfaces/go2_interfaces/msg/detail/motor_state__rosidl_typesupport_fastrtps_c.h
[16.302s] -- Symlinking: /home/htrice/go2_ros2_curr/install/go2_interfaces/include/go2_interfaces/go2_interfaces/msg/detail/motor_states__rosidl_typesupport_fastrtps_c.h
[16.315s] -- Symlinking: /home/htrice/go2_ros2_curr/install/go2_interfaces/include/go2_interfaces/go2_interfaces/msg/detail/path_point__rosidl_typesupport_fastrtps_c.h
[16.328s] -- Symlinking: /home/htrice/go2_ros2_curr/install/go2_interfaces/include/go2_interfaces/go2_interfaces/msg/detail/req__rosidl_typesupport_fastrtps_c.h
[16.340s] -- Symlinking: /home/htrice/go2_ros2_curr/install/go2_interfaces/include/go2_interfaces/go2_interfaces/msg/detail/res__rosidl_typesupport_fastrtps_c.h
[16.353s] -- Symlinking: /home/htrice/go2_ros2_curr/install/go2_interfaces/include/go2_interfaces/go2_interfaces/msg/detail/sport_mode_cmd__rosidl_typesupport_fastrtps_c.h
[16.366s] -- Symlinking: /home/htrice/go2_ros2_curr/install/go2_interfaces/include/go2_interfaces/go2_interfaces/msg/detail/sport_mode_state__rosidl_typesupport_fastrtps_c.h
[16.378s] -- Symlinking: /home/htrice/go2_ros2_curr/install/go2_interfaces/include/go2_interfaces/go2_interfaces/msg/detail/time_spec__rosidl_typesupport_fastrtps_c.h
[16.386s] -- Symlinking: /home/htrice/go2_ros2_curr/install/go2_interfaces/include/go2_interfaces/go2_interfaces/msg/detail/uwb_state__rosidl_typesupport_fastrtps_c.h
[16.398s] -- Symlinking: /home/htrice/go2_ros2_curr/install/go2_interfaces/include/go2_interfaces/go2_interfaces/msg/detail/uwb_switch__rosidl_typesupport_fastrtps_c.h
[16.410s] -- Symlinking: /home/htrice/go2_ros2_curr/install/go2_interfaces/include/go2_interfaces/go2_interfaces/msg/detail/voxel_height_map_state__rosidl_typesupport_fastrtps_c.h
[16.423s] -- Symlinking: /home/htrice/go2_ros2_curr/install/go2_interfaces/include/go2_interfaces/go2_interfaces/msg/detail/voxel_map_compressed__rosidl_typesupport_fastrtps_c.h
[16.436s] -- Symlinking: /home/htrice/go2_ros2_curr/install/go2_interfaces/include/go2_interfaces/go2_interfaces/msg/detail/web_rtc_req__rosidl_typesupport_fastrtps_c.h
[16.449s] -- Symlinking: /home/htrice/go2_ros2_curr/install/go2_interfaces/include/go2_interfaces/go2_interfaces/msg/detail/wireless_controller__rosidl_typesupport_fastrtps_c.h
[16.462s] -- Symlinking: /home/htrice/go2_ros2_curr/install/go2_interfaces/include/go2_interfaces/go2_interfaces/msg/rosidl_typesupport_fastrtps_c__visibility_control.h
[16.479s] -- Symlinking: /home/htrice/go2_ros2_curr/install/go2_interfaces/include/go2_interfaces/go2_interfaces/msg/audio_data.hpp
[16.487s] -- Symlinking: /home/htrice/go2_ros2_curr/install/go2_interfaces/include/go2_interfaces/go2_interfaces/msg/bms_cmd.hpp
[16.499s] -- Symlinking: /home/htrice/go2_ros2_curr/install/go2_interfaces/include/go2_interfaces/go2_interfaces/msg/bms_state.hpp
[16.511s] -- Symlinking: /home/htrice/go2_ros2_curr/install/go2_interfaces/include/go2_interfaces/go2_interfaces/msg/detail/audio_data__builder.hpp
[16.523s] -- Symlinking: /home/htrice/go2_ros2_curr/install/go2_interfaces/include/go2_interfaces/go2_interfaces/msg/detail/audio_data__struct.hpp
[16.536s] -- Symlinking: /home/htrice/go2_ros2_curr/install/go2_interfaces/include/go2_interfaces/go2_interfaces/msg/detail/audio_data__traits.hpp
[16.548s] -- Symlinking: /home/htrice/go2_ros2_curr/install/go2_interfaces/include/go2_interfaces/go2_interfaces/msg/detail/audio_data__type_support.hpp
[16.560s] -- Symlinking: /home/htrice/go2_ros2_curr/install/go2_interfaces/include/go2_interfaces/go2_interfaces/msg/detail/bms_cmd__builder.hpp
[16.573s] -- Symlinking: /home/htrice/go2_ros2_curr/install/go2_interfaces/include/go2_interfaces/go2_interfaces/msg/detail/bms_cmd__struct.hpp
[16.585s] -- Symlinking: /home/htrice/go2_ros2_curr/install/go2_interfaces/include/go2_interfaces/go2_interfaces/msg/detail/bms_cmd__traits.hpp
[16.598s] -- Symlinking: /home/htrice/go2_ros2_curr/install/go2_interfaces/include/go2_interfaces/go2_interfaces/msg/detail/bms_cmd__type_support.hpp
[16.610s] -- Symlinking: /home/htrice/go2_ros2_curr/install/go2_interfaces/include/go2_interfaces/go2_interfaces/msg/detail/bms_state__builder.hpp
[16.623s] -- Symlinking: /home/htrice/go2_ros2_curr/install/go2_interfaces/include/go2_interfaces/go2_interfaces/msg/detail/bms_state__struct.hpp
[16.636s] -- Symlinking: /home/htrice/go2_ros2_curr/install/go2_interfaces/include/go2_interfaces/go2_interfaces/msg/detail/bms_state__traits.hpp
[16.648s] -- Symlinking: /home/htrice/go2_ros2_curr/install/go2_interfaces/include/go2_interfaces/go2_interfaces/msg/detail/bms_state__type_support.hpp
[16.661s] -- Symlinking: /home/htrice/go2_ros2_curr/install/go2_interfaces/include/go2_interfaces/go2_interfaces/msg/detail/error__builder.hpp
[16.674s] -- Symlinking: /home/htrice/go2_ros2_curr/install/go2_interfaces/include/go2_interfaces/go2_interfaces/msg/detail/error__struct.hpp
[16.686s] -- Symlinking: /home/htrice/go2_ros2_curr/install/go2_interfaces/include/go2_interfaces/go2_interfaces/msg/detail/error__traits.hpp
[16.699s] -- Symlinking: /home/htrice/go2_ros2_curr/install/go2_interfaces/include/go2_interfaces/go2_interfaces/msg/detail/error__type_support.hpp
[16.711s] -- Symlinking: /home/htrice/go2_ros2_curr/install/go2_interfaces/include/go2_interfaces/go2_interfaces/msg/detail/go2_cmd__builder.hpp
[16.723s] -- Symlinking: /home/htrice/go2_ros2_curr/install/go2_interfaces/include/go2_interfaces/go2_interfaces/msg/detail/go2_cmd__struct.hpp
[16.736s] -- Symlinking: /home/htrice/go2_ros2_curr/install/go2_interfaces/include/go2_interfaces/go2_interfaces/msg/detail/go2_cmd__traits.hpp
[16.749s] -- Symlinking: /home/htrice/go2_ros2_curr/install/go2_interfaces/include/go2_interfaces/go2_interfaces/msg/detail/go2_cmd__type_support.hpp
[16.761s] -- Symlinking: /home/htrice/go2_ros2_curr/install/go2_interfaces/include/go2_interfaces/go2_interfaces/msg/detail/go2_front_video_data__builder.hpp
[16.773s] -- Symlinking: /home/htrice/go2_ros2_curr/install/go2_interfaces/include/go2_interfaces/go2_interfaces/msg/detail/go2_front_video_data__struct.hpp
[16.786s] -- Symlinking: /home/htrice/go2_ros2_curr/install/go2_interfaces/include/go2_interfaces/go2_interfaces/msg/detail/go2_front_video_data__traits.hpp
[16.798s] -- Symlinking: /home/htrice/go2_ros2_curr/install/go2_interfaces/include/go2_interfaces/go2_interfaces/msg/detail/go2_front_video_data__type_support.hpp
[16.811s] -- Symlinking: /home/htrice/go2_ros2_curr/install/go2_interfaces/include/go2_interfaces/go2_interfaces/msg/detail/go2_move__builder.hpp
[16.823s] -- Symlinking: /home/htrice/go2_ros2_curr/install/go2_interfaces/include/go2_interfaces/go2_interfaces/msg/detail/go2_move__struct.hpp
[16.836s] -- Symlinking: /home/htrice/go2_ros2_curr/install/go2_interfaces/include/go2_interfaces/go2_interfaces/msg/detail/go2_move__traits.hpp
[16.848s] -- Symlinking: /home/htrice/go2_ros2_curr/install/go2_interfaces/include/go2_interfaces/go2_interfaces/msg/detail/go2_move__type_support.hpp
[16.861s] -- Symlinking: /home/htrice/go2_ros2_curr/install/go2_interfaces/include/go2_interfaces/go2_interfaces/msg/detail/go2_rpy_cmd__builder.hpp
[16.874s] -- Symlinking: /home/htrice/go2_ros2_curr/install/go2_interfaces/include/go2_interfaces/go2_interfaces/msg/detail/go2_rpy_cmd__struct.hpp
[16.887s] -- Symlinking: /home/htrice/go2_ros2_curr/install/go2_interfaces/include/go2_interfaces/go2_interfaces/msg/detail/go2_rpy_cmd__traits.hpp
[16.899s] -- Symlinking: /home/htrice/go2_ros2_curr/install/go2_interfaces/include/go2_interfaces/go2_interfaces/msg/detail/go2_rpy_cmd__type_support.hpp
[16.911s] -- Symlinking: /home/htrice/go2_ros2_curr/install/go2_interfaces/include/go2_interfaces/go2_interfaces/msg/detail/go2_state__builder.hpp
[16.924s] -- Symlinking: /home/htrice/go2_ros2_curr/install/go2_interfaces/include/go2_interfaces/go2_interfaces/msg/detail/go2_state__struct.hpp
[16.937s] -- Symlinking: /home/htrice/go2_ros2_curr/install/go2_interfaces/include/go2_interfaces/go2_interfaces/msg/detail/go2_state__traits.hpp
[16.949s] -- Symlinking: /home/htrice/go2_ros2_curr/install/go2_interfaces/include/go2_interfaces/go2_interfaces/msg/detail/go2_state__type_support.hpp
[16.959s] -- Symlinking: /home/htrice/go2_ros2_curr/install/go2_interfaces/include/go2_interfaces/go2_interfaces/msg/detail/height_map__builder.hpp
[16.971s] -- Symlinking: /home/htrice/go2_ros2_curr/install/go2_interfaces/include/go2_interfaces/go2_interfaces/msg/detail/height_map__struct.hpp
[16.984s] -- Symlinking: /home/htrice/go2_ros2_curr/install/go2_interfaces/include/go2_interfaces/go2_interfaces/msg/detail/height_map__traits.hpp
[16.996s] -- Symlinking: /home/htrice/go2_ros2_curr/install/go2_interfaces/include/go2_interfaces/go2_interfaces/msg/detail/height_map__type_support.hpp
[17.007s] -- Symlinking: /home/htrice/go2_ros2_curr/install/go2_interfaces/include/go2_interfaces/go2_interfaces/msg/detail/imu__builder.hpp
[17.020s] -- Symlinking: /home/htrice/go2_ros2_curr/install/go2_interfaces/include/go2_interfaces/go2_interfaces/msg/detail/imu__struct.hpp
[17.033s] -- Symlinking: /home/htrice/go2_ros2_curr/install/go2_interfaces/include/go2_interfaces/go2_interfaces/msg/detail/imu__traits.hpp
[17.045s] -- Symlinking: /home/htrice/go2_ros2_curr/install/go2_interfaces/include/go2_interfaces/go2_interfaces/msg/detail/imu__type_support.hpp
[17.058s] -- Symlinking: /home/htrice/go2_ros2_curr/install/go2_interfaces/include/go2_interfaces/go2_interfaces/msg/detail/interface_config__builder.hpp
[17.070s] -- Symlinking: /home/htrice/go2_ros2_curr/install/go2_interfaces/include/go2_interfaces/go2_interfaces/msg/detail/interface_config__struct.hpp
[17.083s] -- Symlinking: /home/htrice/go2_ros2_curr/install/go2_interfaces/include/go2_interfaces/go2_interfaces/msg/detail/interface_config__traits.hpp
[17.096s] -- Symlinking: /home/htrice/go2_ros2_curr/install/go2_interfaces/include/go2_interfaces/go2_interfaces/msg/detail/interface_config__type_support.hpp
[17.109s] -- Symlinking: /home/htrice/go2_ros2_curr/install/go2_interfaces/include/go2_interfaces/go2_interfaces/msg/detail/lidar_state__builder.hpp
[17.121s] -- Symlinking: /home/htrice/go2_ros2_curr/install/go2_interfaces/include/go2_interfaces/go2_interfaces/msg/detail/lidar_state__struct.hpp
[17.134s] -- Symlinking: /home/htrice/go2_ros2_curr/install/go2_interfaces/include/go2_interfaces/go2_interfaces/msg/detail/lidar_state__traits.hpp
[17.147s] -- Symlinking: /home/htrice/go2_ros2_curr/install/go2_interfaces/include/go2_interfaces/go2_interfaces/msg/detail/lidar_state__type_support.hpp
[17.159s] -- Symlinking: /home/htrice/go2_ros2_curr/install/go2_interfaces/include/go2_interfaces/go2_interfaces/msg/detail/low_cmd__builder.hpp
[17.172s] -- Symlinking: /home/htrice/go2_ros2_curr/install/go2_interfaces/include/go2_interfaces/go2_interfaces/msg/detail/low_cmd__struct.hpp
[17.181s] -- Symlinking: /home/htrice/go2_ros2_curr/install/go2_interfaces/include/go2_interfaces/go2_interfaces/msg/detail/low_cmd__traits.hpp
[17.192s] -- Symlinking: /home/htrice/go2_ros2_curr/install/go2_interfaces/include/go2_interfaces/go2_interfaces/msg/detail/low_cmd__type_support.hpp
[17.204s] -- Symlinking: /home/htrice/go2_ros2_curr/install/go2_interfaces/include/go2_interfaces/go2_interfaces/msg/detail/low_state__builder.hpp
[17.217s] -- Symlinking: /home/htrice/go2_ros2_curr/install/go2_interfaces/include/go2_interfaces/go2_interfaces/msg/detail/low_state__struct.hpp
[17.229s] -- Symlinking: /home/htrice/go2_ros2_curr/install/go2_interfaces/include/go2_interfaces/go2_interfaces/msg/detail/low_state__traits.hpp
[17.242s] -- Symlinking: /home/htrice/go2_ros2_curr/install/go2_interfaces/include/go2_interfaces/go2_interfaces/msg/detail/low_state__type_support.hpp
[17.254s] -- Symlinking: /home/htrice/go2_ros2_curr/install/go2_interfaces/include/go2_interfaces/go2_interfaces/msg/detail/motor_cmd__builder.hpp
[17.266s] -- Symlinking: /home/htrice/go2_ros2_curr/install/go2_interfaces/include/go2_interfaces/go2_interfaces/msg/detail/motor_cmd__struct.hpp
[17.279s] -- Symlinking: /home/htrice/go2_ros2_curr/install/go2_interfaces/include/go2_interfaces/go2_interfaces/msg/detail/motor_cmd__traits.hpp
[17.291s] -- Symlinking: /home/htrice/go2_ros2_curr/install/go2_interfaces/include/go2_interfaces/go2_interfaces/msg/detail/motor_cmd__type_support.hpp
[17.304s] -- Symlinking: /home/htrice/go2_ros2_curr/install/go2_interfaces/include/go2_interfaces/go2_interfaces/msg/detail/motor_cmds__builder.hpp
[17.316s] -- Symlinking: /home/htrice/go2_ros2_curr/install/go2_interfaces/include/go2_interfaces/go2_interfaces/msg/detail/motor_cmds__struct.hpp
[17.329s] -- Symlinking: /home/htrice/go2_ros2_curr/install/go2_interfaces/include/go2_interfaces/go2_interfaces/msg/detail/motor_cmds__traits.hpp
[17.341s] -- Symlinking: /home/htrice/go2_ros2_curr/install/go2_interfaces/include/go2_interfaces/go2_interfaces/msg/detail/motor_cmds__type_support.hpp
[17.354s] -- Symlinking: /home/htrice/go2_ros2_curr/install/go2_interfaces/include/go2_interfaces/go2_interfaces/msg/detail/motor_state__builder.hpp
[17.367s] -- Symlinking: /home/htrice/go2_ros2_curr/install/go2_interfaces/include/go2_interfaces/go2_interfaces/msg/detail/motor_state__struct.hpp
[17.379s] -- Symlinking: /home/htrice/go2_ros2_curr/install/go2_interfaces/include/go2_interfaces/go2_interfaces/msg/detail/motor_state__traits.hpp
[17.392s] -- Symlinking: /home/htrice/go2_ros2_curr/install/go2_interfaces/include/go2_interfaces/go2_interfaces/msg/detail/motor_state__type_support.hpp
[17.404s] -- Symlinking: /home/htrice/go2_ros2_curr/install/go2_interfaces/include/go2_interfaces/go2_interfaces/msg/detail/motor_states__builder.hpp
[17.416s] -- Symlinking: /home/htrice/go2_ros2_curr/install/go2_interfaces/include/go2_interfaces/go2_interfaces/msg/detail/motor_states__struct.hpp
[17.429s] -- Symlinking: /home/htrice/go2_ros2_curr/install/go2_interfaces/include/go2_interfaces/go2_interfaces/msg/detail/motor_states__traits.hpp
[17.441s] -- Symlinking: /home/htrice/go2_ros2_curr/install/go2_interfaces/include/go2_interfaces/go2_interfaces/msg/detail/motor_states__type_support.hpp
[17.453s] -- Symlinking: /home/htrice/go2_ros2_curr/install/go2_interfaces/include/go2_interfaces/go2_interfaces/msg/detail/path_point__builder.hpp
[17.466s] -- Symlinking: /home/htrice/go2_ros2_curr/install/go2_interfaces/include/go2_interfaces/go2_interfaces/msg/detail/path_point__struct.hpp
[17.478s] -- Symlinking: /home/htrice/go2_ros2_curr/install/go2_interfaces/include/go2_interfaces/go2_interfaces/msg/detail/path_point__traits.hpp
[17.491s] -- Symlinking: /home/htrice/go2_ros2_curr/install/go2_interfaces/include/go2_interfaces/go2_interfaces/msg/detail/path_point__type_support.hpp
[17.503s] -- Symlinking: /home/htrice/go2_ros2_curr/install/go2_interfaces/include/go2_interfaces/go2_interfaces/msg/detail/req__builder.hpp
[17.515s] -- Symlinking: /home/htrice/go2_ros2_curr/install/go2_interfaces/include/go2_interfaces/go2_interfaces/msg/detail/req__struct.hpp
[17.528s] -- Symlinking: /home/htrice/go2_ros2_curr/install/go2_interfaces/include/go2_interfaces/go2_interfaces/msg/detail/req__traits.hpp
[17.540s] -- Symlinking: /home/htrice/go2_ros2_curr/install/go2_interfaces/include/go2_interfaces/go2_interfaces/msg/detail/req__type_support.hpp
[17.553s] -- Symlinking: /home/htrice/go2_ros2_curr/install/go2_interfaces/include/go2_interfaces/go2_interfaces/msg/detail/res__builder.hpp
[17.565s] -- Symlinking: /home/htrice/go2_ros2_curr/install/go2_interfaces/include/go2_interfaces/go2_interfaces/msg/detail/res__struct.hpp
[17.578s] -- Symlinking: /home/htrice/go2_ros2_curr/install/go2_interfaces/include/go2_interfaces/go2_interfaces/msg/detail/res__traits.hpp
[17.590s] -- Symlinking: /home/htrice/go2_ros2_curr/install/go2_interfaces/include/go2_interfaces/go2_interfaces/msg/detail/res__type_support.hpp
[17.603s] -- Symlinking: /home/htrice/go2_ros2_curr/install/go2_interfaces/include/go2_interfaces/go2_interfaces/msg/detail/sport_mode_cmd__builder.hpp
[17.615s] -- Symlinking: /home/htrice/go2_ros2_curr/install/go2_interfaces/include/go2_interfaces/go2_interfaces/msg/detail/sport_mode_cmd__struct.hpp
[17.628s] -- Symlinking: /home/htrice/go2_ros2_curr/install/go2_interfaces/include/go2_interfaces/go2_interfaces/msg/detail/sport_mode_cmd__traits.hpp
[17.640s] -- Symlinking: /home/htrice/go2_ros2_curr/install/go2_interfaces/include/go2_interfaces/go2_interfaces/msg/detail/sport_mode_cmd__type_support.hpp
[17.648s] -- Symlinking: /home/htrice/go2_ros2_curr/install/go2_interfaces/include/go2_interfaces/go2_interfaces/msg/detail/sport_mode_state__builder.hpp
[17.660s] -- Symlinking: /home/htrice/go2_ros2_curr/install/go2_interfaces/include/go2_interfaces/go2_interfaces/msg/detail/sport_mode_state__struct.hpp
[17.673s] -- Symlinking: /home/htrice/go2_ros2_curr/install/go2_interfaces/include/go2_interfaces/go2_interfaces/msg/detail/sport_mode_state__traits.hpp
[17.682s] -- Symlinking: /home/htrice/go2_ros2_curr/install/go2_interfaces/include/go2_interfaces/go2_interfaces/msg/detail/sport_mode_state__type_support.hpp
[17.694s] -- Symlinking: /home/htrice/go2_ros2_curr/install/go2_interfaces/include/go2_interfaces/go2_interfaces/msg/detail/time_spec__builder.hpp
[17.705s] -- Symlinking: /home/htrice/go2_ros2_curr/install/go2_interfaces/include/go2_interfaces/go2_interfaces/msg/detail/time_spec__struct.hpp
[17.718s] -- Symlinking: /home/htrice/go2_ros2_curr/install/go2_interfaces/include/go2_interfaces/go2_interfaces/msg/detail/time_spec__traits.hpp
[17.731s] -- Symlinking: /home/htrice/go2_ros2_curr/install/go2_interfaces/include/go2_interfaces/go2_interfaces/msg/detail/time_spec__type_support.hpp
[17.744s] -- Symlinking: /home/htrice/go2_ros2_curr/install/go2_interfaces/include/go2_interfaces/go2_interfaces/msg/detail/uwb_state__builder.hpp
[17.756s] -- Symlinking: /home/htrice/go2_ros2_curr/install/go2_interfaces/include/go2_interfaces/go2_interfaces/msg/detail/uwb_state__struct.hpp
[17.769s] -- Symlinking: /home/htrice/go2_ros2_curr/install/go2_interfaces/include/go2_interfaces/go2_interfaces/msg/detail/uwb_state__traits.hpp
[17.781s] -- Symlinking: /home/htrice/go2_ros2_curr/install/go2_interfaces/include/go2_interfaces/go2_interfaces/msg/detail/uwb_state__type_support.hpp
[17.791s] -- Symlinking: /home/htrice/go2_ros2_curr/install/go2_interfaces/include/go2_interfaces/go2_interfaces/msg/detail/uwb_switch__builder.hpp
[17.803s] -- Symlinking: /home/htrice/go2_ros2_curr/install/go2_interfaces/include/go2_interfaces/go2_interfaces/msg/detail/uwb_switch__struct.hpp
[17.814s] -- Symlinking: /home/htrice/go2_ros2_curr/install/go2_interfaces/include/go2_interfaces/go2_interfaces/msg/detail/uwb_switch__traits.hpp
[17.827s] -- Symlinking: /home/htrice/go2_ros2_curr/install/go2_interfaces/include/go2_interfaces/go2_interfaces/msg/detail/uwb_switch__type_support.hpp
[17.839s] -- Symlinking: /home/htrice/go2_ros2_curr/install/go2_interfaces/include/go2_interfaces/go2_interfaces/msg/detail/voxel_height_map_state__builder.hpp
[17.851s] -- Symlinking: /home/htrice/go2_ros2_curr/install/go2_interfaces/include/go2_interfaces/go2_interfaces/msg/detail/voxel_height_map_state__struct.hpp
[17.864s] -- Symlinking: /home/htrice/go2_ros2_curr/install/go2_interfaces/include/go2_interfaces/go2_interfaces/msg/detail/voxel_height_map_state__traits.hpp
[17.876s] -- Symlinking: /home/htrice/go2_ros2_curr/install/go2_interfaces/include/go2_interfaces/go2_interfaces/msg/detail/voxel_height_map_state__type_support.hpp
[17.889s] -- Symlinking: /home/htrice/go2_ros2_curr/install/go2_interfaces/include/go2_interfaces/go2_interfaces/msg/detail/voxel_map_compressed__builder.hpp
[17.899s] -- Symlinking: /home/htrice/go2_ros2_curr/install/go2_interfaces/include/go2_interfaces/go2_interfaces/msg/detail/voxel_map_compressed__struct.hpp
[17.910s] -- Symlinking: /home/htrice/go2_ros2_curr/install/go2_interfaces/include/go2_interfaces/go2_interfaces/msg/detail/voxel_map_compressed__traits.hpp
[17.923s] -- Symlinking: /home/htrice/go2_ros2_curr/install/go2_interfaces/include/go2_interfaces/go2_interfaces/msg/detail/voxel_map_compressed__type_support.hpp
[17.936s] -- Symlinking: /home/htrice/go2_ros2_curr/install/go2_interfaces/include/go2_interfaces/go2_interfaces/msg/detail/web_rtc_req__builder.hpp
[17.949s] -- Symlinking: /home/htrice/go2_ros2_curr/install/go2_interfaces/include/go2_interfaces/go2_interfaces/msg/detail/web_rtc_req__struct.hpp
[17.961s] -- Symlinking: /home/htrice/go2_ros2_curr/install/go2_interfaces/include/go2_interfaces/go2_interfaces/msg/detail/web_rtc_req__traits.hpp
[17.974s] -- Symlinking: /home/htrice/go2_ros2_curr/install/go2_interfaces/include/go2_interfaces/go2_interfaces/msg/detail/web_rtc_req__type_support.hpp
[17.986s] -- Symlinking: /home/htrice/go2_ros2_curr/install/go2_interfaces/include/go2_interfaces/go2_interfaces/msg/detail/wireless_controller__builder.hpp
[17.999s] -- Symlinking: /home/htrice/go2_ros2_curr/install/go2_interfaces/include/go2_interfaces/go2_interfaces/msg/detail/wireless_controller__struct.hpp
[18.012s] -- Symlinking: /home/htrice/go2_ros2_curr/install/go2_interfaces/include/go2_interfaces/go2_interfaces/msg/detail/wireless_controller__traits.hpp
[18.024s] -- Symlinking: /home/htrice/go2_ros2_curr/install/go2_interfaces/include/go2_interfaces/go2_interfaces/msg/detail/wireless_controller__type_support.hpp
[18.037s] -- Symlinking: /home/htrice/go2_ros2_curr/install/go2_interfaces/include/go2_interfaces/go2_interfaces/msg/error.hpp
[18.050s] -- Symlinking: /home/htrice/go2_ros2_curr/install/go2_interfaces/include/go2_interfaces/go2_interfaces/msg/go2_cmd.hpp
[18.062s] -- Symlinking: /home/htrice/go2_ros2_curr/install/go2_interfaces/include/go2_interfaces/go2_interfaces/msg/go2_front_video_data.hpp
[18.075s] -- Symlinking: /home/htrice/go2_ros2_curr/install/go2_interfaces/include/go2_interfaces/go2_interfaces/msg/go2_move.hpp
[18.083s] -- Symlinking: /home/htrice/go2_ros2_curr/install/go2_interfaces/include/go2_interfaces/go2_interfaces/msg/go2_rpy_cmd.hpp
[18.096s] -- Symlinking: /home/htrice/go2_ros2_curr/install/go2_interfaces/include/go2_interfaces/go2_interfaces/msg/go2_state.hpp
[18.108s] -- Symlinking: /home/htrice/go2_ros2_curr/install/go2_interfaces/include/go2_interfaces/go2_interfaces/msg/height_map.hpp
[18.121s] -- Symlinking: /home/htrice/go2_ros2_curr/install/go2_interfaces/include/go2_interfaces/go2_interfaces/msg/imu.hpp
[18.133s] -- Symlinking: /home/htrice/go2_ros2_curr/install/go2_interfaces/include/go2_interfaces/go2_interfaces/msg/interface_config.hpp
[18.146s] -- Symlinking: /home/htrice/go2_ros2_curr/install/go2_interfaces/include/go2_interfaces/go2_interfaces/msg/lidar_state.hpp
[18.159s] -- Symlinking: /home/htrice/go2_ros2_curr/install/go2_interfaces/include/go2_interfaces/go2_interfaces/msg/low_cmd.hpp
[18.171s] -- Symlinking: /home/htrice/go2_ros2_curr/install/go2_interfaces/include/go2_interfaces/go2_interfaces/msg/low_state.hpp
[18.184s] -- Symlinking: /home/htrice/go2_ros2_curr/install/go2_interfaces/include/go2_interfaces/go2_interfaces/msg/motor_cmd.hpp
[18.196s] -- Symlinking: /home/htrice/go2_ros2_curr/install/go2_interfaces/include/go2_interfaces/go2_interfaces/msg/motor_cmds.hpp
[18.209s] -- Symlinking: /home/htrice/go2_ros2_curr/install/go2_interfaces/include/go2_interfaces/go2_interfaces/msg/motor_state.hpp
[18.221s] -- Symlinking: /home/htrice/go2_ros2_curr/install/go2_interfaces/include/go2_interfaces/go2_interfaces/msg/motor_states.hpp
[18.234s] -- Symlinking: /home/htrice/go2_ros2_curr/install/go2_interfaces/include/go2_interfaces/go2_interfaces/msg/path_point.hpp
[18.246s] -- Symlinking: /home/htrice/go2_ros2_curr/install/go2_interfaces/include/go2_interfaces/go2_interfaces/msg/req.hpp
[18.259s] -- Symlinking: /home/htrice/go2_ros2_curr/install/go2_interfaces/include/go2_interfaces/go2_interfaces/msg/res.hpp
[18.272s] -- Symlinking: /home/htrice/go2_ros2_curr/install/go2_interfaces/include/go2_interfaces/go2_interfaces/msg/rosidl_generator_cpp__visibility_control.hpp
[18.284s] -- Symlinking: /home/htrice/go2_ros2_curr/install/go2_interfaces/include/go2_interfaces/go2_interfaces/msg/sport_mode_cmd.hpp
[18.297s] -- Symlinking: /home/htrice/go2_ros2_curr/install/go2_interfaces/include/go2_interfaces/go2_interfaces/msg/sport_mode_state.hpp
[18.310s] -- Symlinking: /home/htrice/go2_ros2_curr/install/go2_interfaces/include/go2_interfaces/go2_interfaces/msg/time_spec.hpp
[18.322s] -- Symlinking: /home/htrice/go2_ros2_curr/install/go2_interfaces/include/go2_interfaces/go2_interfaces/msg/uwb_state.hpp
[18.334s] -- Symlinking: /home/htrice/go2_ros2_curr/install/go2_interfaces/include/go2_interfaces/go2_interfaces/msg/uwb_switch.hpp
[18.346s] -- Symlinking: /home/htrice/go2_ros2_curr/install/go2_interfaces/include/go2_interfaces/go2_interfaces/msg/voxel_height_map_state.hpp
[18.357s] -- Symlinking: /home/htrice/go2_ros2_curr/install/go2_interfaces/include/go2_interfaces/go2_interfaces/msg/voxel_map_compressed.hpp
[18.370s] -- Symlinking: /home/htrice/go2_ros2_curr/install/go2_interfaces/include/go2_interfaces/go2_interfaces/msg/web_rtc_req.hpp
[18.383s] -- Symlinking: /home/htrice/go2_ros2_curr/install/go2_interfaces/include/go2_interfaces/go2_interfaces/msg/wireless_controller.hpp
[18.398s] -- Symlinking: /home/htrice/go2_ros2_curr/install/go2_interfaces/include/go2_interfaces/go2_interfaces/msg/detail/audio_data__rosidl_typesupport_fastrtps_cpp.hpp
[18.411s] -- Symlinking: /home/htrice/go2_ros2_curr/install/go2_interfaces/include/go2_interfaces/go2_interfaces/msg/detail/bms_cmd__rosidl_typesupport_fastrtps_cpp.hpp
[18.423s] -- Symlinking: /home/htrice/go2_ros2_curr/install/go2_interfaces/include/go2_interfaces/go2_interfaces/msg/detail/bms_state__rosidl_typesupport_fastrtps_cpp.hpp
[18.436s] -- Symlinking: /home/htrice/go2_ros2_curr/install/go2_interfaces/include/go2_interfaces/go2_interfaces/msg/detail/error__rosidl_typesupport_fastrtps_cpp.hpp
[18.449s] -- Symlinking: /home/htrice/go2_ros2_curr/install/go2_interfaces/include/go2_interfaces/go2_interfaces/msg/detail/go2_cmd__rosidl_typesupport_fastrtps_cpp.hpp
[18.462s] -- Symlinking: /home/htrice/go2_ros2_curr/install/go2_interfaces/include/go2_interfaces/go2_interfaces/msg/detail/go2_front_video_data__rosidl_typesupport_fastrtps_cpp.hpp
[18.474s] -- Symlinking: /home/htrice/go2_ros2_curr/install/go2_interfaces/include/go2_interfaces/go2_interfaces/msg/detail/go2_move__rosidl_typesupport_fastrtps_cpp.hpp
[18.487s] -- Symlinking: /home/htrice/go2_ros2_curr/install/go2_interfaces/include/go2_interfaces/go2_interfaces/msg/detail/go2_rpy_cmd__rosidl_typesupport_fastrtps_cpp.hpp
[18.499s] -- Symlinking: /home/htrice/go2_ros2_curr/install/go2_interfaces/include/go2_interfaces/go2_interfaces/msg/detail/go2_state__rosidl_typesupport_fastrtps_cpp.hpp
[18.512s] -- Symlinking: /home/htrice/go2_ros2_curr/install/go2_interfaces/include/go2_interfaces/go2_interfaces/msg/detail/height_map__rosidl_typesupport_fastrtps_cpp.hpp
[18.524s] -- Symlinking: /home/htrice/go2_ros2_curr/install/go2_interfaces/include/go2_interfaces/go2_interfaces/msg/detail/imu__rosidl_typesupport_fastrtps_cpp.hpp
[18.536s] -- Symlinking: /home/htrice/go2_ros2_curr/install/go2_interfaces/include/go2_interfaces/go2_interfaces/msg/detail/interface_config__rosidl_typesupport_fastrtps_cpp.hpp
[18.549s] -- Symlinking: /home/htrice/go2_ros2_curr/install/go2_interfaces/include/go2_interfaces/go2_interfaces/msg/detail/lidar_state__rosidl_typesupport_fastrtps_cpp.hpp
[18.561s] -- Symlinking: /home/htrice/go2_ros2_curr/install/go2_interfaces/include/go2_interfaces/go2_interfaces/msg/detail/low_cmd__rosidl_typesupport_fastrtps_cpp.hpp
[18.574s] -- Symlinking: /home/htrice/go2_ros2_curr/install/go2_interfaces/include/go2_interfaces/go2_interfaces/msg/detail/low_state__rosidl_typesupport_fastrtps_cpp.hpp
[18.587s] -- Symlinking: /home/htrice/go2_ros2_curr/install/go2_interfaces/include/go2_interfaces/go2_interfaces/msg/detail/motor_cmd__rosidl_typesupport_fastrtps_cpp.hpp
[18.600s] -- Symlinking: /home/htrice/go2_ros2_curr/install/go2_interfaces/include/go2_interfaces/go2_interfaces/msg/detail/motor_cmds__rosidl_typesupport_fastrtps_cpp.hpp
[18.612s] -- Symlinking: /home/htrice/go2_ros2_curr/install/go2_interfaces/include/go2_interfaces/go2_interfaces/msg/detail/motor_state__rosidl_typesupport_fastrtps_cpp.hpp
[18.625s] -- Symlinking: /home/htrice/go2_ros2_curr/install/go2_interfaces/include/go2_interfaces/go2_interfaces/msg/detail/motor_states__rosidl_typesupport_fastrtps_cpp.hpp
[18.638s] -- Symlinking: /home/htrice/go2_ros2_curr/install/go2_interfaces/include/go2_interfaces/go2_interfaces/msg/detail/path_point__rosidl_typesupport_fastrtps_cpp.hpp
[18.651s] -- Symlinking: /home/htrice/go2_ros2_curr/install/go2_interfaces/include/go2_interfaces/go2_interfaces/msg/detail/req__rosidl_typesupport_fastrtps_cpp.hpp
[18.663s] -- Symlinking: /home/htrice/go2_ros2_curr/install/go2_interfaces/include/go2_interfaces/go2_interfaces/msg/detail/res__rosidl_typesupport_fastrtps_cpp.hpp
[18.676s] -- Symlinking: /home/htrice/go2_ros2_curr/install/go2_interfaces/include/go2_interfaces/go2_interfaces/msg/detail/sport_mode_cmd__rosidl_typesupport_fastrtps_cpp.hpp
[18.689s] -- Symlinking: /home/htrice/go2_ros2_curr/install/go2_interfaces/include/go2_interfaces/go2_interfaces/msg/detail/sport_mode_state__rosidl_typesupport_fastrtps_cpp.hpp
[18.702s] -- Symlinking: /home/htrice/go2_ros2_curr/install/go2_interfaces/include/go2_interfaces/go2_interfaces/msg/detail/time_spec__rosidl_typesupport_fastrtps_cpp.hpp
[18.714s] -- Symlinking: /home/htrice/go2_ros2_curr/install/go2_interfaces/include/go2_interfaces/go2_interfaces/msg/detail/uwb_state__rosidl_typesupport_fastrtps_cpp.hpp
[18.727s] -- Symlinking: /home/htrice/go2_ros2_curr/install/go2_interfaces/include/go2_interfaces/go2_interfaces/msg/detail/uwb_switch__rosidl_typesupport_fastrtps_cpp.hpp
[18.739s] -- Symlinking: /home/htrice/go2_ros2_curr/install/go2_interfaces/include/go2_interfaces/go2_interfaces/msg/detail/voxel_height_map_state__rosidl_typesupport_fastrtps_cpp.hpp
[18.752s] -- Symlinking: /home/htrice/go2_ros2_curr/install/go2_interfaces/include/go2_interfaces/go2_interfaces/msg/detail/voxel_map_compressed__rosidl_typesupport_fastrtps_cpp.hpp
[18.765s] -- Symlinking: /home/htrice/go2_ros2_curr/install/go2_interfaces/include/go2_interfaces/go2_interfaces/msg/detail/web_rtc_req__rosidl_typesupport_fastrtps_cpp.hpp
[18.778s] -- Symlinking: /home/htrice/go2_ros2_curr/install/go2_interfaces/include/go2_interfaces/go2_interfaces/msg/detail/wireless_controller__rosidl_typesupport_fastrtps_cpp.hpp
[18.790s] -- Symlinking: /home/htrice/go2_ros2_curr/install/go2_interfaces/include/go2_interfaces/go2_interfaces/msg/rosidl_typesupport_fastrtps_cpp__visibility_control.h
[18.805s] -- Symlinking: /home/htrice/go2_ros2_curr/install/go2_interfaces/include/go2_interfaces/go2_interfaces/msg/detail/audio_data__rosidl_typesupport_introspection_c.h
[18.816s] -- Symlinking: /home/htrice/go2_ros2_curr/install/go2_interfaces/include/go2_interfaces/go2_interfaces/msg/detail/bms_cmd__rosidl_typesupport_introspection_c.h
[18.829s] -- Symlinking: /home/htrice/go2_ros2_curr/install/go2_interfaces/include/go2_interfaces/go2_interfaces/msg/detail/bms_state__rosidl_typesupport_introspection_c.h
[18.842s] -- Symlinking: /home/htrice/go2_ros2_curr/install/go2_interfaces/include/go2_interfaces/go2_interfaces/msg/detail/error__rosidl_typesupport_introspection_c.h
[18.855s] -- Symlinking: /home/htrice/go2_ros2_curr/install/go2_interfaces/include/go2_interfaces/go2_interfaces/msg/detail/go2_cmd__rosidl_typesupport_introspection_c.h
[18.867s] -- Symlinking: /home/htrice/go2_ros2_curr/install/go2_interfaces/include/go2_interfaces/go2_interfaces/msg/detail/go2_front_video_data__rosidl_typesupport_introspection_c.h
[18.880s] -- Symlinking: /home/htrice/go2_ros2_curr/install/go2_interfaces/include/go2_interfaces/go2_interfaces/msg/detail/go2_move__rosidl_typesupport_introspection_c.h
[18.892s] -- Symlinking: /home/htrice/go2_ros2_curr/install/go2_interfaces/include/go2_interfaces/go2_interfaces/msg/detail/go2_rpy_cmd__rosidl_typesupport_introspection_c.h
[18.905s] -- Symlinking: /home/htrice/go2_ros2_curr/install/go2_interfaces/include/go2_interfaces/go2_interfaces/msg/detail/go2_state__rosidl_typesupport_introspection_c.h
[18.918s] -- Symlinking: /home/htrice/go2_ros2_curr/install/go2_interfaces/include/go2_interfaces/go2_interfaces/msg/detail/height_map__rosidl_typesupport_introspection_c.h
[18.930s] -- Symlinking: /home/htrice/go2_ros2_curr/install/go2_interfaces/include/go2_interfaces/go2_interfaces/msg/detail/imu__rosidl_typesupport_introspection_c.h
[18.943s] -- Symlinking: /home/htrice/go2_ros2_curr/install/go2_interfaces/include/go2_interfaces/go2_interfaces/msg/detail/interface_config__rosidl_typesupport_introspection_c.h
[18.956s] -- Symlinking: /home/htrice/go2_ros2_curr/install/go2_interfaces/include/go2_interfaces/go2_interfaces/msg/detail/lidar_state__rosidl_typesupport_introspection_c.h
[18.968s] -- Symlinking: /home/htrice/go2_ros2_curr/install/go2_interfaces/include/go2_interfaces/go2_interfaces/msg/detail/low_cmd__rosidl_typesupport_introspection_c.h
[18.981s] -- Symlinking: /home/htrice/go2_ros2_curr/install/go2_interfaces/include/go2_interfaces/go2_interfaces/msg/detail/low_state__rosidl_typesupport_introspection_c.h
[18.994s] -- Symlinking: /home/htrice/go2_ros2_curr/install/go2_interfaces/include/go2_interfaces/go2_interfaces/msg/detail/motor_cmd__rosidl_typesupport_introspection_c.h
[19.007s] -- Symlinking: /home/htrice/go2_ros2_curr/install/go2_interfaces/include/go2_interfaces/go2_interfaces/msg/detail/motor_cmds__rosidl_typesupport_introspection_c.h
[19.019s] -- Symlinking: /home/htrice/go2_ros2_curr/install/go2_interfaces/include/go2_interfaces/go2_interfaces/msg/detail/motor_state__rosidl_typesupport_introspection_c.h
[19.032s] -- Symlinking: /home/htrice/go2_ros2_curr/install/go2_interfaces/include/go2_interfaces/go2_interfaces/msg/detail/motor_states__rosidl_typesupport_introspection_c.h
[19.044s] -- Symlinking: /home/htrice/go2_ros2_curr/install/go2_interfaces/include/go2_interfaces/go2_interfaces/msg/detail/path_point__rosidl_typesupport_introspection_c.h
[19.056s] -- Symlinking: /home/htrice/go2_ros2_curr/install/go2_interfaces/include/go2_interfaces/go2_interfaces/msg/detail/req__rosidl_typesupport_introspection_c.h
[19.068s] -- Symlinking: /home/htrice/go2_ros2_curr/install/go2_interfaces/include/go2_interfaces/go2_interfaces/msg/detail/res__rosidl_typesupport_introspection_c.h
[19.078s] -- Symlinking: /home/htrice/go2_ros2_curr/install/go2_interfaces/include/go2_interfaces/go2_interfaces/msg/detail/sport_mode_cmd__rosidl_typesupport_introspection_c.h
[19.090s] -- Symlinking: /home/htrice/go2_ros2_curr/install/go2_interfaces/include/go2_interfaces/go2_interfaces/msg/detail/sport_mode_state__rosidl_typesupport_introspection_c.h
[19.102s] -- Symlinking: /home/htrice/go2_ros2_curr/install/go2_interfaces/include/go2_interfaces/go2_interfaces/msg/detail/time_spec__rosidl_typesupport_introspection_c.h
[19.115s] -- Symlinking: /home/htrice/go2_ros2_curr/install/go2_interfaces/include/go2_interfaces/go2_interfaces/msg/detail/uwb_state__rosidl_typesupport_introspection_c.h
[19.128s] -- Symlinking: /home/htrice/go2_ros2_curr/install/go2_interfaces/include/go2_interfaces/go2_interfaces/msg/detail/uwb_switch__rosidl_typesupport_introspection_c.h
[19.140s] -- Symlinking: /home/htrice/go2_ros2_curr/install/go2_interfaces/include/go2_interfaces/go2_interfaces/msg/detail/voxel_height_map_state__rosidl_typesupport_introspection_c.h
[19.148s] -- Symlinking: /home/htrice/go2_ros2_curr/install/go2_interfaces/include/go2_interfaces/go2_interfaces/msg/detail/voxel_map_compressed__rosidl_typesupport_introspection_c.h
[19.160s] -- Symlinking: /home/htrice/go2_ros2_curr/install/go2_interfaces/include/go2_interfaces/go2_interfaces/msg/detail/web_rtc_req__rosidl_typesupport_introspection_c.h
[19.172s] -- Symlinking: /home/htrice/go2_ros2_curr/install/go2_interfaces/include/go2_interfaces/go2_interfaces/msg/detail/wireless_controller__rosidl_typesupport_introspection_c.h
[19.185s] -- Symlinking: /home/htrice/go2_ros2_curr/install/go2_interfaces/include/go2_interfaces/go2_interfaces/msg/rosidl_typesupport_introspection_c__visibility_control.h
[19.200s] -- Symlinking: /home/htrice/go2_ros2_curr/install/go2_interfaces/include/go2_interfaces/go2_interfaces/msg/detail/audio_data__rosidl_typesupport_introspection_cpp.hpp
[19.212s] -- Symlinking: /home/htrice/go2_ros2_curr/install/go2_interfaces/include/go2_interfaces/go2_interfaces/msg/detail/bms_cmd__rosidl_typesupport_introspection_cpp.hpp
[19.225s] -- Symlinking: /home/htrice/go2_ros2_curr/install/go2_interfaces/include/go2_interfaces/go2_interfaces/msg/detail/bms_state__rosidl_typesupport_introspection_cpp.hpp
[19.237s] -- Symlinking: /home/htrice/go2_ros2_curr/install/go2_interfaces/include/go2_interfaces/go2_interfaces/msg/detail/error__rosidl_typesupport_introspection_cpp.hpp
[19.250s] -- Symlinking: /home/htrice/go2_ros2_curr/install/go2_interfaces/include/go2_interfaces/go2_interfaces/msg/detail/go2_cmd__rosidl_typesupport_introspection_cpp.hpp
[19.263s] -- Symlinking: /home/htrice/go2_ros2_curr/install/go2_interfaces/include/go2_interfaces/go2_interfaces/msg/detail/go2_front_video_data__rosidl_typesupport_introspection_cpp.hpp
[19.275s] -- Symlinking: /home/htrice/go2_ros2_curr/install/go2_interfaces/include/go2_interfaces/go2_interfaces/msg/detail/go2_move__rosidl_typesupport_introspection_cpp.hpp
[19.288s] -- Symlinking: /home/htrice/go2_ros2_curr/install/go2_interfaces/include/go2_interfaces/go2_interfaces/msg/detail/go2_rpy_cmd__rosidl_typesupport_introspection_cpp.hpp
[19.300s] -- Symlinking: /home/htrice/go2_ros2_curr/install/go2_interfaces/include/go2_interfaces/go2_interfaces/msg/detail/go2_state__rosidl_typesupport_introspection_cpp.hpp
[19.313s] -- Symlinking: /home/htrice/go2_ros2_curr/install/go2_interfaces/include/go2_interfaces/go2_interfaces/msg/detail/height_map__rosidl_typesupport_introspection_cpp.hpp
[19.323s] -- Symlinking: /home/htrice/go2_ros2_curr/install/go2_interfaces/include/go2_interfaces/go2_interfaces/msg/detail/imu__rosidl_typesupport_introspection_cpp.hpp
[19.334s] -- Symlinking: /home/htrice/go2_ros2_curr/install/go2_interfaces/include/go2_interfaces/go2_interfaces/msg/detail/interface_config__rosidl_typesupport_introspection_cpp.hpp
[19.346s] -- Symlinking: /home/htrice/go2_ros2_curr/install/go2_interfaces/include/go2_interfaces/go2_interfaces/msg/detail/lidar_state__rosidl_typesupport_introspection_cpp.hpp
[19.359s] -- Symlinking: /home/htrice/go2_ros2_curr/install/go2_interfaces/include/go2_interfaces/go2_interfaces/msg/detail/low_cmd__rosidl_typesupport_introspection_cpp.hpp
[19.372s] -- Symlinking: /home/htrice/go2_ros2_curr/install/go2_interfaces/include/go2_interfaces/go2_interfaces/msg/detail/low_state__rosidl_typesupport_introspection_cpp.hpp
[19.385s] -- Symlinking: /home/htrice/go2_ros2_curr/install/go2_interfaces/include/go2_interfaces/go2_interfaces/msg/detail/motor_cmd__rosidl_typesupport_introspection_cpp.hpp
[19.397s] -- Symlinking: /home/htrice/go2_ros2_curr/install/go2_interfaces/include/go2_interfaces/go2_interfaces/msg/detail/motor_cmds__rosidl_typesupport_introspection_cpp.hpp
[19.408s] -- Symlinking: /home/htrice/go2_ros2_curr/install/go2_interfaces/include/go2_interfaces/go2_interfaces/msg/detail/motor_state__rosidl_typesupport_introspection_cpp.hpp
[19.421s] -- Symlinking: /home/htrice/go2_ros2_curr/install/go2_interfaces/include/go2_interfaces/go2_interfaces/msg/detail/motor_states__rosidl_typesupport_introspection_cpp.hpp
[19.434s] -- Symlinking: /home/htrice/go2_ros2_curr/install/go2_interfaces/include/go2_interfaces/go2_interfaces/msg/detail/path_point__rosidl_typesupport_introspection_cpp.hpp
[19.447s] -- Symlinking: /home/htrice/go2_ros2_curr/install/go2_interfaces/include/go2_interfaces/go2_interfaces/msg/detail/req__rosidl_typesupport_introspection_cpp.hpp
[19.459s] -- Symlinking: /home/htrice/go2_ros2_curr/install/go2_interfaces/include/go2_interfaces/go2_interfaces/msg/detail/res__rosidl_typesupport_introspection_cpp.hpp
[19.472s] -- Symlinking: /home/htrice/go2_ros2_curr/install/go2_interfaces/include/go2_interfaces/go2_interfaces/msg/detail/sport_mode_cmd__rosidl_typesupport_introspection_cpp.hpp
[19.484s] -- Symlinking: /home/htrice/go2_ros2_curr/install/go2_interfaces/include/go2_interfaces/go2_interfaces/msg/detail/sport_mode_state__rosidl_typesupport_introspection_cpp.hpp
[19.497s] -- Symlinking: /home/htrice/go2_ros2_curr/install/go2_interfaces/include/go2_interfaces/go2_interfaces/msg/detail/time_spec__rosidl_typesupport_introspection_cpp.hpp
[19.509s] -- Symlinking: /home/htrice/go2_ros2_curr/install/go2_interfaces/include/go2_interfaces/go2_interfaces/msg/detail/uwb_state__rosidl_typesupport_introspection_cpp.hpp
[19.521s] -- Symlinking: /home/htrice/go2_ros2_curr/install/go2_interfaces/include/go2_interfaces/go2_interfaces/msg/detail/uwb_switch__rosidl_typesupport_introspection_cpp.hpp
[19.534s] -- Symlinking: /home/htrice/go2_ros2_curr/install/go2_interfaces/include/go2_interfaces/go2_interfaces/msg/detail/voxel_height_map_state__rosidl_typesupport_introspection_cpp.hpp
[19.546s] -- Symlinking: /home/htrice/go2_ros2_curr/install/go2_interfaces/include/go2_interfaces/go2_interfaces/msg/detail/voxel_map_compressed__rosidl_typesupport_introspection_cpp.hpp
[19.558s] -- Symlinking: /home/htrice/go2_ros2_curr/install/go2_interfaces/include/go2_interfaces/go2_interfaces/msg/detail/web_rtc_req__rosidl_typesupport_introspection_cpp.hpp
[19.570s] -- Symlinking: /home/htrice/go2_ros2_curr/install/go2_interfaces/include/go2_interfaces/go2_interfaces/msg/detail/wireless_controller__rosidl_typesupport_introspection_cpp.hpp
[19.580s] -- Symlinking: /home/htrice/go2_ros2_curr/install/go2_interfaces/share/go2_interfaces/environment/pythonpath.sh
[19.593s] -- Symlinking: /home/htrice/go2_ros2_curr/install/go2_interfaces/share/go2_interfaces/environment/pythonpath.dsv
[19.605s] -- Symlinking: /home/htrice/go2_ros2_curr/install/go2_interfaces/local/lib/python3.10/dist-packages/go2_interfaces-0.0.0-py3.10.egg-info/PKG-INFO
[19.618s] -- Symlinking: /home/htrice/go2_ros2_curr/install/go2_interfaces/local/lib/python3.10/dist-packages/go2_interfaces-0.0.0-py3.10.egg-info/SOURCES.txt
[19.630s] -- Symlinking: /home/htrice/go2_ros2_curr/install/go2_interfaces/local/lib/python3.10/dist-packages/go2_interfaces-0.0.0-py3.10.egg-info/dependency_links.txt
[19.642s] -- Symlinking: /home/htrice/go2_ros2_curr/install/go2_interfaces/local/lib/python3.10/dist-packages/go2_interfaces-0.0.0-py3.10.egg-info/top_level.txt
[19.659s] -- Symlinking: /home/htrice/go2_ros2_curr/install/go2_interfaces/local/lib/python3.10/dist-packages/go2_interfaces/__init__.py
[19.672s] -- Symlinking: /home/htrice/go2_ros2_curr/install/go2_interfaces/local/lib/python3.10/dist-packages/go2_interfaces/_go2_interfaces_s.ep.rosidl_typesupport_c.c
[19.685s] -- Symlinking: /home/htrice/go2_ros2_curr/install/go2_interfaces/local/lib/python3.10/dist-packages/go2_interfaces/_go2_interfaces_s.ep.rosidl_typesupport_fastrtps_c.c
[19.697s] -- Symlinking: /home/htrice/go2_ros2_curr/install/go2_interfaces/local/lib/python3.10/dist-packages/go2_interfaces/_go2_interfaces_s.ep.rosidl_typesupport_introspection_c.c
[19.709s] -- Symlinking: /home/htrice/go2_ros2_curr/install/go2_interfaces/local/lib/python3.10/dist-packages/go2_interfaces/go2_interfaces_s__rosidl_typesupport_c.cpython-310-x86_64-linux-gnu.so
[19.721s] -- Symlinking: /home/htrice/go2_ros2_curr/install/go2_interfaces/local/lib/python3.10/dist-packages/go2_interfaces/go2_interfaces_s__rosidl_typesupport_fastrtps_c.cpython-310-x86_64-linux-gnu.so
[19.733s] -- Symlinking: /home/htrice/go2_ros2_curr/install/go2_interfaces/local/lib/python3.10/dist-packages/go2_interfaces/go2_interfaces_s__rosidl_typesupport_introspection_c.cpython-310-x86_64-linux-gnu.so
[19.746s] -- Symlinking: /home/htrice/go2_ros2_curr/install/go2_interfaces/local/lib/python3.10/dist-packages/go2_interfaces/libgo2_interfaces__rosidl_generator_py.so
[19.759s] -- Symlinking: /home/htrice/go2_ros2_curr/install/go2_interfaces/local/lib/python3.10/dist-packages/go2_interfaces/msg/__init__.py
[19.772s] -- Symlinking: /home/htrice/go2_ros2_curr/install/go2_interfaces/local/lib/python3.10/dist-packages/go2_interfaces/msg/_audio_data.py
[19.785s] -- Symlinking: /home/htrice/go2_ros2_curr/install/go2_interfaces/local/lib/python3.10/dist-packages/go2_interfaces/msg/_audio_data_s.c
[19.797s] -- Symlinking: /home/htrice/go2_ros2_curr/install/go2_interfaces/local/lib/python3.10/dist-packages/go2_interfaces/msg/_bms_cmd.py
[19.810s] -- Symlinking: /home/htrice/go2_ros2_curr/install/go2_interfaces/local/lib/python3.10/dist-packages/go2_interfaces/msg/_bms_cmd_s.c
[19.820s] -- Symlinking: /home/htrice/go2_ros2_curr/install/go2_interfaces/local/lib/python3.10/dist-packages/go2_interfaces/msg/_bms_state.py
[19.831s] -- Symlinking: /home/htrice/go2_ros2_curr/install/go2_interfaces/local/lib/python3.10/dist-packages/go2_interfaces/msg/_bms_state_s.c
[19.843s] -- Symlinking: /home/htrice/go2_ros2_curr/install/go2_interfaces/local/lib/python3.10/dist-packages/go2_interfaces/msg/_error.py
[19.855s] -- Symlinking: /home/htrice/go2_ros2_curr/install/go2_interfaces/local/lib/python3.10/dist-packages/go2_interfaces/msg/_error_s.c
[19.867s] -- Symlinking: /home/htrice/go2_ros2_curr/install/go2_interfaces/local/lib/python3.10/dist-packages/go2_interfaces/msg/_go2_cmd.py
[19.877s] -- Symlinking: /home/htrice/go2_ros2_curr/install/go2_interfaces/local/lib/python3.10/dist-packages/go2_interfaces/msg/_go2_cmd_s.c
[19.886s] -- Symlinking: /home/htrice/go2_ros2_curr/install/go2_interfaces/local/lib/python3.10/dist-packages/go2_interfaces/msg/_go2_front_video_data.py
[19.897s] -- Symlinking: /home/htrice/go2_ros2_curr/install/go2_interfaces/local/lib/python3.10/dist-packages/go2_interfaces/msg/_go2_front_video_data_s.c
[19.907s] -- Symlinking: /home/htrice/go2_ros2_curr/install/go2_interfaces/local/lib/python3.10/dist-packages/go2_interfaces/msg/_go2_move.py
[19.915s] -- Symlinking: /home/htrice/go2_ros2_curr/install/go2_interfaces/local/lib/python3.10/dist-packages/go2_interfaces/msg/_go2_move_s.c
[19.925s] -- Symlinking: /home/htrice/go2_ros2_curr/install/go2_interfaces/local/lib/python3.10/dist-packages/go2_interfaces/msg/_go2_rpy_cmd.py
[19.936s] -- Symlinking: /home/htrice/go2_ros2_curr/install/go2_interfaces/local/lib/python3.10/dist-packages/go2_interfaces/msg/_go2_rpy_cmd_s.c
[19.955s] -- Symlinking: /home/htrice/go2_ros2_curr/install/go2_interfaces/local/lib/python3.10/dist-packages/go2_interfaces/msg/_go2_state.py
[19.964s] -- Symlinking: /home/htrice/go2_ros2_curr/install/go2_interfaces/local/lib/python3.10/dist-packages/go2_interfaces/msg/_go2_state_s.c
[19.975s] -- Symlinking: /home/htrice/go2_ros2_curr/install/go2_interfaces/local/lib/python3.10/dist-packages/go2_interfaces/msg/_height_map.py
[19.988s] -- Symlinking: /home/htrice/go2_ros2_curr/install/go2_interfaces/local/lib/python3.10/dist-packages/go2_interfaces/msg/_height_map_s.c
[20.000s] -- Symlinking: /home/htrice/go2_ros2_curr/install/go2_interfaces/local/lib/python3.10/dist-packages/go2_interfaces/msg/_imu.py
[20.013s] -- Symlinking: /home/htrice/go2_ros2_curr/install/go2_interfaces/local/lib/python3.10/dist-packages/go2_interfaces/msg/_imu_s.c
[20.025s] -- Symlinking: /home/htrice/go2_ros2_curr/install/go2_interfaces/local/lib/python3.10/dist-packages/go2_interfaces/msg/_interface_config.py
[20.038s] -- Symlinking: /home/htrice/go2_ros2_curr/install/go2_interfaces/local/lib/python3.10/dist-packages/go2_interfaces/msg/_interface_config_s.c
[20.050s] -- Symlinking: /home/htrice/go2_ros2_curr/install/go2_interfaces/local/lib/python3.10/dist-packages/go2_interfaces/msg/_lidar_state.py
[20.063s] -- Symlinking: /home/htrice/go2_ros2_curr/install/go2_interfaces/local/lib/python3.10/dist-packages/go2_interfaces/msg/_lidar_state_s.c
[20.074s] -- Symlinking: /home/htrice/go2_ros2_curr/install/go2_interfaces/local/lib/python3.10/dist-packages/go2_interfaces/msg/_low_cmd.py
[20.086s] -- Symlinking: /home/htrice/go2_ros2_curr/install/go2_interfaces/local/lib/python3.10/dist-packages/go2_interfaces/msg/_low_cmd_s.c
[20.095s] -- Symlinking: /home/htrice/go2_ros2_curr/install/go2_interfaces/local/lib/python3.10/dist-packages/go2_interfaces/msg/_low_state.py
[20.105s] -- Symlinking: /home/htrice/go2_ros2_curr/install/go2_interfaces/local/lib/python3.10/dist-packages/go2_interfaces/msg/_low_state_s.c
[20.114s] -- Symlinking: /home/htrice/go2_ros2_curr/install/go2_interfaces/local/lib/python3.10/dist-packages/go2_interfaces/msg/_motor_cmd.py
[20.124s] -- Symlinking: /home/htrice/go2_ros2_curr/install/go2_interfaces/local/lib/python3.10/dist-packages/go2_interfaces/msg/_motor_cmd_s.c
[20.135s] -- Symlinking: /home/htrice/go2_ros2_curr/install/go2_interfaces/local/lib/python3.10/dist-packages/go2_interfaces/msg/_motor_cmds.py
[20.144s] -- Symlinking: /home/htrice/go2_ros2_curr/install/go2_interfaces/local/lib/python3.10/dist-packages/go2_interfaces/msg/_motor_cmds_s.c
[20.154s] -- Symlinking: /home/htrice/go2_ros2_curr/install/go2_interfaces/local/lib/python3.10/dist-packages/go2_interfaces/msg/_motor_state.py
[20.163s] -- Symlinking: /home/htrice/go2_ros2_curr/install/go2_interfaces/local/lib/python3.10/dist-packages/go2_interfaces/msg/_motor_state_s.c
[20.176s] -- Symlinking: /home/htrice/go2_ros2_curr/install/go2_interfaces/local/lib/python3.10/dist-packages/go2_interfaces/msg/_motor_states.py
[20.185s] -- Symlinking: /home/htrice/go2_ros2_curr/install/go2_interfaces/local/lib/python3.10/dist-packages/go2_interfaces/msg/_motor_states_s.c
[20.197s] -- Symlinking: /home/htrice/go2_ros2_curr/install/go2_interfaces/local/lib/python3.10/dist-packages/go2_interfaces/msg/_path_point.py
[20.210s] -- Symlinking: /home/htrice/go2_ros2_curr/install/go2_interfaces/local/lib/python3.10/dist-packages/go2_interfaces/msg/_path_point_s.c
[20.223s] -- Symlinking: /home/htrice/go2_ros2_curr/install/go2_interfaces/local/lib/python3.10/dist-packages/go2_interfaces/msg/_req.py
[20.234s] -- Symlinking: /home/htrice/go2_ros2_curr/install/go2_interfaces/local/lib/python3.10/dist-packages/go2_interfaces/msg/_req_s.c
[20.246s] -- Symlinking: /home/htrice/go2_ros2_curr/install/go2_interfaces/local/lib/python3.10/dist-packages/go2_interfaces/msg/_res.py
[20.256s] -- Symlinking: /home/htrice/go2_ros2_curr/install/go2_interfaces/local/lib/python3.10/dist-packages/go2_interfaces/msg/_res_s.c
[20.268s] -- Symlinking: /home/htrice/go2_ros2_curr/install/go2_interfaces/local/lib/python3.10/dist-packages/go2_interfaces/msg/_sport_mode_cmd.py
[20.279s] -- Symlinking: /home/htrice/go2_ros2_curr/install/go2_interfaces/local/lib/python3.10/dist-packages/go2_interfaces/msg/_sport_mode_cmd_s.c
[20.289s] -- Symlinking: /home/htrice/go2_ros2_curr/install/go2_interfaces/local/lib/python3.10/dist-packages/go2_interfaces/msg/_sport_mode_state.py
[20.299s] -- Symlinking: /home/htrice/go2_ros2_curr/install/go2_interfaces/local/lib/python3.10/dist-packages/go2_interfaces/msg/_sport_mode_state_s.c
[20.311s] -- Symlinking: /home/htrice/go2_ros2_curr/install/go2_interfaces/local/lib/python3.10/dist-packages/go2_interfaces/msg/_time_spec.py
[20.322s] -- Symlinking: /home/htrice/go2_ros2_curr/install/go2_interfaces/local/lib/python3.10/dist-packages/go2_interfaces/msg/_time_spec_s.c
[20.334s] -- Symlinking: /home/htrice/go2_ros2_curr/install/go2_interfaces/local/lib/python3.10/dist-packages/go2_interfaces/msg/_uwb_state.py
[20.347s] -- Symlinking: /home/htrice/go2_ros2_curr/install/go2_interfaces/local/lib/python3.10/dist-packages/go2_interfaces/msg/_uwb_state_s.c
[20.360s] -- Symlinking: /home/htrice/go2_ros2_curr/install/go2_interfaces/local/lib/python3.10/dist-packages/go2_interfaces/msg/_uwb_switch.py
[20.372s] -- Symlinking: /home/htrice/go2_ros2_curr/install/go2_interfaces/local/lib/python3.10/dist-packages/go2_interfaces/msg/_uwb_switch_s.c
[20.385s] -- Symlinking: /home/htrice/go2_ros2_curr/install/go2_interfaces/local/lib/python3.10/dist-packages/go2_interfaces/msg/_voxel_height_map_state.py
[20.398s] -- Symlinking: /home/htrice/go2_ros2_curr/install/go2_interfaces/local/lib/python3.10/dist-packages/go2_interfaces/msg/_voxel_height_map_state_s.c
[20.410s] -- Symlinking: /home/htrice/go2_ros2_curr/install/go2_interfaces/local/lib/python3.10/dist-packages/go2_interfaces/msg/_voxel_map_compressed.py
[20.422s] -- Symlinking: /home/htrice/go2_ros2_curr/install/go2_interfaces/local/lib/python3.10/dist-packages/go2_interfaces/msg/_voxel_map_compressed_s.c
[20.435s] -- Symlinking: /home/htrice/go2_ros2_curr/install/go2_interfaces/local/lib/python3.10/dist-packages/go2_interfaces/msg/_web_rtc_req.py
[20.448s] -- Symlinking: /home/htrice/go2_ros2_curr/install/go2_interfaces/local/lib/python3.10/dist-packages/go2_interfaces/msg/_web_rtc_req_s.c
[20.460s] -- Symlinking: /home/htrice/go2_ros2_curr/install/go2_interfaces/local/lib/python3.10/dist-packages/go2_interfaces/msg/_wireless_controller.py
[20.473s] -- Symlinking: /home/htrice/go2_ros2_curr/install/go2_interfaces/local/lib/python3.10/dist-packages/go2_interfaces/msg/_wireless_controller_s.c
[20.486s] -- Up-to-date symlink: /home/htrice/go2_ros2_curr/install/go2_interfaces/local/lib/python3.10/dist-packages/go2_interfaces/go2_interfaces_s__rosidl_typesupport_fastrtps_c.cpython-310-x86_64-linux-gnu.so
[20.486s] -- Up-to-date symlink: /home/htrice/go2_ros2_curr/install/go2_interfaces/local/lib/python3.10/dist-packages/go2_interfaces/go2_interfaces_s__rosidl_typesupport_introspection_c.cpython-310-x86_64-linux-gnu.so
[20.487s] -- Up-to-date symlink: /home/htrice/go2_ros2_curr/install/go2_interfaces/local/lib/python3.10/dist-packages/go2_interfaces/go2_interfaces_s__rosidl_typesupport_c.cpython-310-x86_64-linux-gnu.so
[20.487s] -- Symlinking: /home/htrice/go2_ros2_curr/install/go2_interfaces/share/go2_interfaces/msg/Go2Cmd.idl
[20.500s] -- Symlinking: /home/htrice/go2_ros2_curr/install/go2_interfaces/share/go2_interfaces/msg/Go2State.idl
[20.513s] -- Symlinking: /home/htrice/go2_ros2_curr/install/go2_interfaces/share/go2_interfaces/msg/Go2Move.idl
[20.526s] -- Symlinking: /home/htrice/go2_ros2_curr/install/go2_interfaces/share/go2_interfaces/msg/Go2RpyCmd.idl
[20.539s] -- Symlinking: /home/htrice/go2_ros2_curr/install/go2_interfaces/share/go2_interfaces/msg/IMU.idl
[20.551s] -- Symlinking: /home/htrice/go2_ros2_curr/install/go2_interfaces/share/go2_interfaces/msg/AudioData.idl
[20.563s] -- Symlinking: /home/htrice/go2_ros2_curr/install/go2_interfaces/share/go2_interfaces/msg/BmsCmd.idl
[20.576s] -- Symlinking: /home/htrice/go2_ros2_curr/install/go2_interfaces/share/go2_interfaces/msg/BmsState.idl
[20.589s] -- Symlinking: /home/htrice/go2_ros2_curr/install/go2_interfaces/share/go2_interfaces/msg/Error.idl
[20.601s] -- Symlinking: /home/htrice/go2_ros2_curr/install/go2_interfaces/share/go2_interfaces/msg/Go2FrontVideoData.idl
[20.614s] -- Symlinking: /home/htrice/go2_ros2_curr/install/go2_interfaces/share/go2_interfaces/msg/HeightMap.idl
[20.627s] -- Symlinking: /home/htrice/go2_ros2_curr/install/go2_interfaces/share/go2_interfaces/msg/InterfaceConfig.idl
[20.639s] -- Symlinking: /home/htrice/go2_ros2_curr/install/go2_interfaces/share/go2_interfaces/msg/LidarState.idl
[20.652s] -- Symlinking: /home/htrice/go2_ros2_curr/install/go2_interfaces/share/go2_interfaces/msg/LowCmd.idl
[20.665s] -- Symlinking: /home/htrice/go2_ros2_curr/install/go2_interfaces/share/go2_interfaces/msg/LowState.idl
[20.678s] -- Symlinking: /home/htrice/go2_ros2_curr/install/go2_interfaces/share/go2_interfaces/msg/MotorCmd.idl
[20.691s] -- Symlinking: /home/htrice/go2_ros2_curr/install/go2_interfaces/share/go2_interfaces/msg/MotorCmds.idl
[20.704s] -- Symlinking: /home/htrice/go2_ros2_curr/install/go2_interfaces/share/go2_interfaces/msg/MotorState.idl
[20.717s] -- Symlinking: /home/htrice/go2_ros2_curr/install/go2_interfaces/share/go2_interfaces/msg/MotorStates.idl
[20.730s] -- Symlinking: /home/htrice/go2_ros2_curr/install/go2_interfaces/share/go2_interfaces/msg/PathPoint.idl
[20.743s] -- Symlinking: /home/htrice/go2_ros2_curr/install/go2_interfaces/share/go2_interfaces/msg/Req.idl
[20.755s] -- Symlinking: /home/htrice/go2_ros2_curr/install/go2_interfaces/share/go2_interfaces/msg/Res.idl
[20.768s] -- Symlinking: /home/htrice/go2_ros2_curr/install/go2_interfaces/share/go2_interfaces/msg/SportModeCmd.idl
[20.781s] -- Symlinking: /home/htrice/go2_ros2_curr/install/go2_interfaces/share/go2_interfaces/msg/SportModeState.idl
[20.794s] -- Symlinking: /home/htrice/go2_ros2_curr/install/go2_interfaces/share/go2_interfaces/msg/TimeSpec.idl
[20.807s] -- Symlinking: /home/htrice/go2_ros2_curr/install/go2_interfaces/share/go2_interfaces/msg/UwbState.idl
[20.819s] -- Symlinking: /home/htrice/go2_ros2_curr/install/go2_interfaces/share/go2_interfaces/msg/UwbSwitch.idl
[20.832s] -- Symlinking: /home/htrice/go2_ros2_curr/install/go2_interfaces/share/go2_interfaces/msg/VoxelMapCompressed.idl
[20.845s] -- Symlinking: /home/htrice/go2_ros2_curr/install/go2_interfaces/share/go2_interfaces/msg/VoxelHeightMapState.idl
[20.858s] -- Symlinking: /home/htrice/go2_ros2_curr/install/go2_interfaces/share/go2_interfaces/msg/WebRtcReq.idl
[20.871s] -- Symlinking: /home/htrice/go2_ros2_curr/install/go2_interfaces/share/go2_interfaces/msg/WirelessController.idl
[20.881s] -- Symlinking: /home/htrice/go2_ros2_curr/install/go2_interfaces/share/go2_interfaces/msg/Go2Cmd.msg
[20.893s] -- Symlinking: /home/htrice/go2_ros2_curr/install/go2_interfaces/share/go2_interfaces/msg/Go2State.msg
[20.905s] -- Symlinking: /home/htrice/go2_ros2_curr/install/go2_interfaces/share/go2_interfaces/msg/Go2Move.msg
[20.918s] -- Symlinking: /home/htrice/go2_ros2_curr/install/go2_interfaces/share/go2_interfaces/msg/Go2RpyCmd.msg
[20.930s] -- Symlinking: /home/htrice/go2_ros2_curr/install/go2_interfaces/share/go2_interfaces/msg/IMU.msg
[20.943s] -- Symlinking: /home/htrice/go2_ros2_curr/install/go2_interfaces/share/go2_interfaces/msg/AudioData.msg
[20.956s] -- Symlinking: /home/htrice/go2_ros2_curr/install/go2_interfaces/share/go2_interfaces/msg/BmsCmd.msg
[20.965s] -- Symlinking: /home/htrice/go2_ros2_curr/install/go2_interfaces/share/go2_interfaces/msg/BmsState.msg
[20.977s] -- Symlinking: /home/htrice/go2_ros2_curr/install/go2_interfaces/share/go2_interfaces/msg/Error.msg
[20.989s] -- Symlinking: /home/htrice/go2_ros2_curr/install/go2_interfaces/share/go2_interfaces/msg/Go2FrontVideoData.msg
[21.002s] -- Symlinking: /home/htrice/go2_ros2_curr/install/go2_interfaces/share/go2_interfaces/msg/HeightMap.msg
[21.015s] -- Symlinking: /home/htrice/go2_ros2_curr/install/go2_interfaces/share/go2_interfaces/msg/InterfaceConfig.msg
[21.028s] -- Symlinking: /home/htrice/go2_ros2_curr/install/go2_interfaces/share/go2_interfaces/msg/LidarState.msg
[21.040s] -- Symlinking: /home/htrice/go2_ros2_curr/install/go2_interfaces/share/go2_interfaces/msg/LowCmd.msg
[21.053s] -- Symlinking: /home/htrice/go2_ros2_curr/install/go2_interfaces/share/go2_interfaces/msg/LowState.msg
[21.066s] -- Symlinking: /home/htrice/go2_ros2_curr/install/go2_interfaces/share/go2_interfaces/msg/MotorCmd.msg
[21.078s] -- Symlinking: /home/htrice/go2_ros2_curr/install/go2_interfaces/share/go2_interfaces/msg/MotorCmds.msg
[21.091s] -- Symlinking: /home/htrice/go2_ros2_curr/install/go2_interfaces/share/go2_interfaces/msg/MotorState.msg
[21.104s] -- Symlinking: /home/htrice/go2_ros2_curr/install/go2_interfaces/share/go2_interfaces/msg/MotorStates.msg
[21.116s] -- Symlinking: /home/htrice/go2_ros2_curr/install/go2_interfaces/share/go2_interfaces/msg/PathPoint.msg
[21.128s] -- Symlinking: /home/htrice/go2_ros2_curr/install/go2_interfaces/share/go2_interfaces/msg/Req.msg
[21.141s] -- Symlinking: /home/htrice/go2_ros2_curr/install/go2_interfaces/share/go2_interfaces/msg/Res.msg
[21.152s] -- Symlinking: /home/htrice/go2_ros2_curr/install/go2_interfaces/share/go2_interfaces/msg/SportModeCmd.msg
[21.165s] -- Symlinking: /home/htrice/go2_ros2_curr/install/go2_interfaces/share/go2_interfaces/msg/SportModeState.msg
[21.178s] -- Symlinking: /home/htrice/go2_ros2_curr/install/go2_interfaces/share/go2_interfaces/msg/TimeSpec.msg
[21.190s] -- Symlinking: /home/htrice/go2_ros2_curr/install/go2_interfaces/share/go2_interfaces/msg/UwbState.msg
[21.203s] -- Symlinking: /home/htrice/go2_ros2_curr/install/go2_interfaces/share/go2_interfaces/msg/UwbSwitch.msg
[21.215s] -- Symlinking: /home/htrice/go2_ros2_curr/install/go2_interfaces/share/go2_interfaces/msg/VoxelMapCompressed.msg
[21.228s] -- Symlinking: /home/htrice/go2_ros2_curr/install/go2_interfaces/share/go2_interfaces/msg/VoxelHeightMapState.msg
[21.240s] -- Symlinking: /home/htrice/go2_ros2_curr/install/go2_interfaces/share/go2_interfaces/msg/WebRtcReq.msg
[21.253s] -- Symlinking: /home/htrice/go2_ros2_curr/install/go2_interfaces/share/go2_interfaces/msg/WirelessController.msg
[21.266s] -- Symlinking: /home/htrice/go2_ros2_curr/install/go2_interfaces/share/ament_index/resource_index/package_run_dependencies/go2_interfaces
[21.277s] -- Symlinking: /home/htrice/go2_ros2_curr/install/go2_interfaces/share/ament_index/resource_index/parent_prefix_path/go2_interfaces
[21.286s] -- Symlinking: /home/htrice/go2_ros2_curr/install/go2_interfaces/share/go2_interfaces/environment/ament_prefix_path.sh
[21.298s] -- Symlinking: /home/htrice/go2_ros2_curr/install/go2_interfaces/share/go2_interfaces/environment/ament_prefix_path.dsv
[21.310s] -- Symlinking: /home/htrice/go2_ros2_curr/install/go2_interfaces/share/go2_interfaces/environment/path.sh
[21.322s] -- Symlinking: /home/htrice/go2_ros2_curr/install/go2_interfaces/share/go2_interfaces/environment/path.dsv
[21.335s] -- Symlinking: /home/htrice/go2_ros2_curr/install/go2_interfaces/share/go2_interfaces/local_setup.bash
[21.347s] -- Symlinking: /home/htrice/go2_ros2_curr/install/go2_interfaces/share/go2_interfaces/local_setup.sh
[21.360s] -- Symlinking: /home/htrice/go2_ros2_curr/install/go2_interfaces/share/go2_interfaces/local_setup.zsh
[21.372s] -- Symlinking: /home/htrice/go2_ros2_curr/install/go2_interfaces/share/go2_interfaces/local_setup.dsv
[21.385s] -- Symlinking: /home/htrice/go2_ros2_curr/install/go2_interfaces/share/go2_interfaces/package.dsv
[21.398s] -- Symlinking: /home/htrice/go2_ros2_curr/install/go2_interfaces/share/ament_index/resource_index/packages/go2_interfaces
[21.410s] -- Symlinking: /home/htrice/go2_ros2_curr/install/go2_interfaces/share/go2_interfaces/cmake/rosidl_cmake-extras.cmake
[21.420s] -- Symlinking: /home/htrice/go2_ros2_curr/install/go2_interfaces/share/go2_interfaces/cmake/ament_cmake_export_dependencies-extras.cmake
[21.433s] -- Symlinking: /home/htrice/go2_ros2_curr/install/go2_interfaces/share/go2_interfaces/cmake/ament_cmake_export_include_directories-extras.cmake
[21.445s] -- Symlinking: /home/htrice/go2_ros2_curr/install/go2_interfaces/share/go2_interfaces/cmake/ament_cmake_export_libraries-extras.cmake
[21.458s] -- Symlinking: /home/htrice/go2_ros2_curr/install/go2_interfaces/share/go2_interfaces/cmake/ament_cmake_export_targets-extras.cmake
[21.471s] -- Symlinking: /home/htrice/go2_ros2_curr/install/go2_interfaces/share/go2_interfaces/cmake/rosidl_cmake_export_typesupport_targets-extras.cmake
[21.482s] -- Symlinking: /home/htrice/go2_ros2_curr/install/go2_interfaces/share/go2_interfaces/cmake/rosidl_cmake_export_typesupport_libraries-extras.cmake
[21.494s] -- Symlinking: /home/htrice/go2_ros2_curr/install/go2_interfaces/share/go2_interfaces/cmake/go2_interfacesConfig.cmake
[21.507s] -- Symlinking: /home/htrice/go2_ros2_curr/install/go2_interfaces/share/go2_interfaces/cmake/go2_interfacesConfig-version.cmake
[21.520s] -- Symlinking: /home/htrice/go2_ros2_curr/install/go2_interfaces/share/go2_interfaces/package.xml
[21.532s] -- Installing: /home/htrice/go2_ros2_curr/install/go2_interfaces/lib/libgo2_interfaces__rosidl_generator_c.so
[21.533s] -- Set runtime path of "/home/htrice/go2_ros2_curr/install/go2_interfaces/lib/libgo2_interfaces__rosidl_generator_c.so" to ""
[21.534s] -- Installing: /home/htrice/go2_ros2_curr/install/go2_interfaces/lib/libgo2_interfaces__rosidl_typesupport_fastrtps_c.so
[21.535s] -- Set runtime path of "/home/htrice/go2_ros2_curr/install/go2_interfaces/lib/libgo2_interfaces__rosidl_typesupport_fastrtps_c.so" to ""
[21.535s] -- Installing: /home/htrice/go2_ros2_curr/install/go2_interfaces/lib/libgo2_interfaces__rosidl_typesupport_fastrtps_cpp.so
[21.537s] -- Set runtime path of "/home/htrice/go2_ros2_curr/install/go2_interfaces/lib/libgo2_interfaces__rosidl_typesupport_fastrtps_cpp.so" to ""
[21.537s] -- Installing: /home/htrice/go2_ros2_curr/install/go2_interfaces/lib/libgo2_interfaces__rosidl_typesupport_introspection_c.so
[21.538s] -- Set runtime path of "/home/htrice/go2_ros2_curr/install/go2_interfaces/lib/libgo2_interfaces__rosidl_typesupport_introspection_c.so" to ""
[21.538s] -- Installing: /home/htrice/go2_ros2_curr/install/go2_interfaces/lib/libgo2_interfaces__rosidl_typesupport_c.so
[21.539s] -- Set runtime path of "/home/htrice/go2_ros2_curr/install/go2_interfaces/lib/libgo2_interfaces__rosidl_typesupport_c.so" to ""
[21.539s] -- Installing: /home/htrice/go2_ros2_curr/install/go2_interfaces/lib/libgo2_interfaces__rosidl_typesupport_introspection_cpp.so
[21.541s] -- Set runtime path of "/home/htrice/go2_ros2_curr/install/go2_interfaces/lib/libgo2_interfaces__rosidl_typesupport_introspection_cpp.so" to ""
[21.541s] -- Installing: /home/htrice/go2_ros2_curr/install/go2_interfaces/lib/libgo2_interfaces__rosidl_typesupport_cpp.so
[21.542s] -- Set runtime path of "/home/htrice/go2_ros2_curr/install/go2_interfaces/lib/libgo2_interfaces__rosidl_typesupport_cpp.so" to ""
[21.615s] Listing '/home/htrice/go2_ros2_curr/install/go2_interfaces/local/lib/python3.10/dist-packages/go2_interfaces'...
[21.615s] Compiling '/home/htrice/go2_ros2_curr/install/go2_interfaces/local/lib/python3.10/dist-packages/go2_interfaces/__init__.py'...
[21.615s] Listing '/home/htrice/go2_ros2_curr/install/go2_interfaces/local/lib/python3.10/dist-packages/go2_interfaces/msg'...
[21.615s] Compiling '/home/htrice/go2_ros2_curr/install/go2_interfaces/local/lib/python3.10/dist-packages/go2_interfaces/msg/__init__.py'...
[21.615s] Compiling '/home/htrice/go2_ros2_curr/install/go2_interfaces/local/lib/python3.10/dist-packages/go2_interfaces/msg/_audio_data.py'...
[21.616s] Compiling '/home/htrice/go2_ros2_curr/install/go2_interfaces/local/lib/python3.10/dist-packages/go2_interfaces/msg/_bms_cmd.py'...
[21.616s] Compiling '/home/htrice/go2_ros2_curr/install/go2_interfaces/local/lib/python3.10/dist-packages/go2_interfaces/msg/_bms_state.py'...
[21.616s] Compiling '/home/htrice/go2_ros2_curr/install/go2_interfaces/local/lib/python3.10/dist-packages/go2_interfaces/msg/_error.py'...
[21.616s] Compiling '/home/htrice/go2_ros2_curr/install/go2_interfaces/local/lib/python3.10/dist-packages/go2_interfaces/msg/_go2_cmd.py'...
[21.616s] Compiling '/home/htrice/go2_ros2_curr/install/go2_interfaces/local/lib/python3.10/dist-packages/go2_interfaces/msg/_go2_front_video_data.py'...
[21.616s] Compiling '/home/htrice/go2_ros2_curr/install/go2_interfaces/local/lib/python3.10/dist-packages/go2_interfaces/msg/_go2_move.py'...
[21.616s] Compiling '/home/htrice/go2_ros2_curr/install/go2_interfaces/local/lib/python3.10/dist-packages/go2_interfaces/msg/_go2_rpy_cmd.py'...
[21.616s] Compiling '/home/htrice/go2_ros2_curr/install/go2_interfaces/local/lib/python3.10/dist-packages/go2_interfaces/msg/_go2_state.py'...
[21.616s] Compiling '/home/htrice/go2_ros2_curr/install/go2_interfaces/local/lib/python3.10/dist-packages/go2_interfaces/msg/_height_map.py'...
[21.616s] Compiling '/home/htrice/go2_ros2_curr/install/go2_interfaces/local/lib/python3.10/dist-packages/go2_interfaces/msg/_imu.py'...
[21.617s] Compiling '/home/htrice/go2_ros2_curr/install/go2_interfaces/local/lib/python3.10/dist-packages/go2_interfaces/msg/_interface_config.py'...
[21.617s] Compiling '/home/htrice/go2_ros2_curr/install/go2_interfaces/local/lib/python3.10/dist-packages/go2_interfaces/msg/_lidar_state.py'...
[21.617s] Compiling '/home/htrice/go2_ros2_curr/install/go2_interfaces/local/lib/python3.10/dist-packages/go2_interfaces/msg/_low_cmd.py'...
[21.617s] Compiling '/home/htrice/go2_ros2_curr/install/go2_interfaces/local/lib/python3.10/dist-packages/go2_interfaces/msg/_low_state.py'...
[21.617s] Compiling '/home/htrice/go2_ros2_curr/install/go2_interfaces/local/lib/python3.10/dist-packages/go2_interfaces/msg/_motor_cmd.py'...
[21.617s] Compiling '/home/htrice/go2_ros2_curr/install/go2_interfaces/local/lib/python3.10/dist-packages/go2_interfaces/msg/_motor_cmds.py'...
[21.617s] Compiling '/home/htrice/go2_ros2_curr/install/go2_interfaces/local/lib/python3.10/dist-packages/go2_interfaces/msg/_motor_state.py'...
[21.617s] Compiling '/home/htrice/go2_ros2_curr/install/go2_interfaces/local/lib/python3.10/dist-packages/go2_interfaces/msg/_motor_states.py'...
[21.617s] Compiling '/home/htrice/go2_ros2_curr/install/go2_interfaces/local/lib/python3.10/dist-packages/go2_interfaces/msg/_path_point.py'...
[21.618s] Compiling '/home/htrice/go2_ros2_curr/install/go2_interfaces/local/lib/python3.10/dist-packages/go2_interfaces/msg/_req.py'...
[21.618s] Compiling '/home/htrice/go2_ros2_curr/install/go2_interfaces/local/lib/python3.10/dist-packages/go2_interfaces/msg/_res.py'...
[21.618s] Compiling '/home/htrice/go2_ros2_curr/install/go2_interfaces/local/lib/python3.10/dist-packages/go2_interfaces/msg/_sport_mode_cmd.py'...
[21.618s] Compiling '/home/htrice/go2_ros2_curr/install/go2_interfaces/local/lib/python3.10/dist-packages/go2_interfaces/msg/_sport_mode_state.py'...
[21.618s] Compiling '/home/htrice/go2_ros2_curr/install/go2_interfaces/local/lib/python3.10/dist-packages/go2_interfaces/msg/_time_spec.py'...
[21.618s] Compiling '/home/htrice/go2_ros2_curr/install/go2_interfaces/local/lib/python3.10/dist-packages/go2_interfaces/msg/_uwb_state.py'...
[21.618s] Compiling '/home/htrice/go2_ros2_curr/install/go2_interfaces/local/lib/python3.10/dist-packages/go2_interfaces/msg/_uwb_switch.py'...
[21.618s] Compiling '/home/htrice/go2_ros2_curr/install/go2_interfaces/local/lib/python3.10/dist-packages/go2_interfaces/msg/_voxel_height_map_state.py'...
[21.618s] Compiling '/home/htrice/go2_ros2_curr/install/go2_interfaces/local/lib/python3.10/dist-packages/go2_interfaces/msg/_voxel_map_compressed.py'...
[21.619s] Compiling '/home/htrice/go2_ros2_curr/install/go2_interfaces/local/lib/python3.10/dist-packages/go2_interfaces/msg/_web_rtc_req.py'...
[21.619s] Compiling '/home/htrice/go2_ros2_curr/install/go2_interfaces/local/lib/python3.10/dist-packages/go2_interfaces/msg/_wireless_controller.py'...
[21.619s] -- Installing: /home/htrice/go2_ros2_curr/install/go2_interfaces/lib/libgo2_interfaces__rosidl_generator_py.so
[21.619s] -- Set runtime path of "/home/htrice/go2_ros2_curr/install/go2_interfaces/lib/libgo2_interfaces__rosidl_generator_py.so" to ""
[21.619s] -- Installing: /home/htrice/go2_ros2_curr/install/go2_interfaces/share/go2_interfaces/cmake/export_go2_interfaces__rosidl_generator_cExport.cmake
[21.619s] -- Installing: /home/htrice/go2_ros2_curr/install/go2_interfaces/share/go2_interfaces/cmake/export_go2_interfaces__rosidl_generator_cExport-noconfig.cmake
[21.619s] -- Installing: /home/htrice/go2_ros2_curr/install/go2_interfaces/share/go2_interfaces/cmake/export_go2_interfaces__rosidl_typesupport_fastrtps_cExport.cmake
[21.620s] -- Installing: /home/htrice/go2_ros2_curr/install/go2_interfaces/share/go2_interfaces/cmake/export_go2_interfaces__rosidl_typesupport_fastrtps_cExport-noconfig.cmake
[21.620s] -- Installing: /home/htrice/go2_ros2_curr/install/go2_interfaces/share/go2_interfaces/cmake/export_go2_interfaces__rosidl_generator_cppExport.cmake
[21.620s] -- Installing: /home/htrice/go2_ros2_curr/install/go2_interfaces/share/go2_interfaces/cmake/export_go2_interfaces__rosidl_typesupport_fastrtps_cppExport.cmake
[21.620s] -- Installing: /home/htrice/go2_ros2_curr/install/go2_interfaces/share/go2_interfaces/cmake/export_go2_interfaces__rosidl_typesupport_fastrtps_cppExport-noconfig.cmake
[21.620s] -- Installing: /home/htrice/go2_ros2_curr/install/go2_interfaces/share/go2_interfaces/cmake/go2_interfaces__rosidl_typesupport_introspection_cExport.cmake
[21.621s] -- Installing: /home/htrice/go2_ros2_curr/install/go2_interfaces/share/go2_interfaces/cmake/go2_interfaces__rosidl_typesupport_introspection_cExport-noconfig.cmake
[21.621s] -- Installing: /home/htrice/go2_ros2_curr/install/go2_interfaces/share/go2_interfaces/cmake/go2_interfaces__rosidl_typesupport_cExport.cmake
[21.621s] -- Installing: /home/htrice/go2_ros2_curr/install/go2_interfaces/share/go2_interfaces/cmake/go2_interfaces__rosidl_typesupport_cExport-noconfig.cmake
[21.621s] -- Installing: /home/htrice/go2_ros2_curr/install/go2_interfaces/share/go2_interfaces/cmake/go2_interfaces__rosidl_typesupport_introspection_cppExport.cmake
[21.621s] -- Installing: /home/htrice/go2_ros2_curr/install/go2_interfaces/share/go2_interfaces/cmake/go2_interfaces__rosidl_typesupport_introspection_cppExport-noconfig.cmake
[21.621s] -- Installing: /home/htrice/go2_ros2_curr/install/go2_interfaces/share/go2_interfaces/cmake/go2_interfaces__rosidl_typesupport_cppExport.cmake
[21.622s] -- Installing: /home/htrice/go2_ros2_curr/install/go2_interfaces/share/go2_interfaces/cmake/go2_interfaces__rosidl_typesupport_cppExport-noconfig.cmake
[21.622s] -- Installing: /home/htrice/go2_ros2_curr/install/go2_interfaces/share/go2_interfaces/cmake/export_go2_interfaces__rosidl_generator_pyExport.cmake
[21.622s] -- Installing: /home/htrice/go2_ros2_curr/install/go2_interfaces/share/go2_interfaces/cmake/export_go2_interfaces__rosidl_generator_pyExport-noconfig.cmake
[21.626s] Invoked command in '/home/htrice/go2_ros2_curr/build/go2_interfaces' returned '0': CMAKE_PREFIX_PATH=${CMAKE_PREFIX_PATH}:/home/htrice/go2_ros2_curr/install/yolo_detector:/home/htrice/go2_ros2_curr/install/speech_processor:/home/htrice/go2_ros2_curr/install/lidar_processor:/home/htrice/go2_ros2_curr/install/go2_robot_sdk:/home/htrice/go2_ros2_curr/install/coco_detector:/opt/ros/humble /usr/bin/cmake --install /home/htrice/go2_ros2_curr/build/go2_interfaces
