[0.000000] (-) TimerEvent: {}
[0.000487] (coco_detector) JobQueued: {'identifier': 'coco_detector', 'dependencies': OrderedDict()}
[0.000529] (go2_interfaces) JobQueued: {'identifier': 'go2_interfaces', 'dependencies': OrderedDict()}
[0.000572] (lidar_processor) JobQueued: {'identifier': 'lidar_processor', 'dependencies': OrderedDict()}
[0.000601] (go2_robot_sdk) JobQueued: {'identifier': 'go2_robot_sdk', 'dependencies': OrderedDict([('go2_interfaces', '/home/htrice/go2_ros2_curr/install/go2_interfaces')])}
[0.000630] (speech_processor) JobQueued: {'identifier': 'speech_processor', 'dependencies': OrderedDict([('go2_interfaces', '/home/htrice/go2_ros2_curr/install/go2_interfaces')])}
[0.000660] (go2_interfaces) JobStarted: {'identifier': 'go2_interfaces'}
[0.005120] (coco_detector) JobStarted: {'identifier': 'coco_detector'}
[0.009518] (lidar_processor) JobStarted: {'identifier': 'lidar_processor'}
[0.014458] (go2_interfaces) JobProgress: {'identifier': 'go2_interfaces', 'progress': 'cmake'}
[0.014927] (go2_interfaces) JobProgress: {'identifier': 'go2_interfaces', 'progress': 'build'}
[0.015530] (go2_interfaces) Command: {'cmd': ['/usr/bin/cmake', '--build', '/home/htrice/go2_ros2_curr/build/go2_interfaces', '--', '-j16', '-l16'], 'cwd': '/home/htrice/go2_ros2_curr/build/go2_interfaces', 'env': OrderedDict([('GJS_DEBUG_TOPICS', 'JS ERROR;JS LOG'), ('LESSOPEN', '| /usr/bin/lesspipe %s'), ('USER', 'htrice'), ('FONTCONFIG_PATH', '/etc/fonts'), ('GIO_MODULE_DIR', '/home/htrice/snap/code/common/.cache/gio-modules'), ('XDG_SESSION_TYPE', 'x11'), ('GIT_ASKPASS', '/snap/code/205/usr/share/code/resources/app/extensions/git/dist/askpass.sh'), ('GTK_EXE_PREFIX_VSCODE_SNAP_ORIG', ''), ('GDK_BACKEND_VSCODE_SNAP_ORIG', ''), ('SHLVL', '1'), ('LD_LIBRARY_PATH', '/opt/ros/humble/opt/rviz_ogre_vendor/lib:/opt/ros/humble/lib/x86_64-linux-gnu:/opt/ros/humble/lib'), ('HOME', '/home/htrice'), ('CHROME_DESKTOP', 'code.desktop'), ('LOCPATH_VSCODE_SNAP_ORIG', ''), ('OLDPWD', '/home/htrice/go2_ros2_curr'), ('TERM_PROGRAM_VERSION', '1.103.2'), ('DESKTOP_SESSION', 'ubuntu'), ('GTK_PATH', '/snap/code/205/usr/lib/x86_64-linux-gnu/gtk-3.0'), ('XDG_DATA_HOME_VSCODE_SNAP_ORIG', ''), ('GTK_IM_MODULE_FILE', '/home/htrice/snap/code/common/.cache/immodules/immodules.cache'), ('GIO_LAUNCHED_DESKTOP_FILE', '/var/lib/snapd/desktop/applications/code_code.desktop'), ('ROS_PYTHON_VERSION', '3'), ('GNOME_SHELL_SESSION_MODE', 'ubuntu'), ('GTK_MODULES', 'gail:atk-bridge'), ('GSETTINGS_SCHEMA_DIR_VSCODE_SNAP_ORIG', ''), ('VSCODE_GIT_ASKPASS_MAIN', '/snap/code/205/usr/share/code/resources/app/extensions/git/dist/askpass-main.js'), ('VSCODE_GIT_ASKPASS_NODE', '/snap/code/205/usr/share/code/code'), ('MANAGERPID', '1849'), ('SYSTEMD_EXEC_PID', '2030'), ('DBUS_SESSION_BUS_ADDRESS', 'unix:path=/run/user/1007/bus'), ('COLORTERM', 'truecolor'), ('GIO_LAUNCHED_DESKTOP_FILE_PID', '4108'), ('IM_CONFIG_PHASE', '1'), ('ROS_DISTRO', 'humble'), ('GTK_IM_MODULE', 'ibus'), ('LOGNAME', 'htrice'), ('JOURNAL_STREAM', '8:21689'), ('_', '/usr/bin/colcon'), ('ROS_VERSION', '2'), ('XDG_CONFIG_DIRS_VSCODE_SNAP_ORIG', '/etc/xdg/xdg-ubuntu:/etc/xdg'), ('XDG_SESSION_CLASS', 'user'), ('XDG_DATA_DIRS_VSCODE_SNAP_ORIG', '/usr/share/ubuntu:/usr/share/gnome:/usr/local/share/:/usr/share/:/var/lib/snapd/desktop'), ('USERNAME', 'htrice'), ('TERM', 'xterm-256color'), ('GNOME_DESKTOP_SESSION_ID', 'this-is-deprecated'), ('ROS_LOCALHOST_ONLY', '0'), ('WINDOWPATH', '2'), ('PATH', '/home/htrice/.local/bin:/opt/ros/humble/bin:/usr/local/sbin:/usr/local/bin:/usr/sbin:/usr/bin:/sbin:/bin:/usr/games:/usr/local/games:/snap/bin:/snap/bin:/home/htrice/.config/Code/User/globalStorage/github.copilot-chat/debugCommand'), ('SESSION_MANAGER', 'local/ntthuan:@/tmp/.ICE-unix/2002,unix/ntthuan:/tmp/.ICE-unix/2002'), ('GTK_EXE_PREFIX', '/snap/code/205/usr'), ('INVOCATION_ID', '790d985d8c2545c5a9e7c9f88ff27c5a'), ('XDG_MENU_PREFIX', 'gnome-'), ('BAMF_DESKTOP_FILE_HINT', '/var/lib/snapd/desktop/applications/code_code.desktop'), ('XDG_RUNTIME_DIR', '/run/user/1007'), ('GDK_BACKEND', 'x11'), ('DISPLAY', ':1'), ('LOCPATH', '/snap/code/205/usr/lib/locale'), ('LANG', 'en_US.UTF-8'), ('XDG_CURRENT_DESKTOP', 'Unity'), ('GIO_MODULE_DIR_VSCODE_SNAP_ORIG', ''), ('XDG_DATA_HOME', '/home/htrice/snap/code/205/.local/share'), ('XMODIFIERS', '@im=ibus'), ('XDG_SESSION_DESKTOP', 'ubuntu'), ('XAUTHORITY', '/run/user/1007/gdm/Xauthority'), ('LS_COLORS', 'rs=0:di=01;34:ln=01;36:mh=00:pi=40;33:so=01;35:do=01;35:bd=40;33;01:cd=40;33;01:or=40;31;01:mi=00:su=37;41:sg=30;43:ca=30;41:tw=30;42:ow=34;42:st=37;44:ex=01;32:*.tar=01;31:*.tgz=01;31:*.arc=01;31:*.arj=01;31:*.taz=01;31:*.lha=01;31:*.lz4=01;31:*.lzh=01;31:*.lzma=01;31:*.tlz=01;31:*.txz=01;31:*.tzo=01;31:*.t7z=01;31:*.zip=01;31:*.z=01;31:*.dz=01;31:*.gz=01;31:*.lrz=01;31:*.lz=01;31:*.lzo=01;31:*.xz=01;31:*.zst=01;31:*.tzst=01;31:*.bz2=01;31:*.bz=01;31:*.tbz=01;31:*.tbz2=01;31:*.tz=01;31:*.deb=01;31:*.rpm=01;31:*.jar=01;31:*.war=01;31:*.ear=01;31:*.sar=01;31:*.rar=01;31:*.alz=01;31:*.ace=01;31:*.zoo=01;31:*.cpio=01;31:*.7z=01;31:*.rz=01;31:*.cab=01;31:*.wim=01;31:*.swm=01;31:*.dwm=01;31:*.esd=01;31:*.jpg=01;35:*.jpeg=01;35:*.mjpg=01;35:*.mjpeg=01;35:*.gif=01;35:*.bmp=01;35:*.pbm=01;35:*.pgm=01;35:*.ppm=01;35:*.tga=01;35:*.xbm=01;35:*.xpm=01;35:*.tif=01;35:*.tiff=01;35:*.png=01;35:*.svg=01;35:*.svgz=01;35:*.mng=01;35:*.pcx=01;35:*.mov=01;35:*.mpg=01;35:*.mpeg=01;35:*.m2v=01;35:*.mkv=01;35:*.webm=01;35:*.webp=01;35:*.ogm=01;35:*.mp4=01;35:*.m4v=01;35:*.mp4v=01;35:*.vob=01;35:*.qt=01;35:*.nuv=01;35:*.wmv=01;35:*.asf=01;35:*.rm=01;35:*.rmvb=01;35:*.flc=01;35:*.avi=01;35:*.fli=01;35:*.flv=01;35:*.gl=01;35:*.dl=01;35:*.xcf=01;35:*.xwd=01;35:*.yuv=01;35:*.cgm=01;35:*.emf=01;35:*.ogv=01;35:*.ogx=01;35:*.aac=00;36:*.au=00;36:*.flac=00;36:*.m4a=00;36:*.mid=00;36:*.midi=00;36:*.mka=00;36:*.mp3=00;36:*.mpc=00;36:*.ogg=00;36:*.ra=00;36:*.wav=00;36:*.oga=00;36:*.opus=00;36:*.spx=00;36:*.xspf=00;36:'), ('VSCODE_GIT_IPC_HANDLE', '/run/user/1007/vscode-git-62d08c1e57.sock'), ('TERM_PROGRAM', 'vscode'), ('SSH_AGENT_LAUNCHER', 'gnome-keyring'), ('SSH_AUTH_SOCK', '/run/user/1007/keyring/ssh'), ('GSETTINGS_SCHEMA_DIR', '/home/htrice/snap/code/205/.local/share/glib-2.0/schemas'), ('AMENT_PREFIX_PATH', '/opt/ros/humble'), ('ORIGINAL_XDG_CURRENT_DESKTOP', 'ubuntu:GNOME'), ('SHELL', '/bin/bash'), ('QT_ACCESSIBILITY', '1'), ('GDMSESSION', 'ubuntu'), ('LESSCLOSE', '/usr/bin/lesspipe %s %s'), ('GTK_PATH_VSCODE_SNAP_ORIG', ''), ('FONTCONFIG_FILE', '/etc/fonts/fonts.conf'), ('GTK_IM_MODULE_FILE_VSCODE_SNAP_ORIG', ''), ('GPG_AGENT_INFO', '/run/user/1007/gnupg/S.gpg-agent:0:1'), ('GJS_DEBUG_OUTPUT', 'stderr'), ('VSCODE_GIT_ASKPASS_EXTRA_ARGS', ''), ('GIT_PAGER', 'cat'), ('QT_IM_MODULE', 'ibus'), ('PWD', '/home/htrice/go2_ros2_curr/build/go2_interfaces'), ('XDG_CONFIG_DIRS', '/etc/xdg/xdg-ubuntu:/etc/xdg'), ('XDG_DATA_DIRS', '/home/htrice/snap/code/205/.local/share:/home/htrice/snap/code/205:/snap/code/205/usr/share:/usr/share/ubuntu:/usr/share/gnome:/usr/local/share/:/usr/share/:/var/lib/snapd/desktop'), ('PYTHONPATH', '/opt/ros/humble/lib/python3.10/site-packages:/opt/ros/humble/local/lib/python3.10/dist-packages'), ('COLCON', '1'), ('CMAKE_PREFIX_PATH', '/opt/ros/humble')]), 'shell': False}
[0.099685] (-) TimerEvent: {}
[0.200032] (-) TimerEvent: {}
[0.260962] (go2_interfaces) StdoutLine: {'line': b'\x1b[35m\x1b[1mConsolidate compiler generated dependencies of target go2_interfaces__rosidl_generator_c\x1b[0m\n'}
[0.261273] (go2_interfaces) StdoutLine: {'line': b'[  0%] Built target go2_interfaces__cpp\n'}
[0.261352] (go2_interfaces) StdoutLine: {'line': b'[  0%] Built target ament_cmake_python_symlink_go2_interfaces\n'}
[0.261423] (go2_interfaces) StdoutLine: {'line': b'[ 12%] Built target go2_interfaces__rosidl_generator_c\n'}
[0.261490] (go2_interfaces) StdoutLine: {'line': b'\x1b[35m\x1b[1mConsolidate compiler generated dependencies of target go2_interfaces__rosidl_typesupport_cpp\x1b[0m\n'}
[0.261554] (go2_interfaces) StdoutLine: {'line': b'\x1b[35m\x1b[1mConsolidate compiler generated dependencies of target go2_interfaces__rosidl_typesupport_fastrtps_cpp\x1b[0m\n'}
[0.261620] (go2_interfaces) StdoutLine: {'line': b'\x1b[35m\x1b[1mConsolidate compiler generated dependencies of target go2_interfaces__rosidl_typesupport_introspection_cpp\x1b[0m\n'}
[0.261954] (go2_interfaces) StdoutLine: {'line': b'\x1b[35m\x1b[1mConsolidate compiler generated dependencies of target go2_interfaces__rosidl_typesupport_c\x1b[0m\n'}
[0.262874] (go2_interfaces) StdoutLine: {'line': b'\x1b[35m\x1b[1mConsolidate compiler generated dependencies of target go2_interfaces__rosidl_typesupport_introspection_c\x1b[0m\n'}
[0.262947] (go2_interfaces) StdoutLine: {'line': b'\x1b[35m\x1b[1mConsolidate compiler generated dependencies of target go2_interfaces__rosidl_typesupport_fastrtps_c\x1b[0m\n'}
[0.263009] (go2_interfaces) StdoutLine: {'line': b'[ 24%] Built target go2_interfaces__rosidl_typesupport_c\n'}
[0.263073] (go2_interfaces) StdoutLine: {'line': b'[ 36%] Built target go2_interfaces__rosidl_typesupport_cpp\n'}
[0.263137] (go2_interfaces) StdoutLine: {'line': b'[ 49%] Built target go2_interfaces__rosidl_typesupport_introspection_c\n'}
[0.263201] (go2_interfaces) StdoutLine: {'line': b'[ 62%] Built target go2_interfaces__rosidl_typesupport_introspection_cpp\n'}
[0.263264] (go2_interfaces) StdoutLine: {'line': b'[ 74%] Built target go2_interfaces__rosidl_typesupport_fastrtps_cpp\n'}
[0.263327] (go2_interfaces) StdoutLine: {'line': b'[ 86%] Built target go2_interfaces__rosidl_typesupport_fastrtps_c\n'}
[0.263390] (go2_interfaces) StdoutLine: {'line': b'[ 86%] Built target go2_interfaces\n'}
[0.263452] (go2_interfaces) StdoutLine: {'line': b'[ 86%] Built target go2_interfaces__py\n'}
[0.271595] (go2_interfaces) StdoutLine: {'line': b'\x1b[35m\x1b[1mConsolidate compiler generated dependencies of target go2_interfaces__rosidl_generator_py\x1b[0m\n'}
[0.300121] (-) TimerEvent: {}
[0.323757] (go2_interfaces) StdoutLine: {'line': b'[ 98%] Built target go2_interfaces__rosidl_generator_py\n'}
[0.338126] (go2_interfaces) StdoutLine: {'line': b'\x1b[35m\x1b[1mConsolidate compiler generated dependencies of target go2_interfaces__rosidl_typesupport_introspection_c__pyext\x1b[0m\n'}
[0.338287] (go2_interfaces) StdoutLine: {'line': b'\x1b[35m\x1b[1mConsolidate compiler generated dependencies of target go2_interfaces__rosidl_typesupport_c__pyext\x1b[0m\n'}
[0.339232] (go2_interfaces) StdoutLine: {'line': b'\x1b[35m\x1b[1mConsolidate compiler generated dependencies of target go2_interfaces__rosidl_typesupport_fastrtps_c__pyext\x1b[0m\n'}
[0.346846] (go2_interfaces) StdoutLine: {'line': b'running egg_info\n'}
[0.347452] (go2_interfaces) StdoutLine: {'line': b'writing go2_interfaces.egg-info/PKG-INFO\n'}
[0.347656] (go2_interfaces) StdoutLine: {'line': b'writing dependency_links to go2_interfaces.egg-info/dependency_links.txt\n'}
[0.347794] (go2_interfaces) StdoutLine: {'line': b'writing top-level names to go2_interfaces.egg-info/top_level.txt\n'}
[0.350108] (go2_interfaces) StdoutLine: {'line': b"reading manifest file 'go2_interfaces.egg-info/SOURCES.txt'\n"}
[0.351004] (go2_interfaces) StdoutLine: {'line': b"writing manifest file 'go2_interfaces.egg-info/SOURCES.txt'\n"}
[0.359842] (go2_interfaces) StdoutLine: {'line': b'[ 99%] Built target go2_interfaces__rosidl_typesupport_fastrtps_c__pyext\n'}
[0.360077] (go2_interfaces) StdoutLine: {'line': b'[100%] Built target go2_interfaces__rosidl_typesupport_c__pyext\n'}
[0.360697] (go2_interfaces) StdoutLine: {'line': b'[100%] Built target go2_interfaces__rosidl_typesupport_introspection_c__pyext\n'}
[0.380069] (go2_interfaces) StdoutLine: {'line': b'[100%] Built target ament_cmake_python_build_go2_interfaces_egg\n'}
[0.400202] (-) TimerEvent: {}
[0.500468] (-) TimerEvent: {}
[0.515379] (go2_interfaces) CommandEnded: {'returncode': 0}
[0.516228] (go2_interfaces) JobProgress: {'identifier': 'go2_interfaces', 'progress': 'install'}
[0.529165] (go2_interfaces) Command: {'cmd': ['/usr/bin/cmake', '--install', '/home/htrice/go2_ros2_curr/build/go2_interfaces'], 'cwd': '/home/htrice/go2_ros2_curr/build/go2_interfaces', 'env': OrderedDict([('GJS_DEBUG_TOPICS', 'JS ERROR;JS LOG'), ('LESSOPEN', '| /usr/bin/lesspipe %s'), ('USER', 'htrice'), ('FONTCONFIG_PATH', '/etc/fonts'), ('GIO_MODULE_DIR', '/home/htrice/snap/code/common/.cache/gio-modules'), ('XDG_SESSION_TYPE', 'x11'), ('GIT_ASKPASS', '/snap/code/205/usr/share/code/resources/app/extensions/git/dist/askpass.sh'), ('GTK_EXE_PREFIX_VSCODE_SNAP_ORIG', ''), ('GDK_BACKEND_VSCODE_SNAP_ORIG', ''), ('SHLVL', '1'), ('LD_LIBRARY_PATH', '/opt/ros/humble/opt/rviz_ogre_vendor/lib:/opt/ros/humble/lib/x86_64-linux-gnu:/opt/ros/humble/lib'), ('HOME', '/home/htrice'), ('CHROME_DESKTOP', 'code.desktop'), ('LOCPATH_VSCODE_SNAP_ORIG', ''), ('OLDPWD', '/home/htrice/go2_ros2_curr'), ('TERM_PROGRAM_VERSION', '1.103.2'), ('DESKTOP_SESSION', 'ubuntu'), ('GTK_PATH', '/snap/code/205/usr/lib/x86_64-linux-gnu/gtk-3.0'), ('XDG_DATA_HOME_VSCODE_SNAP_ORIG', ''), ('GTK_IM_MODULE_FILE', '/home/htrice/snap/code/common/.cache/immodules/immodules.cache'), ('GIO_LAUNCHED_DESKTOP_FILE', '/var/lib/snapd/desktop/applications/code_code.desktop'), ('ROS_PYTHON_VERSION', '3'), ('GNOME_SHELL_SESSION_MODE', 'ubuntu'), ('GTK_MODULES', 'gail:atk-bridge'), ('GSETTINGS_SCHEMA_DIR_VSCODE_SNAP_ORIG', ''), ('VSCODE_GIT_ASKPASS_MAIN', '/snap/code/205/usr/share/code/resources/app/extensions/git/dist/askpass-main.js'), ('VSCODE_GIT_ASKPASS_NODE', '/snap/code/205/usr/share/code/code'), ('MANAGERPID', '1849'), ('SYSTEMD_EXEC_PID', '2030'), ('DBUS_SESSION_BUS_ADDRESS', 'unix:path=/run/user/1007/bus'), ('COLORTERM', 'truecolor'), ('GIO_LAUNCHED_DESKTOP_FILE_PID', '4108'), ('IM_CONFIG_PHASE', '1'), ('ROS_DISTRO', 'humble'), ('GTK_IM_MODULE', 'ibus'), ('LOGNAME', 'htrice'), ('JOURNAL_STREAM', '8:21689'), ('_', '/usr/bin/colcon'), ('ROS_VERSION', '2'), ('XDG_CONFIG_DIRS_VSCODE_SNAP_ORIG', '/etc/xdg/xdg-ubuntu:/etc/xdg'), ('XDG_SESSION_CLASS', 'user'), ('XDG_DATA_DIRS_VSCODE_SNAP_ORIG', '/usr/share/ubuntu:/usr/share/gnome:/usr/local/share/:/usr/share/:/var/lib/snapd/desktop'), ('USERNAME', 'htrice'), ('TERM', 'xterm-256color'), ('GNOME_DESKTOP_SESSION_ID', 'this-is-deprecated'), ('ROS_LOCALHOST_ONLY', '0'), ('WINDOWPATH', '2'), ('PATH', '/home/htrice/.local/bin:/opt/ros/humble/bin:/usr/local/sbin:/usr/local/bin:/usr/sbin:/usr/bin:/sbin:/bin:/usr/games:/usr/local/games:/snap/bin:/snap/bin:/home/htrice/.config/Code/User/globalStorage/github.copilot-chat/debugCommand'), ('SESSION_MANAGER', 'local/ntthuan:@/tmp/.ICE-unix/2002,unix/ntthuan:/tmp/.ICE-unix/2002'), ('GTK_EXE_PREFIX', '/snap/code/205/usr'), ('INVOCATION_ID', '790d985d8c2545c5a9e7c9f88ff27c5a'), ('XDG_MENU_PREFIX', 'gnome-'), ('BAMF_DESKTOP_FILE_HINT', '/var/lib/snapd/desktop/applications/code_code.desktop'), ('XDG_RUNTIME_DIR', '/run/user/1007'), ('GDK_BACKEND', 'x11'), ('DISPLAY', ':1'), ('LOCPATH', '/snap/code/205/usr/lib/locale'), ('LANG', 'en_US.UTF-8'), ('XDG_CURRENT_DESKTOP', 'Unity'), ('GIO_MODULE_DIR_VSCODE_SNAP_ORIG', ''), ('XDG_DATA_HOME', '/home/htrice/snap/code/205/.local/share'), ('XMODIFIERS', '@im=ibus'), ('XDG_SESSION_DESKTOP', 'ubuntu'), ('XAUTHORITY', '/run/user/1007/gdm/Xauthority'), ('LS_COLORS', 'rs=0:di=01;34:ln=01;36:mh=00:pi=40;33:so=01;35:do=01;35:bd=40;33;01:cd=40;33;01:or=40;31;01:mi=00:su=37;41:sg=30;43:ca=30;41:tw=30;42:ow=34;42:st=37;44:ex=01;32:*.tar=01;31:*.tgz=01;31:*.arc=01;31:*.arj=01;31:*.taz=01;31:*.lha=01;31:*.lz4=01;31:*.lzh=01;31:*.lzma=01;31:*.tlz=01;31:*.txz=01;31:*.tzo=01;31:*.t7z=01;31:*.zip=01;31:*.z=01;31:*.dz=01;31:*.gz=01;31:*.lrz=01;31:*.lz=01;31:*.lzo=01;31:*.xz=01;31:*.zst=01;31:*.tzst=01;31:*.bz2=01;31:*.bz=01;31:*.tbz=01;31:*.tbz2=01;31:*.tz=01;31:*.deb=01;31:*.rpm=01;31:*.jar=01;31:*.war=01;31:*.ear=01;31:*.sar=01;31:*.rar=01;31:*.alz=01;31:*.ace=01;31:*.zoo=01;31:*.cpio=01;31:*.7z=01;31:*.rz=01;31:*.cab=01;31:*.wim=01;31:*.swm=01;31:*.dwm=01;31:*.esd=01;31:*.jpg=01;35:*.jpeg=01;35:*.mjpg=01;35:*.mjpeg=01;35:*.gif=01;35:*.bmp=01;35:*.pbm=01;35:*.pgm=01;35:*.ppm=01;35:*.tga=01;35:*.xbm=01;35:*.xpm=01;35:*.tif=01;35:*.tiff=01;35:*.png=01;35:*.svg=01;35:*.svgz=01;35:*.mng=01;35:*.pcx=01;35:*.mov=01;35:*.mpg=01;35:*.mpeg=01;35:*.m2v=01;35:*.mkv=01;35:*.webm=01;35:*.webp=01;35:*.ogm=01;35:*.mp4=01;35:*.m4v=01;35:*.mp4v=01;35:*.vob=01;35:*.qt=01;35:*.nuv=01;35:*.wmv=01;35:*.asf=01;35:*.rm=01;35:*.rmvb=01;35:*.flc=01;35:*.avi=01;35:*.fli=01;35:*.flv=01;35:*.gl=01;35:*.dl=01;35:*.xcf=01;35:*.xwd=01;35:*.yuv=01;35:*.cgm=01;35:*.emf=01;35:*.ogv=01;35:*.ogx=01;35:*.aac=00;36:*.au=00;36:*.flac=00;36:*.m4a=00;36:*.mid=00;36:*.midi=00;36:*.mka=00;36:*.mp3=00;36:*.mpc=00;36:*.ogg=00;36:*.ra=00;36:*.wav=00;36:*.oga=00;36:*.opus=00;36:*.spx=00;36:*.xspf=00;36:'), ('VSCODE_GIT_IPC_HANDLE', '/run/user/1007/vscode-git-62d08c1e57.sock'), ('TERM_PROGRAM', 'vscode'), ('SSH_AGENT_LAUNCHER', 'gnome-keyring'), ('SSH_AUTH_SOCK', '/run/user/1007/keyring/ssh'), ('GSETTINGS_SCHEMA_DIR', '/home/htrice/snap/code/205/.local/share/glib-2.0/schemas'), ('AMENT_PREFIX_PATH', '/opt/ros/humble'), ('ORIGINAL_XDG_CURRENT_DESKTOP', 'ubuntu:GNOME'), ('SHELL', '/bin/bash'), ('QT_ACCESSIBILITY', '1'), ('GDMSESSION', 'ubuntu'), ('LESSCLOSE', '/usr/bin/lesspipe %s %s'), ('GTK_PATH_VSCODE_SNAP_ORIG', ''), ('FONTCONFIG_FILE', '/etc/fonts/fonts.conf'), ('GTK_IM_MODULE_FILE_VSCODE_SNAP_ORIG', ''), ('GPG_AGENT_INFO', '/run/user/1007/gnupg/S.gpg-agent:0:1'), ('GJS_DEBUG_OUTPUT', 'stderr'), ('VSCODE_GIT_ASKPASS_EXTRA_ARGS', ''), ('GIT_PAGER', 'cat'), ('QT_IM_MODULE', 'ibus'), ('PWD', '/home/htrice/go2_ros2_curr/build/go2_interfaces'), ('XDG_CONFIG_DIRS', '/etc/xdg/xdg-ubuntu:/etc/xdg'), ('XDG_DATA_DIRS', '/home/htrice/snap/code/205/.local/share:/home/htrice/snap/code/205:/snap/code/205/usr/share:/usr/share/ubuntu:/usr/share/gnome:/usr/local/share/:/usr/share/:/var/lib/snapd/desktop'), ('PYTHONPATH', '/opt/ros/humble/lib/python3.10/site-packages:/opt/ros/humble/local/lib/python3.10/dist-packages'), ('COLCON', '1'), ('CMAKE_PREFIX_PATH', '/opt/ros/humble')]), 'shell': False}
[0.540832] (go2_interfaces) StdoutLine: {'line': b'-- Install configuration: ""\n'}
[0.541931] (go2_interfaces) StdoutLine: {'line': b'-- Execute custom install script\n'}
[0.542266] (go2_interfaces) StdoutLine: {'line': b'-- Up-to-date symlink: /home/htrice/go2_ros2_curr/install/go2_interfaces/share/ament_index/resource_index/rosidl_interfaces/go2_interfaces\n'}
[0.545293] (go2_interfaces) StdoutLine: {'line': b'-- Up-to-date symlink: /home/htrice/go2_ros2_curr/install/go2_interfaces/include/go2_interfaces/go2_interfaces/msg/audio_data.h\n'}
[0.545473] (go2_interfaces) StdoutLine: {'line': b'-- Up-to-date symlink: /home/htrice/go2_ros2_curr/install/go2_interfaces/include/go2_interfaces/go2_interfaces/msg/bms_cmd.h\n'}
[0.545622] (go2_interfaces) StdoutLine: {'line': b'-- Up-to-date symlink: /home/htrice/go2_ros2_curr/install/go2_interfaces/include/go2_interfaces/go2_interfaces/msg/bms_state.h\n'}
[0.545801] (go2_interfaces) StdoutLine: {'line': b'-- Up-to-date symlink: /home/htrice/go2_ros2_curr/install/go2_interfaces/include/go2_interfaces/go2_interfaces/msg/detail/audio_data__functions.h\n'}
[0.545982] (go2_interfaces) StdoutLine: {'line': b'-- Up-to-date symlink: /home/htrice/go2_ros2_curr/install/go2_interfaces/include/go2_interfaces/go2_interfaces/msg/detail/audio_data__struct.h\n'}
[0.546144] (go2_interfaces) StdoutLine: {'line': b'-- Up-to-date symlink: /home/htrice/go2_ros2_curr/install/go2_interfaces/include/go2_interfaces/go2_interfaces/msg/detail/audio_data__type_support.h\n'}
[0.546306] (go2_interfaces) StdoutLine: {'line': b'-- Up-to-date symlink: /home/htrice/go2_ros2_curr/install/go2_interfaces/include/go2_interfaces/go2_interfaces/msg/detail/bms_cmd__functions.h\n'}
[0.546473] (go2_interfaces) StdoutLine: {'line': b'-- Up-to-date symlink: /home/htrice/go2_ros2_curr/install/go2_interfaces/include/go2_interfaces/go2_interfaces/msg/detail/bms_cmd__struct.h\n'}
[0.546639] (go2_interfaces) StdoutLine: {'line': b'-- Up-to-date symlink: /home/htrice/go2_ros2_curr/install/go2_interfaces/include/go2_interfaces/go2_interfaces/msg/detail/bms_cmd__type_support.h\n'}
[0.546808] (go2_interfaces) StdoutLine: {'line': b'-- Up-to-date symlink: /home/htrice/go2_ros2_curr/install/go2_interfaces/include/go2_interfaces/go2_interfaces/msg/detail/bms_state__functions.h\n'}
[0.546992] (go2_interfaces) StdoutLine: {'line': b'-- Up-to-date symlink: /home/htrice/go2_ros2_curr/install/go2_interfaces/include/go2_interfaces/go2_interfaces/msg/detail/bms_state__struct.h\n'}
[0.547174] (go2_interfaces) StdoutLine: {'line': b'-- Up-to-date symlink: /home/htrice/go2_ros2_curr/install/go2_interfaces/include/go2_interfaces/go2_interfaces/msg/detail/bms_state__type_support.h\n'}
[0.547346] (go2_interfaces) StdoutLine: {'line': b'-- Up-to-date symlink: /home/htrice/go2_ros2_curr/install/go2_interfaces/include/go2_interfaces/go2_interfaces/msg/detail/error__functions.h\n'}
[0.547515] (go2_interfaces) StdoutLine: {'line': b'-- Up-to-date symlink: /home/htrice/go2_ros2_curr/install/go2_interfaces/include/go2_interfaces/go2_interfaces/msg/detail/error__struct.h\n'}
[0.547714] (go2_interfaces) StdoutLine: {'line': b'-- Up-to-date symlink: /home/htrice/go2_ros2_curr/install/go2_interfaces/include/go2_interfaces/go2_interfaces/msg/detail/error__type_support.h\n'}
[0.547974] (go2_interfaces) StdoutLine: {'line': b'-- Up-to-date symlink: /home/htrice/go2_ros2_curr/install/go2_interfaces/include/go2_interfaces/go2_interfaces/msg/detail/go2_cmd__functions.h\n'}
[0.548149] (go2_interfaces) StdoutLine: {'line': b'-- Up-to-date symlink: /home/htrice/go2_ros2_curr/install/go2_interfaces/include/go2_interfaces/go2_interfaces/msg/detail/go2_cmd__struct.h\n'}
[0.548323] (go2_interfaces) StdoutLine: {'line': b'-- Up-to-date symlink: /home/htrice/go2_ros2_curr/install/go2_interfaces/include/go2_interfaces/go2_interfaces/msg/detail/go2_cmd__type_support.h\n'}
[0.548477] (go2_interfaces) StdoutLine: {'line': b'-- Up-to-date symlink: /home/htrice/go2_ros2_curr/install/go2_interfaces/include/go2_interfaces/go2_interfaces/msg/detail/go2_front_video_data__functions.h\n'}
[0.548645] (go2_interfaces) StdoutLine: {'line': b'-- Up-to-date symlink: /home/htrice/go2_ros2_curr/install/go2_interfaces/include/go2_interfaces/go2_interfaces/msg/detail/go2_front_video_data__struct.h\n'}
[0.548814] (go2_interfaces) StdoutLine: {'line': b'-- Up-to-date symlink: /home/htrice/go2_ros2_curr/install/go2_interfaces/include/go2_interfaces/go2_interfaces/msg/detail/go2_front_video_data__type_support.h\n'}
[0.548995] (go2_interfaces) StdoutLine: {'line': b'-- Up-to-date symlink: /home/htrice/go2_ros2_curr/install/go2_interfaces/include/go2_interfaces/go2_interfaces/msg/detail/go2_move__functions.h\n'}
[0.549167] (go2_interfaces) StdoutLine: {'line': b'-- Up-to-date symlink: /home/htrice/go2_ros2_curr/install/go2_interfaces/include/go2_interfaces/go2_interfaces/msg/detail/go2_move__struct.h\n'}
[0.549437] (go2_interfaces) StdoutLine: {'line': b'-- Up-to-date symlink: /home/htrice/go2_ros2_curr/install/go2_interfaces/include/go2_interfaces/go2_interfaces/msg/detail/go2_move__type_support.h\n'}
[0.549570] (go2_interfaces) StdoutLine: {'line': b'-- Up-to-date symlink: /home/htrice/go2_ros2_curr/install/go2_interfaces/include/go2_interfaces/go2_interfaces/msg/detail/go2_rpy_cmd__functions.h\n'}
[0.549701] (go2_interfaces) StdoutLine: {'line': b'-- Up-to-date symlink: /home/htrice/go2_ros2_curr/install/go2_interfaces/include/go2_interfaces/go2_interfaces/msg/detail/go2_rpy_cmd__struct.h\n'}
[0.549838] (go2_interfaces) StdoutLine: {'line': b'-- Up-to-date symlink: /home/htrice/go2_ros2_curr/install/go2_interfaces/include/go2_interfaces/go2_interfaces/msg/detail/go2_rpy_cmd__type_support.h\n'}
[0.550016] (go2_interfaces) StdoutLine: {'line': b'-- Up-to-date symlink: /home/htrice/go2_ros2_curr/install/go2_interfaces/include/go2_interfaces/go2_interfaces/msg/detail/go2_state__functions.h\n'}
[0.550188] (go2_interfaces) StdoutLine: {'line': b'-- Up-to-date symlink: /home/htrice/go2_ros2_curr/install/go2_interfaces/include/go2_interfaces/go2_interfaces/msg/detail/go2_state__struct.h\n'}
[0.550353] (go2_interfaces) StdoutLine: {'line': b'-- Up-to-date symlink: /home/htrice/go2_ros2_curr/install/go2_interfaces/include/go2_interfaces/go2_interfaces/msg/detail/go2_state__type_support.h\n'}
[0.550518] (go2_interfaces) StdoutLine: {'line': b'-- Up-to-date symlink: /home/htrice/go2_ros2_curr/install/go2_interfaces/include/go2_interfaces/go2_interfaces/msg/detail/height_map__functions.h\n'}
[0.550683] (go2_interfaces) StdoutLine: {'line': b'-- Up-to-date symlink: /home/htrice/go2_ros2_curr/install/go2_interfaces/include/go2_interfaces/go2_interfaces/msg/detail/height_map__struct.h\n'}
[0.550869] (go2_interfaces) StdoutLine: {'line': b'-- Up-to-date symlink: /home/htrice/go2_ros2_curr/install/go2_interfaces/include/go2_interfaces/go2_interfaces/msg/detail/height_map__type_support.h\n'}
[0.551039] (go2_interfaces) StdoutLine: {'line': b'-- Up-to-date symlink: /home/htrice/go2_ros2_curr/install/go2_interfaces/include/go2_interfaces/go2_interfaces/msg/detail/imu__functions.h\n'}
[0.551205] (go2_interfaces) StdoutLine: {'line': b'-- Up-to-date symlink: /home/htrice/go2_ros2_curr/install/go2_interfaces/include/go2_interfaces/go2_interfaces/msg/detail/imu__struct.h\n'}
[0.551372] (go2_interfaces) StdoutLine: {'line': b'-- Up-to-date symlink: /home/htrice/go2_ros2_curr/install/go2_interfaces/include/go2_interfaces/go2_interfaces/msg/detail/imu__type_support.h\n'}
[0.551539] (go2_interfaces) StdoutLine: {'line': b'-- Up-to-date symlink: /home/htrice/go2_ros2_curr/install/go2_interfaces/include/go2_interfaces/go2_interfaces/msg/detail/interface_config__functions.h\n'}
[0.551707] (go2_interfaces) StdoutLine: {'line': b'-- Up-to-date symlink: /home/htrice/go2_ros2_curr/install/go2_interfaces/include/go2_interfaces/go2_interfaces/msg/detail/interface_config__struct.h\n'}
[0.551885] (go2_interfaces) StdoutLine: {'line': b'-- Up-to-date symlink: /home/htrice/go2_ros2_curr/install/go2_interfaces/include/go2_interfaces/go2_interfaces/msg/detail/interface_config__type_support.h\n'}
[0.552060] (go2_interfaces) StdoutLine: {'line': b'-- Up-to-date symlink: /home/htrice/go2_ros2_curr/install/go2_interfaces/include/go2_interfaces/go2_interfaces/msg/detail/lidar_state__functions.h\n'}
[0.552226] (go2_interfaces) StdoutLine: {'line': b'-- Up-to-date symlink: /home/htrice/go2_ros2_curr/install/go2_interfaces/include/go2_interfaces/go2_interfaces/msg/detail/lidar_state__struct.h\n'}
[0.552369] (go2_interfaces) StdoutLine: {'line': b'-- Up-to-date symlink: /home/htrice/go2_ros2_curr/install/go2_interfaces/include/go2_interfaces/go2_interfaces/msg/detail/lidar_state__type_support.h\n'}
[0.552506] (go2_interfaces) StdoutLine: {'line': b'-- Up-to-date symlink: /home/htrice/go2_ros2_curr/install/go2_interfaces/include/go2_interfaces/go2_interfaces/msg/detail/low_cmd__functions.h\n'}
[0.552646] (go2_interfaces) StdoutLine: {'line': b'-- Up-to-date symlink: /home/htrice/go2_ros2_curr/install/go2_interfaces/include/go2_interfaces/go2_interfaces/msg/detail/low_cmd__struct.h\n'}
[0.552772] (go2_interfaces) StdoutLine: {'line': b'-- Up-to-date symlink: /home/htrice/go2_ros2_curr/install/go2_interfaces/include/go2_interfaces/go2_interfaces/msg/detail/low_cmd__type_support.h\n'}
[0.552916] (go2_interfaces) StdoutLine: {'line': b'-- Up-to-date symlink: /home/htrice/go2_ros2_curr/install/go2_interfaces/include/go2_interfaces/go2_interfaces/msg/detail/low_state__functions.h\n'}
[0.553045] (go2_interfaces) StdoutLine: {'line': b'-- Up-to-date symlink: /home/htrice/go2_ros2_curr/install/go2_interfaces/include/go2_interfaces/go2_interfaces/msg/detail/low_state__struct.h\n'}
[0.553177] (go2_interfaces) StdoutLine: {'line': b'-- Up-to-date symlink: /home/htrice/go2_ros2_curr/install/go2_interfaces/include/go2_interfaces/go2_interfaces/msg/detail/low_state__type_support.h\n'}
[0.553299] (go2_interfaces) StdoutLine: {'line': b'-- Up-to-date symlink: /home/htrice/go2_ros2_curr/install/go2_interfaces/include/go2_interfaces/go2_interfaces/msg/detail/motor_cmd__functions.h\n'}
[0.553406] (go2_interfaces) StdoutLine: {'line': b'-- Up-to-date symlink: /home/htrice/go2_ros2_curr/install/go2_interfaces/include/go2_interfaces/go2_interfaces/msg/detail/motor_cmd__struct.h\n'}
[0.553548] (go2_interfaces) StdoutLine: {'line': b'-- Up-to-date symlink: /home/htrice/go2_ros2_curr/install/go2_interfaces/include/go2_interfaces/go2_interfaces/msg/detail/motor_cmd__type_support.h\n'}
[0.553675] (go2_interfaces) StdoutLine: {'line': b'-- Up-to-date symlink: /home/htrice/go2_ros2_curr/install/go2_interfaces/include/go2_interfaces/go2_interfaces/msg/detail/motor_cmds__functions.h\n'}
[0.553834] (go2_interfaces) StdoutLine: {'line': b'-- Up-to-date symlink: /home/htrice/go2_ros2_curr/install/go2_interfaces/include/go2_interfaces/go2_interfaces/msg/detail/motor_cmds__struct.h\n'}
[0.553970] (go2_interfaces) StdoutLine: {'line': b'-- Up-to-date symlink: /home/htrice/go2_ros2_curr/install/go2_interfaces/include/go2_interfaces/go2_interfaces/msg/detail/motor_cmds__type_support.h\n'}
[0.554196] (go2_interfaces) StdoutLine: {'line': b'-- Up-to-date symlink: /home/htrice/go2_ros2_curr/install/go2_interfaces/include/go2_interfaces/go2_interfaces/msg/detail/motor_state__functions.h\n'}
[0.554347] (go2_interfaces) StdoutLine: {'line': b'-- Up-to-date symlink: /home/htrice/go2_ros2_curr/install/go2_interfaces/include/go2_interfaces/go2_interfaces/msg/detail/motor_state__struct.h\n'}
[0.554480] (go2_interfaces) StdoutLine: {'line': b'-- Up-to-date symlink: /home/htrice/go2_ros2_curr/install/go2_interfaces/include/go2_interfaces/go2_interfaces/msg/detail/motor_state__type_support.h\n'}
[0.554662] (go2_interfaces) StdoutLine: {'line': b'-- Up-to-date symlink: /home/htrice/go2_ros2_curr/install/go2_interfaces/include/go2_interfaces/go2_interfaces/msg/detail/motor_states__functions.h\n'}
[0.554786] (go2_interfaces) StdoutLine: {'line': b'-- Up-to-date symlink: /home/htrice/go2_ros2_curr/install/go2_interfaces/include/go2_interfaces/go2_interfaces/msg/detail/motor_states__struct.h\n'}
[0.554962] (go2_interfaces) StdoutLine: {'line': b'-- Up-to-date symlink: /home/htrice/go2_ros2_curr/install/go2_interfaces/include/go2_interfaces/go2_interfaces/msg/detail/motor_states__type_support.h\n'}
[0.555089] (go2_interfaces) StdoutLine: {'line': b'-- Up-to-date symlink: /home/htrice/go2_ros2_curr/install/go2_interfaces/include/go2_interfaces/go2_interfaces/msg/detail/path_point__functions.h\n'}
[0.555211] (go2_interfaces) StdoutLine: {'line': b'-- Up-to-date symlink: /home/htrice/go2_ros2_curr/install/go2_interfaces/include/go2_interfaces/go2_interfaces/msg/detail/path_point__struct.h\n'}
[0.555367] (go2_interfaces) StdoutLine: {'line': b'-- Up-to-date symlink: /home/htrice/go2_ros2_curr/install/go2_interfaces/include/go2_interfaces/go2_interfaces/msg/detail/path_point__type_support.h\n'}
[0.555547] (go2_interfaces) StdoutLine: {'line': b'-- Up-to-date symlink: /home/htrice/go2_ros2_curr/install/go2_interfaces/include/go2_interfaces/go2_interfaces/msg/detail/req__functions.h\n'}
[0.555683] (go2_interfaces) StdoutLine: {'line': b'-- Up-to-date symlink: /home/htrice/go2_ros2_curr/install/go2_interfaces/include/go2_interfaces/go2_interfaces/msg/detail/req__struct.h\n'}
[0.555782] (go2_interfaces) StdoutLine: {'line': b'-- Up-to-date symlink: /home/htrice/go2_ros2_curr/install/go2_interfaces/include/go2_interfaces/go2_interfaces/msg/detail/req__type_support.h\n'}
[0.555915] (go2_interfaces) StdoutLine: {'line': b'-- Up-to-date symlink: /home/htrice/go2_ros2_curr/install/go2_interfaces/include/go2_interfaces/go2_interfaces/msg/detail/res__functions.h\n'}
[0.556046] (go2_interfaces) StdoutLine: {'line': b'-- Up-to-date symlink: /home/htrice/go2_ros2_curr/install/go2_interfaces/include/go2_interfaces/go2_interfaces/msg/detail/res__struct.h\n'}
[0.556142] (go2_interfaces) StdoutLine: {'line': b'-- Up-to-date symlink: /home/htrice/go2_ros2_curr/install/go2_interfaces/include/go2_interfaces/go2_interfaces/msg/detail/res__type_support.h\n'}
[0.556237] (go2_interfaces) StdoutLine: {'line': b'-- Up-to-date symlink: /home/htrice/go2_ros2_curr/install/go2_interfaces/include/go2_interfaces/go2_interfaces/msg/detail/sport_mode_cmd__functions.h\n'}
[0.556331] (go2_interfaces) StdoutLine: {'line': b'-- Up-to-date symlink: /home/htrice/go2_ros2_curr/install/go2_interfaces/include/go2_interfaces/go2_interfaces/msg/detail/sport_mode_cmd__struct.h\n'}
[0.556425] (go2_interfaces) StdoutLine: {'line': b'-- Up-to-date symlink: /home/htrice/go2_ros2_curr/install/go2_interfaces/include/go2_interfaces/go2_interfaces/msg/detail/sport_mode_cmd__type_support.h\n'}
[0.556580] (go2_interfaces) StdoutLine: {'line': b'-- Up-to-date symlink: /home/htrice/go2_ros2_curr/install/go2_interfaces/include/go2_interfaces/go2_interfaces/msg/detail/sport_mode_state__functions.h\n'}
[0.556673] (go2_interfaces) StdoutLine: {'line': b'-- Up-to-date symlink: /home/htrice/go2_ros2_curr/install/go2_interfaces/include/go2_interfaces/go2_interfaces/msg/detail/sport_mode_state__struct.h\n'}
[0.556766] (go2_interfaces) StdoutLine: {'line': b'-- Up-to-date symlink: /home/htrice/go2_ros2_curr/install/go2_interfaces/include/go2_interfaces/go2_interfaces/msg/detail/sport_mode_state__type_support.h\n'}
[0.556897] (go2_interfaces) StdoutLine: {'line': b'-- Up-to-date symlink: /home/htrice/go2_ros2_curr/install/go2_interfaces/include/go2_interfaces/go2_interfaces/msg/detail/time_spec__functions.h\n'}
[0.557016] (go2_interfaces) StdoutLine: {'line': b'-- Up-to-date symlink: /home/htrice/go2_ros2_curr/install/go2_interfaces/include/go2_interfaces/go2_interfaces/msg/detail/time_spec__struct.h\n'}
[0.557110] (go2_interfaces) StdoutLine: {'line': b'-- Up-to-date symlink: /home/htrice/go2_ros2_curr/install/go2_interfaces/include/go2_interfaces/go2_interfaces/msg/detail/time_spec__type_support.h\n'}
[0.557204] (go2_interfaces) StdoutLine: {'line': b'-- Up-to-date symlink: /home/htrice/go2_ros2_curr/install/go2_interfaces/include/go2_interfaces/go2_interfaces/msg/detail/uwb_state__functions.h\n'}
[0.557324] (go2_interfaces) StdoutLine: {'line': b'-- Up-to-date symlink: /home/htrice/go2_ros2_curr/install/go2_interfaces/include/go2_interfaces/go2_interfaces/msg/detail/uwb_state__struct.h\n'}
[0.557418] (go2_interfaces) StdoutLine: {'line': b'-- Up-to-date symlink: /home/htrice/go2_ros2_curr/install/go2_interfaces/include/go2_interfaces/go2_interfaces/msg/detail/uwb_state__type_support.h\n'}
[0.557513] (go2_interfaces) StdoutLine: {'line': b'-- Up-to-date symlink: /home/htrice/go2_ros2_curr/install/go2_interfaces/include/go2_interfaces/go2_interfaces/msg/detail/uwb_switch__functions.h\n'}
[0.557606] (go2_interfaces) StdoutLine: {'line': b'-- Up-to-date symlink: /home/htrice/go2_ros2_curr/install/go2_interfaces/include/go2_interfaces/go2_interfaces/msg/detail/uwb_switch__struct.h\n'}
[0.557713] (go2_interfaces) StdoutLine: {'line': b'-- Up-to-date symlink: /home/htrice/go2_ros2_curr/install/go2_interfaces/include/go2_interfaces/go2_interfaces/msg/detail/uwb_switch__type_support.h\n'}
[0.557851] (go2_interfaces) StdoutLine: {'line': b'-- Up-to-date symlink: /home/htrice/go2_ros2_curr/install/go2_interfaces/include/go2_interfaces/go2_interfaces/msg/detail/voxel_height_map_state__functions.h\n'}
[0.557977] (go2_interfaces) StdoutLine: {'line': b'-- Up-to-date symlink: /home/htrice/go2_ros2_curr/install/go2_interfaces/include/go2_interfaces/go2_interfaces/msg/detail/voxel_height_map_state__struct.h\n'}
[0.558073] (go2_interfaces) StdoutLine: {'line': b'-- Up-to-date symlink: /home/htrice/go2_ros2_curr/install/go2_interfaces/include/go2_interfaces/go2_interfaces/msg/detail/voxel_height_map_state__type_support.h\n'}
[0.558168] (go2_interfaces) StdoutLine: {'line': b'-- Up-to-date symlink: /home/htrice/go2_ros2_curr/install/go2_interfaces/include/go2_interfaces/go2_interfaces/msg/detail/voxel_map_compressed__functions.h\n'}
[0.558261] (go2_interfaces) StdoutLine: {'line': b'-- Up-to-date symlink: /home/htrice/go2_ros2_curr/install/go2_interfaces/include/go2_interfaces/go2_interfaces/msg/detail/voxel_map_compressed__struct.h\n'}
[0.558406] (go2_interfaces) StdoutLine: {'line': b'-- Up-to-date symlink: /home/htrice/go2_ros2_curr/install/go2_interfaces/include/go2_interfaces/go2_interfaces/msg/detail/voxel_map_compressed__type_support.h\n'}
[0.558503] (go2_interfaces) StdoutLine: {'line': b'-- Up-to-date symlink: /home/htrice/go2_ros2_curr/install/go2_interfaces/include/go2_interfaces/go2_interfaces/msg/detail/web_rtc_req__functions.h\n'}
[0.558597] (go2_interfaces) StdoutLine: {'line': b'-- Up-to-date symlink: /home/htrice/go2_ros2_curr/install/go2_interfaces/include/go2_interfaces/go2_interfaces/msg/detail/web_rtc_req__struct.h\n'}
[0.558733] (go2_interfaces) StdoutLine: {'line': b'-- Up-to-date symlink: /home/htrice/go2_ros2_curr/install/go2_interfaces/include/go2_interfaces/go2_interfaces/msg/detail/web_rtc_req__type_support.h\n'}
[0.558833] (go2_interfaces) StdoutLine: {'line': b'-- Up-to-date symlink: /home/htrice/go2_ros2_curr/install/go2_interfaces/include/go2_interfaces/go2_interfaces/msg/detail/wireless_controller__functions.h\n'}
[0.558991] (go2_interfaces) StdoutLine: {'line': b'-- Up-to-date symlink: /home/htrice/go2_ros2_curr/install/go2_interfaces/include/go2_interfaces/go2_interfaces/msg/detail/wireless_controller__struct.h\n'}
[0.559086] (go2_interfaces) StdoutLine: {'line': b'-- Up-to-date symlink: /home/htrice/go2_ros2_curr/install/go2_interfaces/include/go2_interfaces/go2_interfaces/msg/detail/wireless_controller__type_support.h\n'}
[0.559178] (go2_interfaces) StdoutLine: {'line': b'-- Up-to-date symlink: /home/htrice/go2_ros2_curr/install/go2_interfaces/include/go2_interfaces/go2_interfaces/msg/error.h\n'}
[0.559341] (go2_interfaces) StdoutLine: {'line': b'-- Up-to-date symlink: /home/htrice/go2_ros2_curr/install/go2_interfaces/include/go2_interfaces/go2_interfaces/msg/go2_cmd.h\n'}
[0.559474] (go2_interfaces) StdoutLine: {'line': b'-- Up-to-date symlink: /home/htrice/go2_ros2_curr/install/go2_interfaces/include/go2_interfaces/go2_interfaces/msg/go2_front_video_data.h\n'}
[0.559594] (go2_interfaces) StdoutLine: {'line': b'-- Up-to-date symlink: /home/htrice/go2_ros2_curr/install/go2_interfaces/include/go2_interfaces/go2_interfaces/msg/go2_move.h\n'}
[0.559711] (go2_interfaces) StdoutLine: {'line': b'-- Up-to-date symlink: /home/htrice/go2_ros2_curr/install/go2_interfaces/include/go2_interfaces/go2_interfaces/msg/go2_rpy_cmd.h\n'}
[0.559961] (go2_interfaces) StdoutLine: {'line': b'-- Up-to-date symlink: /home/htrice/go2_ros2_curr/install/go2_interfaces/include/go2_interfaces/go2_interfaces/msg/go2_state.h\n'}
[0.560192] (go2_interfaces) StdoutLine: {'line': b'-- Up-to-date symlink: /home/htrice/go2_ros2_curr/install/go2_interfaces/include/go2_interfaces/go2_interfaces/msg/height_map.h\n'}
[0.560299] (go2_interfaces) StdoutLine: {'line': b'-- Up-to-date symlink: /home/htrice/go2_ros2_curr/install/go2_interfaces/include/go2_interfaces/go2_interfaces/msg/imu.h\n'}
[0.560469] (go2_interfaces) StdoutLine: {'line': b'-- Up-to-date symlink: /home/htrice/go2_ros2_curr/install/go2_interfaces/include/go2_interfaces/go2_interfaces/msg/interface_config.h\n'}
[0.560588] (go2_interfaces) StdoutLine: {'line': b'-- Up-to-date symlink: /home/htrice/go2_ros2_curr/install/go2_interfaces/include/go2_interfaces/go2_interfaces/msg/lidar_state.h\n'}
[0.560692] (go2_interfaces) StdoutLine: {'line': b'-- Up-to-date symlink: /home/htrice/go2_ros2_curr/install/go2_interfaces/include/go2_interfaces/go2_interfaces/msg/low_cmd.h\n'}
[0.560787] (go2_interfaces) StdoutLine: {'line': b'-- Up-to-date symlink: /home/htrice/go2_ros2_curr/install/go2_interfaces/include/go2_interfaces/go2_interfaces/msg/low_state.h\n'}
[0.560973] (go2_interfaces) StdoutLine: {'line': b'-- Up-to-date symlink: /home/htrice/go2_ros2_curr/install/go2_interfaces/include/go2_interfaces/go2_interfaces/msg/motor_cmd.h\n'}
[0.561068] (go2_interfaces) StdoutLine: {'line': b'-- Up-to-date symlink: /home/htrice/go2_ros2_curr/install/go2_interfaces/include/go2_interfaces/go2_interfaces/msg/motor_cmds.h\n'}
[0.561163] (go2_interfaces) StdoutLine: {'line': b'-- Up-to-date symlink: /home/htrice/go2_ros2_curr/install/go2_interfaces/include/go2_interfaces/go2_interfaces/msg/motor_state.h\n'}
[0.561303] (go2_interfaces) StdoutLine: {'line': b'-- Up-to-date symlink: /home/htrice/go2_ros2_curr/install/go2_interfaces/include/go2_interfaces/go2_interfaces/msg/motor_states.h\n'}
[0.561400] (go2_interfaces) StdoutLine: {'line': b'-- Up-to-date symlink: /home/htrice/go2_ros2_curr/install/go2_interfaces/include/go2_interfaces/go2_interfaces/msg/path_point.h\n'}
[0.561495] (go2_interfaces) StdoutLine: {'line': b'-- Up-to-date symlink: /home/htrice/go2_ros2_curr/install/go2_interfaces/include/go2_interfaces/go2_interfaces/msg/req.h\n'}
[0.561620] (go2_interfaces) StdoutLine: {'line': b'-- Up-to-date symlink: /home/htrice/go2_ros2_curr/install/go2_interfaces/include/go2_interfaces/go2_interfaces/msg/res.h\n'}
[0.561715] (go2_interfaces) StdoutLine: {'line': b'-- Up-to-date symlink: /home/htrice/go2_ros2_curr/install/go2_interfaces/include/go2_interfaces/go2_interfaces/msg/rosidl_generator_c__visibility_control.h\n'}
[0.561811] (go2_interfaces) StdoutLine: {'line': b'-- Up-to-date symlink: /home/htrice/go2_ros2_curr/install/go2_interfaces/include/go2_interfaces/go2_interfaces/msg/sport_mode_cmd.h\n'}
[0.561992] (go2_interfaces) StdoutLine: {'line': b'-- Up-to-date symlink: /home/htrice/go2_ros2_curr/install/go2_interfaces/include/go2_interfaces/go2_interfaces/msg/sport_mode_state.h\n'}
[0.562081] (go2_interfaces) StdoutLine: {'line': b'-- Up-to-date symlink: /home/htrice/go2_ros2_curr/install/go2_interfaces/include/go2_interfaces/go2_interfaces/msg/time_spec.h\n'}
[0.562176] (go2_interfaces) StdoutLine: {'line': b'-- Up-to-date symlink: /home/htrice/go2_ros2_curr/install/go2_interfaces/include/go2_interfaces/go2_interfaces/msg/uwb_state.h\n'}
[0.562270] (go2_interfaces) StdoutLine: {'line': b'-- Up-to-date symlink: /home/htrice/go2_ros2_curr/install/go2_interfaces/include/go2_interfaces/go2_interfaces/msg/uwb_switch.h\n'}
[0.562364] (go2_interfaces) StdoutLine: {'line': b'-- Up-to-date symlink: /home/htrice/go2_ros2_curr/install/go2_interfaces/include/go2_interfaces/go2_interfaces/msg/voxel_height_map_state.h\n'}
[0.562458] (go2_interfaces) StdoutLine: {'line': b'-- Up-to-date symlink: /home/htrice/go2_ros2_curr/install/go2_interfaces/include/go2_interfaces/go2_interfaces/msg/voxel_map_compressed.h\n'}
[0.562552] (go2_interfaces) StdoutLine: {'line': b'-- Up-to-date symlink: /home/htrice/go2_ros2_curr/install/go2_interfaces/include/go2_interfaces/go2_interfaces/msg/web_rtc_req.h\n'}
[0.562645] (go2_interfaces) StdoutLine: {'line': b'-- Up-to-date symlink: /home/htrice/go2_ros2_curr/install/go2_interfaces/include/go2_interfaces/go2_interfaces/msg/wireless_controller.h\n'}
[0.562782] (go2_interfaces) StdoutLine: {'line': b'-- Up-to-date symlink: /home/htrice/go2_ros2_curr/install/go2_interfaces/share/go2_interfaces/environment/library_path.sh\n'}
[0.562891] (go2_interfaces) StdoutLine: {'line': b'-- Up-to-date symlink: /home/htrice/go2_ros2_curr/install/go2_interfaces/share/go2_interfaces/environment/library_path.dsv\n'}
[0.564017] (go2_interfaces) StdoutLine: {'line': b'-- Up-to-date symlink: /home/htrice/go2_ros2_curr/install/go2_interfaces/include/go2_interfaces/go2_interfaces/msg/detail/audio_data__rosidl_typesupport_fastrtps_c.h\n'}
[0.564143] (go2_interfaces) StdoutLine: {'line': b'-- Up-to-date symlink: /home/htrice/go2_ros2_curr/install/go2_interfaces/include/go2_interfaces/go2_interfaces/msg/detail/bms_cmd__rosidl_typesupport_fastrtps_c.h\n'}
[0.564257] (go2_interfaces) StdoutLine: {'line': b'-- Up-to-date symlink: /home/htrice/go2_ros2_curr/install/go2_interfaces/include/go2_interfaces/go2_interfaces/msg/detail/bms_state__rosidl_typesupport_fastrtps_c.h\n'}
[0.564387] (go2_interfaces) StdoutLine: {'line': b'-- Up-to-date symlink: /home/htrice/go2_ros2_curr/install/go2_interfaces/include/go2_interfaces/go2_interfaces/msg/detail/error__rosidl_typesupport_fastrtps_c.h\n'}
[0.564523] (go2_interfaces) StdoutLine: {'line': b'-- Up-to-date symlink: /home/htrice/go2_ros2_curr/install/go2_interfaces/include/go2_interfaces/go2_interfaces/msg/detail/go2_cmd__rosidl_typesupport_fastrtps_c.h\n'}
[0.564674] (go2_interfaces) StdoutLine: {'line': b'-- Up-to-date symlink: /home/htrice/go2_ros2_curr/install/go2_interfaces/include/go2_interfaces/go2_interfaces/msg/detail/go2_front_video_data__rosidl_typesupport_fastrtps_c.h\n'}
[0.564851] (go2_interfaces) StdoutLine: {'line': b'-- Up-to-date symlink: /home/htrice/go2_ros2_curr/install/go2_interfaces/include/go2_interfaces/go2_interfaces/msg/detail/go2_move__rosidl_typesupport_fastrtps_c.h\n'}
[0.565004] (go2_interfaces) StdoutLine: {'line': b'-- Up-to-date symlink: /home/htrice/go2_ros2_curr/install/go2_interfaces/include/go2_interfaces/go2_interfaces/msg/detail/go2_rpy_cmd__rosidl_typesupport_fastrtps_c.h\n'}
[0.565112] (go2_interfaces) StdoutLine: {'line': b'-- Up-to-date symlink: /home/htrice/go2_ros2_curr/install/go2_interfaces/include/go2_interfaces/go2_interfaces/msg/detail/go2_state__rosidl_typesupport_fastrtps_c.h\n'}
[0.565269] (go2_interfaces) StdoutLine: {'line': b'-- Up-to-date symlink: /home/htrice/go2_ros2_curr/install/go2_interfaces/include/go2_interfaces/go2_interfaces/msg/detail/height_map__rosidl_typesupport_fastrtps_c.h\n'}
[0.565382] (go2_interfaces) StdoutLine: {'line': b'-- Up-to-date symlink: /home/htrice/go2_ros2_curr/install/go2_interfaces/include/go2_interfaces/go2_interfaces/msg/detail/imu__rosidl_typesupport_fastrtps_c.h\n'}
[0.565532] (go2_interfaces) StdoutLine: {'line': b'-- Up-to-date symlink: /home/htrice/go2_ros2_curr/install/go2_interfaces/include/go2_interfaces/go2_interfaces/msg/detail/interface_config__rosidl_typesupport_fastrtps_c.h\n'}
[0.565708] (go2_interfaces) StdoutLine: {'line': b'-- Up-to-date symlink: /home/htrice/go2_ros2_curr/install/go2_interfaces/include/go2_interfaces/go2_interfaces/msg/detail/lidar_state__rosidl_typesupport_fastrtps_c.h\n'}
[0.565809] (go2_interfaces) StdoutLine: {'line': b'-- Up-to-date symlink: /home/htrice/go2_ros2_curr/install/go2_interfaces/include/go2_interfaces/go2_interfaces/msg/detail/low_cmd__rosidl_typesupport_fastrtps_c.h\n'}
[0.565957] (go2_interfaces) StdoutLine: {'line': b'-- Up-to-date symlink: /home/htrice/go2_ros2_curr/install/go2_interfaces/include/go2_interfaces/go2_interfaces/msg/detail/low_state__rosidl_typesupport_fastrtps_c.h\n'}
[0.566101] (go2_interfaces) StdoutLine: {'line': b'-- Up-to-date symlink: /home/htrice/go2_ros2_curr/install/go2_interfaces/include/go2_interfaces/go2_interfaces/msg/detail/motor_cmd__rosidl_typesupport_fastrtps_c.h\n'}
[0.566239] (go2_interfaces) StdoutLine: {'line': b'-- Up-to-date symlink: /home/htrice/go2_ros2_curr/install/go2_interfaces/include/go2_interfaces/go2_interfaces/msg/detail/motor_cmds__rosidl_typesupport_fastrtps_c.h\n'}
[0.566390] (go2_interfaces) StdoutLine: {'line': b'-- Up-to-date symlink: /home/htrice/go2_ros2_curr/install/go2_interfaces/include/go2_interfaces/go2_interfaces/msg/detail/motor_state__rosidl_typesupport_fastrtps_c.h\n'}
[0.566623] (go2_interfaces) StdoutLine: {'line': b'-- Up-to-date symlink: /home/htrice/go2_ros2_curr/install/go2_interfaces/include/go2_interfaces/go2_interfaces/msg/detail/motor_states__rosidl_typesupport_fastrtps_c.h\n'}
[0.566765] (go2_interfaces) StdoutLine: {'line': b'-- Up-to-date symlink: /home/htrice/go2_ros2_curr/install/go2_interfaces/include/go2_interfaces/go2_interfaces/msg/detail/path_point__rosidl_typesupport_fastrtps_c.h\n'}
[0.566952] (go2_interfaces) StdoutLine: {'line': b'-- Up-to-date symlink: /home/htrice/go2_ros2_curr/install/go2_interfaces/include/go2_interfaces/go2_interfaces/msg/detail/req__rosidl_typesupport_fastrtps_c.h\n'}
[0.567056] (go2_interfaces) StdoutLine: {'line': b'-- Up-to-date symlink: /home/htrice/go2_ros2_curr/install/go2_interfaces/include/go2_interfaces/go2_interfaces/msg/detail/res__rosidl_typesupport_fastrtps_c.h\n'}
[0.567153] (go2_interfaces) StdoutLine: {'line': b'-- Up-to-date symlink: /home/htrice/go2_ros2_curr/install/go2_interfaces/include/go2_interfaces/go2_interfaces/msg/detail/sport_mode_cmd__rosidl_typesupport_fastrtps_c.h\n'}
[0.567248] (go2_interfaces) StdoutLine: {'line': b'-- Up-to-date symlink: /home/htrice/go2_ros2_curr/install/go2_interfaces/include/go2_interfaces/go2_interfaces/msg/detail/sport_mode_state__rosidl_typesupport_fastrtps_c.h\n'}
[0.567420] (go2_interfaces) StdoutLine: {'line': b'-- Up-to-date symlink: /home/htrice/go2_ros2_curr/install/go2_interfaces/include/go2_interfaces/go2_interfaces/msg/detail/time_spec__rosidl_typesupport_fastrtps_c.h\n'}
[0.567515] (go2_interfaces) StdoutLine: {'line': b'-- Up-to-date symlink: /home/htrice/go2_ros2_curr/install/go2_interfaces/include/go2_interfaces/go2_interfaces/msg/detail/uwb_state__rosidl_typesupport_fastrtps_c.h\n'}
[0.567642] (go2_interfaces) StdoutLine: {'line': b'-- Up-to-date symlink: /home/htrice/go2_ros2_curr/install/go2_interfaces/include/go2_interfaces/go2_interfaces/msg/detail/uwb_switch__rosidl_typesupport_fastrtps_c.h\n'}
[0.567737] (go2_interfaces) StdoutLine: {'line': b'-- Up-to-date symlink: /home/htrice/go2_ros2_curr/install/go2_interfaces/include/go2_interfaces/go2_interfaces/msg/detail/voxel_height_map_state__rosidl_typesupport_fastrtps_c.h\n'}
[0.567843] (go2_interfaces) StdoutLine: {'line': b'-- Up-to-date symlink: /home/htrice/go2_ros2_curr/install/go2_interfaces/include/go2_interfaces/go2_interfaces/msg/detail/voxel_map_compressed__rosidl_typesupport_fastrtps_c.h\n'}
[0.567975] (go2_interfaces) StdoutLine: {'line': b'-- Up-to-date symlink: /home/htrice/go2_ros2_curr/install/go2_interfaces/include/go2_interfaces/go2_interfaces/msg/detail/web_rtc_req__rosidl_typesupport_fastrtps_c.h\n'}
[0.568063] (go2_interfaces) StdoutLine: {'line': b'-- Up-to-date symlink: /home/htrice/go2_ros2_curr/install/go2_interfaces/include/go2_interfaces/go2_interfaces/msg/detail/wireless_controller__rosidl_typesupport_fastrtps_c.h\n'}
[0.568149] (go2_interfaces) StdoutLine: {'line': b'-- Up-to-date symlink: /home/htrice/go2_ros2_curr/install/go2_interfaces/include/go2_interfaces/go2_interfaces/msg/rosidl_typesupport_fastrtps_c__visibility_control.h\n'}
[0.569717] (go2_interfaces) StdoutLine: {'line': b'-- Up-to-date symlink: /home/htrice/go2_ros2_curr/install/go2_interfaces/include/go2_interfaces/go2_interfaces/msg/audio_data.hpp\n'}
[0.569849] (go2_interfaces) StdoutLine: {'line': b'-- Up-to-date symlink: /home/htrice/go2_ros2_curr/install/go2_interfaces/include/go2_interfaces/go2_interfaces/msg/bms_cmd.hpp\n'}
[0.569983] (go2_interfaces) StdoutLine: {'line': b'-- Up-to-date symlink: /home/htrice/go2_ros2_curr/install/go2_interfaces/include/go2_interfaces/go2_interfaces/msg/bms_state.hpp\n'}
[0.570100] (go2_interfaces) StdoutLine: {'line': b'-- Up-to-date symlink: /home/htrice/go2_ros2_curr/install/go2_interfaces/include/go2_interfaces/go2_interfaces/msg/detail/audio_data__builder.hpp\n'}
[0.570216] (go2_interfaces) StdoutLine: {'line': b'-- Up-to-date symlink: /home/htrice/go2_ros2_curr/install/go2_interfaces/include/go2_interfaces/go2_interfaces/msg/detail/audio_data__struct.hpp\n'}
[0.570349] (go2_interfaces) StdoutLine: {'line': b'-- Up-to-date symlink: /home/htrice/go2_ros2_curr/install/go2_interfaces/include/go2_interfaces/go2_interfaces/msg/detail/audio_data__traits.hpp\n'}
[0.570486] (go2_interfaces) StdoutLine: {'line': b'-- Up-to-date symlink: /home/htrice/go2_ros2_curr/install/go2_interfaces/include/go2_interfaces/go2_interfaces/msg/detail/audio_data__type_support.hpp\n'}
[0.570636] (go2_interfaces) StdoutLine: {'line': b'-- Up-to-date symlink: /home/htrice/go2_ros2_curr/install/go2_interfaces/include/go2_interfaces/go2_interfaces/msg/detail/bms_cmd__builder.hpp\n'}
[0.570730] (go2_interfaces) StdoutLine: {'line': b'-- Up-to-date symlink: /home/htrice/go2_ros2_curr/install/go2_interfaces/include/go2_interfaces/go2_interfaces/msg/detail/bms_cmd__struct.hpp\n'}
[0.570889] (go2_interfaces) StdoutLine: {'line': b'-- Up-to-date symlink: /home/htrice/go2_ros2_curr/install/go2_interfaces/include/go2_interfaces/go2_interfaces/msg/detail/bms_cmd__traits.hpp\n'}
[0.571000] (go2_interfaces) StdoutLine: {'line': b'-- Up-to-date symlink: /home/htrice/go2_ros2_curr/install/go2_interfaces/include/go2_interfaces/go2_interfaces/msg/detail/bms_cmd__type_support.hpp\n'}
[0.571177] (go2_interfaces) StdoutLine: {'line': b'-- Up-to-date symlink: /home/htrice/go2_ros2_curr/install/go2_interfaces/include/go2_interfaces/go2_interfaces/msg/detail/bms_state__builder.hpp\n'}
[0.571277] (go2_interfaces) StdoutLine: {'line': b'-- Up-to-date symlink: /home/htrice/go2_ros2_curr/install/go2_interfaces/include/go2_interfaces/go2_interfaces/msg/detail/bms_state__struct.hpp\n'}
[0.571424] (go2_interfaces) StdoutLine: {'line': b'-- Up-to-date symlink: /home/htrice/go2_ros2_curr/install/go2_interfaces/include/go2_interfaces/go2_interfaces/msg/detail/bms_state__traits.hpp\n'}
[0.571569] (go2_interfaces) StdoutLine: {'line': b'-- Up-to-date symlink: /home/htrice/go2_ros2_curr/install/go2_interfaces/include/go2_interfaces/go2_interfaces/msg/detail/bms_state__type_support.hpp\n'}
[0.571713] (go2_interfaces) StdoutLine: {'line': b'-- Up-to-date symlink: /home/htrice/go2_ros2_curr/install/go2_interfaces/include/go2_interfaces/go2_interfaces/msg/detail/error__builder.hpp\n'}
[0.571982] (go2_interfaces) StdoutLine: {'line': b'-- Up-to-date symlink: /home/htrice/go2_ros2_curr/install/go2_interfaces/include/go2_interfaces/go2_interfaces/msg/detail/error__struct.hpp\n'}
[0.572169] (go2_interfaces) StdoutLine: {'line': b'-- Up-to-date symlink: /home/htrice/go2_ros2_curr/install/go2_interfaces/include/go2_interfaces/go2_interfaces/msg/detail/error__traits.hpp\n'}
[0.572303] (go2_interfaces) StdoutLine: {'line': b'-- Up-to-date symlink: /home/htrice/go2_ros2_curr/install/go2_interfaces/include/go2_interfaces/go2_interfaces/msg/detail/error__type_support.hpp\n'}
[0.572450] (go2_interfaces) StdoutLine: {'line': b'-- Up-to-date symlink: /home/htrice/go2_ros2_curr/install/go2_interfaces/include/go2_interfaces/go2_interfaces/msg/detail/go2_cmd__builder.hpp\n'}
[0.572566] (go2_interfaces) StdoutLine: {'line': b'-- Up-to-date symlink: /home/htrice/go2_ros2_curr/install/go2_interfaces/include/go2_interfaces/go2_interfaces/msg/detail/go2_cmd__struct.hpp\n'}
[0.572663] (go2_interfaces) StdoutLine: {'line': b'-- Up-to-date symlink: /home/htrice/go2_ros2_curr/install/go2_interfaces/include/go2_interfaces/go2_interfaces/msg/detail/go2_cmd__traits.hpp\n'}
[0.572756] (go2_interfaces) StdoutLine: {'line': b'-- Up-to-date symlink: /home/htrice/go2_ros2_curr/install/go2_interfaces/include/go2_interfaces/go2_interfaces/msg/detail/go2_cmd__type_support.hpp\n'}
[0.572916] (go2_interfaces) StdoutLine: {'line': b'-- Up-to-date symlink: /home/htrice/go2_ros2_curr/install/go2_interfaces/include/go2_interfaces/go2_interfaces/msg/detail/go2_front_video_data__builder.hpp\n'}
[0.573045] (go2_interfaces) StdoutLine: {'line': b'-- Up-to-date symlink: /home/htrice/go2_ros2_curr/install/go2_interfaces/include/go2_interfaces/go2_interfaces/msg/detail/go2_front_video_data__struct.hpp\n'}
[0.573142] (go2_interfaces) StdoutLine: {'line': b'-- Up-to-date symlink: /home/htrice/go2_ros2_curr/install/go2_interfaces/include/go2_interfaces/go2_interfaces/msg/detail/go2_front_video_data__traits.hpp\n'}
[0.573237] (go2_interfaces) StdoutLine: {'line': b'-- Up-to-date symlink: /home/htrice/go2_ros2_curr/install/go2_interfaces/include/go2_interfaces/go2_interfaces/msg/detail/go2_front_video_data__type_support.hpp\n'}
[0.573331] (go2_interfaces) StdoutLine: {'line': b'-- Up-to-date symlink: /home/htrice/go2_ros2_curr/install/go2_interfaces/include/go2_interfaces/go2_interfaces/msg/detail/go2_move__builder.hpp\n'}
[0.573428] (go2_interfaces) StdoutLine: {'line': b'-- Up-to-date symlink: /home/htrice/go2_ros2_curr/install/go2_interfaces/include/go2_interfaces/go2_interfaces/msg/detail/go2_move__struct.hpp\n'}
[0.573582] (go2_interfaces) StdoutLine: {'line': b'-- Up-to-date symlink: /home/htrice/go2_ros2_curr/install/go2_interfaces/include/go2_interfaces/go2_interfaces/msg/detail/go2_move__traits.hpp\n'}
[0.573699] (go2_interfaces) StdoutLine: {'line': b'-- Up-to-date symlink: /home/htrice/go2_ros2_curr/install/go2_interfaces/include/go2_interfaces/go2_interfaces/msg/detail/go2_move__type_support.hpp\n'}
[0.573795] (go2_interfaces) StdoutLine: {'line': b'-- Up-to-date symlink: /home/htrice/go2_ros2_curr/install/go2_interfaces/include/go2_interfaces/go2_interfaces/msg/detail/go2_rpy_cmd__builder.hpp\n'}
[0.573944] (go2_interfaces) StdoutLine: {'line': b'-- Up-to-date symlink: /home/htrice/go2_ros2_curr/install/go2_interfaces/include/go2_interfaces/go2_interfaces/msg/detail/go2_rpy_cmd__struct.hpp\n'}
[0.574087] (go2_interfaces) StdoutLine: {'line': b'-- Up-to-date symlink: /home/htrice/go2_ros2_curr/install/go2_interfaces/include/go2_interfaces/go2_interfaces/msg/detail/go2_rpy_cmd__traits.hpp\n'}
[0.574175] (go2_interfaces) StdoutLine: {'line': b'-- Up-to-date symlink: /home/htrice/go2_ros2_curr/install/go2_interfaces/include/go2_interfaces/go2_interfaces/msg/detail/go2_rpy_cmd__type_support.hpp\n'}
[0.574317] (go2_interfaces) StdoutLine: {'line': b'-- Up-to-date symlink: /home/htrice/go2_ros2_curr/install/go2_interfaces/include/go2_interfaces/go2_interfaces/msg/detail/go2_state__builder.hpp\n'}
[0.574432] (go2_interfaces) StdoutLine: {'line': b'-- Up-to-date symlink: /home/htrice/go2_ros2_curr/install/go2_interfaces/include/go2_interfaces/go2_interfaces/msg/detail/go2_state__struct.hpp\n'}
[0.574521] (go2_interfaces) StdoutLine: {'line': b'-- Up-to-date symlink: /home/htrice/go2_ros2_curr/install/go2_interfaces/include/go2_interfaces/go2_interfaces/msg/detail/go2_state__traits.hpp\n'}
[0.574617] (go2_interfaces) StdoutLine: {'line': b'-- Up-to-date symlink: /home/htrice/go2_ros2_curr/install/go2_interfaces/include/go2_interfaces/go2_interfaces/msg/detail/go2_state__type_support.hpp\n'}
[0.574709] (go2_interfaces) StdoutLine: {'line': b'-- Up-to-date symlink: /home/htrice/go2_ros2_curr/install/go2_interfaces/include/go2_interfaces/go2_interfaces/msg/detail/height_map__builder.hpp\n'}
[0.574802] (go2_interfaces) StdoutLine: {'line': b'-- Up-to-date symlink: /home/htrice/go2_ros2_curr/install/go2_interfaces/include/go2_interfaces/go2_interfaces/msg/detail/height_map__struct.hpp\n'}
[0.574960] (go2_interfaces) StdoutLine: {'line': b'-- Up-to-date symlink: /home/htrice/go2_ros2_curr/install/go2_interfaces/include/go2_interfaces/go2_interfaces/msg/detail/height_map__traits.hpp\n'}
[0.575059] (go2_interfaces) StdoutLine: {'line': b'-- Up-to-date symlink: /home/htrice/go2_ros2_curr/install/go2_interfaces/include/go2_interfaces/go2_interfaces/msg/detail/height_map__type_support.hpp\n'}
[0.575153] (go2_interfaces) StdoutLine: {'line': b'-- Up-to-date symlink: /home/htrice/go2_ros2_curr/install/go2_interfaces/include/go2_interfaces/go2_interfaces/msg/detail/imu__builder.hpp\n'}
[0.575246] (go2_interfaces) StdoutLine: {'line': b'-- Up-to-date symlink: /home/htrice/go2_ros2_curr/install/go2_interfaces/include/go2_interfaces/go2_interfaces/msg/detail/imu__struct.hpp\n'}
[0.575340] (go2_interfaces) StdoutLine: {'line': b'-- Up-to-date symlink: /home/htrice/go2_ros2_curr/install/go2_interfaces/include/go2_interfaces/go2_interfaces/msg/detail/imu__traits.hpp\n'}
[0.575506] (go2_interfaces) StdoutLine: {'line': b'-- Up-to-date symlink: /home/htrice/go2_ros2_curr/install/go2_interfaces/include/go2_interfaces/go2_interfaces/msg/detail/imu__type_support.hpp\n'}
[0.575637] (go2_interfaces) StdoutLine: {'line': b'-- Up-to-date symlink: /home/htrice/go2_ros2_curr/install/go2_interfaces/include/go2_interfaces/go2_interfaces/msg/detail/interface_config__builder.hpp\n'}
[0.575759] (go2_interfaces) StdoutLine: {'line': b'-- Up-to-date symlink: /home/htrice/go2_ros2_curr/install/go2_interfaces/include/go2_interfaces/go2_interfaces/msg/detail/interface_config__struct.hpp\n'}
[0.575914] (go2_interfaces) StdoutLine: {'line': b'-- Up-to-date symlink: /home/htrice/go2_ros2_curr/install/go2_interfaces/include/go2_interfaces/go2_interfaces/msg/detail/interface_config__traits.hpp\n'}
[0.576015] (go2_interfaces) StdoutLine: {'line': b'-- Up-to-date symlink: /home/htrice/go2_ros2_curr/install/go2_interfaces/include/go2_interfaces/go2_interfaces/msg/detail/interface_config__type_support.hpp\n'}
[0.576112] (go2_interfaces) StdoutLine: {'line': b'-- Up-to-date symlink: /home/htrice/go2_ros2_curr/install/go2_interfaces/include/go2_interfaces/go2_interfaces/msg/detail/lidar_state__builder.hpp\n'}
[0.576207] (go2_interfaces) StdoutLine: {'line': b'-- Up-to-date symlink: /home/htrice/go2_ros2_curr/install/go2_interfaces/include/go2_interfaces/go2_interfaces/msg/detail/lidar_state__struct.hpp\n'}
[0.576301] (go2_interfaces) StdoutLine: {'line': b'-- Up-to-date symlink: /home/htrice/go2_ros2_curr/install/go2_interfaces/include/go2_interfaces/go2_interfaces/msg/detail/lidar_state__traits.hpp\n'}
[0.576395] (go2_interfaces) StdoutLine: {'line': b'-- Up-to-date symlink: /home/htrice/go2_ros2_curr/install/go2_interfaces/include/go2_interfaces/go2_interfaces/msg/detail/lidar_state__type_support.hpp\n'}
[0.576555] (go2_interfaces) StdoutLine: {'line': b'-- Up-to-date symlink: /home/htrice/go2_ros2_curr/install/go2_interfaces/include/go2_interfaces/go2_interfaces/msg/detail/low_cmd__builder.hpp\n'}
[0.576652] (go2_interfaces) StdoutLine: {'line': b'-- Up-to-date symlink: /home/htrice/go2_ros2_curr/install/go2_interfaces/include/go2_interfaces/go2_interfaces/msg/detail/low_cmd__struct.hpp\n'}
[0.576746] (go2_interfaces) StdoutLine: {'line': b'-- Up-to-date symlink: /home/htrice/go2_ros2_curr/install/go2_interfaces/include/go2_interfaces/go2_interfaces/msg/detail/low_cmd__traits.hpp\n'}
[0.576897] (go2_interfaces) StdoutLine: {'line': b'-- Up-to-date symlink: /home/htrice/go2_ros2_curr/install/go2_interfaces/include/go2_interfaces/go2_interfaces/msg/detail/low_cmd__type_support.hpp\n'}
[0.577024] (go2_interfaces) StdoutLine: {'line': b'-- Up-to-date symlink: /home/htrice/go2_ros2_curr/install/go2_interfaces/include/go2_interfaces/go2_interfaces/msg/detail/low_state__builder.hpp\n'}
[0.577121] (go2_interfaces) StdoutLine: {'line': b'-- Up-to-date symlink: /home/htrice/go2_ros2_curr/install/go2_interfaces/include/go2_interfaces/go2_interfaces/msg/detail/low_state__struct.hpp\n'}
[0.577216] (go2_interfaces) StdoutLine: {'line': b'-- Up-to-date symlink: /home/htrice/go2_ros2_curr/install/go2_interfaces/include/go2_interfaces/go2_interfaces/msg/detail/low_state__traits.hpp\n'}
[0.577316] (go2_interfaces) StdoutLine: {'line': b'-- Up-to-date symlink: /home/htrice/go2_ros2_curr/install/go2_interfaces/include/go2_interfaces/go2_interfaces/msg/detail/low_state__type_support.hpp\n'}
[0.577433] (go2_interfaces) StdoutLine: {'line': b'-- Up-to-date symlink: /home/htrice/go2_ros2_curr/install/go2_interfaces/include/go2_interfaces/go2_interfaces/msg/detail/motor_cmd__builder.hpp\n'}
[0.577579] (go2_interfaces) StdoutLine: {'line': b'-- Up-to-date symlink: /home/htrice/go2_ros2_curr/install/go2_interfaces/include/go2_interfaces/go2_interfaces/msg/detail/motor_cmd__struct.hpp\n'}
[0.577669] (go2_interfaces) StdoutLine: {'line': b'-- Up-to-date symlink: /home/htrice/go2_ros2_curr/install/go2_interfaces/include/go2_interfaces/go2_interfaces/msg/detail/motor_cmd__traits.hpp\n'}
[0.577763] (go2_interfaces) StdoutLine: {'line': b'-- Up-to-date symlink: /home/htrice/go2_ros2_curr/install/go2_interfaces/include/go2_interfaces/go2_interfaces/msg/detail/motor_cmd__type_support.hpp\n'}
[0.577941] (go2_interfaces) StdoutLine: {'line': b'-- Up-to-date symlink: /home/htrice/go2_ros2_curr/install/go2_interfaces/include/go2_interfaces/go2_interfaces/msg/detail/motor_cmds__builder.hpp\n'}
[0.578108] (go2_interfaces) StdoutLine: {'line': b'-- Up-to-date symlink: /home/htrice/go2_ros2_curr/install/go2_interfaces/include/go2_interfaces/go2_interfaces/msg/detail/motor_cmds__struct.hpp\n'}
[0.578269] (go2_interfaces) StdoutLine: {'line': b'-- Up-to-date symlink: /home/htrice/go2_ros2_curr/install/go2_interfaces/include/go2_interfaces/go2_interfaces/msg/detail/motor_cmds__traits.hpp\n'}
[0.578426] (go2_interfaces) StdoutLine: {'line': b'-- Up-to-date symlink: /home/htrice/go2_ros2_curr/install/go2_interfaces/include/go2_interfaces/go2_interfaces/msg/detail/motor_cmds__type_support.hpp\n'}
[0.578566] (go2_interfaces) StdoutLine: {'line': b'-- Up-to-date symlink: /home/htrice/go2_ros2_curr/install/go2_interfaces/include/go2_interfaces/go2_interfaces/msg/detail/motor_state__builder.hpp\n'}
[0.578706] (go2_interfaces) StdoutLine: {'line': b'-- Up-to-date symlink: /home/htrice/go2_ros2_curr/install/go2_interfaces/include/go2_interfaces/go2_interfaces/msg/detail/motor_state__struct.hpp\n'}
[0.578868] (go2_interfaces) StdoutLine: {'line': b'-- Up-to-date symlink: /home/htrice/go2_ros2_curr/install/go2_interfaces/include/go2_interfaces/go2_interfaces/msg/detail/motor_state__traits.hpp\n'}
[0.579040] (go2_interfaces) StdoutLine: {'line': b'-- Up-to-date symlink: /home/htrice/go2_ros2_curr/install/go2_interfaces/include/go2_interfaces/go2_interfaces/msg/detail/motor_state__type_support.hpp\n'}
[0.579185] (go2_interfaces) StdoutLine: {'line': b'-- Up-to-date symlink: /home/htrice/go2_ros2_curr/install/go2_interfaces/include/go2_interfaces/go2_interfaces/msg/detail/motor_states__builder.hpp\n'}
[0.579281] (go2_interfaces) StdoutLine: {'line': b'-- Up-to-date symlink: /home/htrice/go2_ros2_curr/install/go2_interfaces/include/go2_interfaces/go2_interfaces/msg/detail/motor_states__struct.hpp\n'}
[0.579374] (go2_interfaces) StdoutLine: {'line': b'-- Up-to-date symlink: /home/htrice/go2_ros2_curr/install/go2_interfaces/include/go2_interfaces/go2_interfaces/msg/detail/motor_states__traits.hpp\n'}
[0.579470] (go2_interfaces) StdoutLine: {'line': b'-- Up-to-date symlink: /home/htrice/go2_ros2_curr/install/go2_interfaces/include/go2_interfaces/go2_interfaces/msg/detail/motor_states__type_support.hpp\n'}
[0.579564] (go2_interfaces) StdoutLine: {'line': b'-- Up-to-date symlink: /home/htrice/go2_ros2_curr/install/go2_interfaces/include/go2_interfaces/go2_interfaces/msg/detail/path_point__builder.hpp\n'}
[0.579724] (go2_interfaces) StdoutLine: {'line': b'-- Up-to-date symlink: /home/htrice/go2_ros2_curr/install/go2_interfaces/include/go2_interfaces/go2_interfaces/msg/detail/path_point__struct.hpp\n'}
[0.579846] (go2_interfaces) StdoutLine: {'line': b'-- Up-to-date symlink: /home/htrice/go2_ros2_curr/install/go2_interfaces/include/go2_interfaces/go2_interfaces/msg/detail/path_point__traits.hpp\n'}
[0.579988] (go2_interfaces) StdoutLine: {'line': b'-- Up-to-date symlink: /home/htrice/go2_ros2_curr/install/go2_interfaces/include/go2_interfaces/go2_interfaces/msg/detail/path_point__type_support.hpp\n'}
[0.580105] (go2_interfaces) StdoutLine: {'line': b'-- Up-to-date symlink: /home/htrice/go2_ros2_curr/install/go2_interfaces/include/go2_interfaces/go2_interfaces/msg/detail/req__builder.hpp\n'}
[0.580216] (go2_interfaces) StdoutLine: {'line': b'-- Up-to-date symlink: /home/htrice/go2_ros2_curr/install/go2_interfaces/include/go2_interfaces/go2_interfaces/msg/detail/req__struct.hpp\n'}
[0.580328] (go2_interfaces) StdoutLine: {'line': b'-- Up-to-date symlink: /home/htrice/go2_ros2_curr/install/go2_interfaces/include/go2_interfaces/go2_interfaces/msg/detail/req__traits.hpp\n'}
[0.580441] (go2_interfaces) StdoutLine: {'line': b'-- Up-to-date symlink: /home/htrice/go2_ros2_curr/install/go2_interfaces/include/go2_interfaces/go2_interfaces/msg/detail/req__type_support.hpp\n'}
[0.580553] (go2_interfaces) StdoutLine: {'line': b'-- Up-to-date symlink: /home/htrice/go2_ros2_curr/install/go2_interfaces/include/go2_interfaces/go2_interfaces/msg/detail/res__builder.hpp\n'}
[0.580667] (go2_interfaces) StdoutLine: {'line': b'-- Up-to-date symlink: /home/htrice/go2_ros2_curr/install/go2_interfaces/include/go2_interfaces/go2_interfaces/msg/detail/res__struct.hpp\n'}
[0.580779] (go2_interfaces) StdoutLine: {'line': b'-- Up-to-date symlink: /home/htrice/go2_ros2_curr/install/go2_interfaces/include/go2_interfaces/go2_interfaces/msg/detail/res__traits.hpp\n'}
[0.580910] (go2_interfaces) StdoutLine: {'line': b'-- Up-to-date symlink: /home/htrice/go2_ros2_curr/install/go2_interfaces/include/go2_interfaces/go2_interfaces/msg/detail/res__type_support.hpp\n'}
[0.581011] (go2_interfaces) StdoutLine: {'line': b'-- Up-to-date symlink: /home/htrice/go2_ros2_curr/install/go2_interfaces/include/go2_interfaces/go2_interfaces/msg/detail/sport_mode_cmd__builder.hpp\n'}
[0.581106] (go2_interfaces) StdoutLine: {'line': b'-- Up-to-date symlink: /home/htrice/go2_ros2_curr/install/go2_interfaces/include/go2_interfaces/go2_interfaces/msg/detail/sport_mode_cmd__struct.hpp\n'}
[0.581200] (go2_interfaces) StdoutLine: {'line': b'-- Up-to-date symlink: /home/htrice/go2_ros2_curr/install/go2_interfaces/include/go2_interfaces/go2_interfaces/msg/detail/sport_mode_cmd__traits.hpp\n'}
[0.581294] (go2_interfaces) StdoutLine: {'line': b'-- Up-to-date symlink: /home/htrice/go2_ros2_curr/install/go2_interfaces/include/go2_interfaces/go2_interfaces/msg/detail/sport_mode_cmd__type_support.hpp\n'}
[0.581391] (go2_interfaces) StdoutLine: {'line': b'-- Up-to-date symlink: /home/htrice/go2_ros2_curr/install/go2_interfaces/include/go2_interfaces/go2_interfaces/msg/detail/sport_mode_state__builder.hpp\n'}
[0.581551] (go2_interfaces) StdoutLine: {'line': b'-- Up-to-date symlink: /home/htrice/go2_ros2_curr/install/go2_interfaces/include/go2_interfaces/go2_interfaces/msg/detail/sport_mode_state__struct.hpp\n'}
[0.581644] (go2_interfaces) StdoutLine: {'line': b'-- Up-to-date symlink: /home/htrice/go2_ros2_curr/install/go2_interfaces/include/go2_interfaces/go2_interfaces/msg/detail/sport_mode_state__traits.hpp\n'}
[0.581738] (go2_interfaces) StdoutLine: {'line': b'-- Up-to-date symlink: /home/htrice/go2_ros2_curr/install/go2_interfaces/include/go2_interfaces/go2_interfaces/msg/detail/sport_mode_state__type_support.hpp\n'}
[0.581841] (go2_interfaces) StdoutLine: {'line': b'-- Up-to-date symlink: /home/htrice/go2_ros2_curr/install/go2_interfaces/include/go2_interfaces/go2_interfaces/msg/detail/time_spec__builder.hpp\n'}
[0.581948] (go2_interfaces) StdoutLine: {'line': b'-- Up-to-date symlink: /home/htrice/go2_ros2_curr/install/go2_interfaces/include/go2_interfaces/go2_interfaces/msg/detail/time_spec__struct.hpp\n'}
[0.582041] (go2_interfaces) StdoutLine: {'line': b'-- Up-to-date symlink: /home/htrice/go2_ros2_curr/install/go2_interfaces/include/go2_interfaces/go2_interfaces/msg/detail/time_spec__traits.hpp\n'}
[0.582135] (go2_interfaces) StdoutLine: {'line': b'-- Up-to-date symlink: /home/htrice/go2_ros2_curr/install/go2_interfaces/include/go2_interfaces/go2_interfaces/msg/detail/time_spec__type_support.hpp\n'}
[0.582303] (go2_interfaces) StdoutLine: {'line': b'-- Up-to-date symlink: /home/htrice/go2_ros2_curr/install/go2_interfaces/include/go2_interfaces/go2_interfaces/msg/detail/uwb_state__builder.hpp\n'}
[0.582399] (go2_interfaces) StdoutLine: {'line': b'-- Up-to-date symlink: /home/htrice/go2_ros2_curr/install/go2_interfaces/include/go2_interfaces/go2_interfaces/msg/detail/uwb_state__struct.hpp\n'}
[0.582492] (go2_interfaces) StdoutLine: {'line': b'-- Up-to-date symlink: /home/htrice/go2_ros2_curr/install/go2_interfaces/include/go2_interfaces/go2_interfaces/msg/detail/uwb_state__traits.hpp\n'}
[0.582587] (go2_interfaces) StdoutLine: {'line': b'-- Up-to-date symlink: /home/htrice/go2_ros2_curr/install/go2_interfaces/include/go2_interfaces/go2_interfaces/msg/detail/uwb_state__type_support.hpp\n'}
[0.582681] (go2_interfaces) StdoutLine: {'line': b'-- Up-to-date symlink: /home/htrice/go2_ros2_curr/install/go2_interfaces/include/go2_interfaces/go2_interfaces/msg/detail/uwb_switch__builder.hpp\n'}
[0.582788] (go2_interfaces) StdoutLine: {'line': b'-- Up-to-date symlink: /home/htrice/go2_ros2_curr/install/go2_interfaces/include/go2_interfaces/go2_interfaces/msg/detail/uwb_switch__struct.hpp\n'}
[0.582903] (go2_interfaces) StdoutLine: {'line': b'-- Up-to-date symlink: /home/htrice/go2_ros2_curr/install/go2_interfaces/include/go2_interfaces/go2_interfaces/msg/detail/uwb_switch__traits.hpp\n'}
[0.583054] (go2_interfaces) StdoutLine: {'line': b'-- Up-to-date symlink: /home/htrice/go2_ros2_curr/install/go2_interfaces/include/go2_interfaces/go2_interfaces/msg/detail/uwb_switch__type_support.hpp\n'}
[0.583227] (go2_interfaces) StdoutLine: {'line': b'-- Up-to-date symlink: /home/htrice/go2_ros2_curr/install/go2_interfaces/include/go2_interfaces/go2_interfaces/msg/detail/voxel_height_map_state__builder.hpp\n'}
[0.583366] (go2_interfaces) StdoutLine: {'line': b'-- Up-to-date symlink: /home/htrice/go2_ros2_curr/install/go2_interfaces/include/go2_interfaces/go2_interfaces/msg/detail/voxel_height_map_state__struct.hpp\n'}
[0.583508] (go2_interfaces) StdoutLine: {'line': b'-- Up-to-date symlink: /home/htrice/go2_ros2_curr/install/go2_interfaces/include/go2_interfaces/go2_interfaces/msg/detail/voxel_height_map_state__traits.hpp\n'}
[0.583662] (go2_interfaces) StdoutLine: {'line': b'-- Up-to-date symlink: /home/htrice/go2_ros2_curr/install/go2_interfaces/include/go2_interfaces/go2_interfaces/msg/detail/voxel_height_map_state__type_support.hpp\n'}
[0.583835] (go2_interfaces) StdoutLine: {'line': b'-- Up-to-date symlink: /home/htrice/go2_ros2_curr/install/go2_interfaces/include/go2_interfaces/go2_interfaces/msg/detail/voxel_map_compressed__builder.hpp\n'}
[0.584051] (go2_interfaces) StdoutLine: {'line': b'-- Up-to-date symlink: /home/htrice/go2_ros2_curr/install/go2_interfaces/include/go2_interfaces/go2_interfaces/msg/detail/voxel_map_compressed__struct.hpp\n'}
[0.584185] (go2_interfaces) StdoutLine: {'line': b'-- Up-to-date symlink: /home/htrice/go2_ros2_curr/install/go2_interfaces/include/go2_interfaces/go2_interfaces/msg/detail/voxel_map_compressed__traits.hpp\n'}
[0.584284] (go2_interfaces) StdoutLine: {'line': b'-- Up-to-date symlink: /home/htrice/go2_ros2_curr/install/go2_interfaces/include/go2_interfaces/go2_interfaces/msg/detail/voxel_map_compressed__type_support.hpp\n'}
[0.584380] (go2_interfaces) StdoutLine: {'line': b'-- Up-to-date symlink: /home/htrice/go2_ros2_curr/install/go2_interfaces/include/go2_interfaces/go2_interfaces/msg/detail/web_rtc_req__builder.hpp\n'}
[0.584476] (go2_interfaces) StdoutLine: {'line': b'-- Up-to-date symlink: /home/htrice/go2_ros2_curr/install/go2_interfaces/include/go2_interfaces/go2_interfaces/msg/detail/web_rtc_req__struct.hpp\n'}
[0.584569] (go2_interfaces) StdoutLine: {'line': b'-- Up-to-date symlink: /home/htrice/go2_ros2_curr/install/go2_interfaces/include/go2_interfaces/go2_interfaces/msg/detail/web_rtc_req__traits.hpp\n'}
[0.584663] (go2_interfaces) StdoutLine: {'line': b'-- Up-to-date symlink: /home/htrice/go2_ros2_curr/install/go2_interfaces/include/go2_interfaces/go2_interfaces/msg/detail/web_rtc_req__type_support.hpp\n'}
[0.584755] (go2_interfaces) StdoutLine: {'line': b'-- Up-to-date symlink: /home/htrice/go2_ros2_curr/install/go2_interfaces/include/go2_interfaces/go2_interfaces/msg/detail/wireless_controller__builder.hpp\n'}
[0.584944] (go2_interfaces) StdoutLine: {'line': b'-- Up-to-date symlink: /home/htrice/go2_ros2_curr/install/go2_interfaces/include/go2_interfaces/go2_interfaces/msg/detail/wireless_controller__struct.hpp\n'}
[0.585050] (go2_interfaces) StdoutLine: {'line': b'-- Up-to-date symlink: /home/htrice/go2_ros2_curr/install/go2_interfaces/include/go2_interfaces/go2_interfaces/msg/detail/wireless_controller__traits.hpp\n'}
[0.585145] (go2_interfaces) StdoutLine: {'line': b'-- Up-to-date symlink: /home/htrice/go2_ros2_curr/install/go2_interfaces/include/go2_interfaces/go2_interfaces/msg/detail/wireless_controller__type_support.hpp\n'}
[0.585241] (go2_interfaces) StdoutLine: {'line': b'-- Up-to-date symlink: /home/htrice/go2_ros2_curr/install/go2_interfaces/include/go2_interfaces/go2_interfaces/msg/error.hpp\n'}
[0.585386] (go2_interfaces) StdoutLine: {'line': b'-- Up-to-date symlink: /home/htrice/go2_ros2_curr/install/go2_interfaces/include/go2_interfaces/go2_interfaces/msg/go2_cmd.hpp\n'}
[0.585484] (go2_interfaces) StdoutLine: {'line': b'-- Up-to-date symlink: /home/htrice/go2_ros2_curr/install/go2_interfaces/include/go2_interfaces/go2_interfaces/msg/go2_front_video_data.hpp\n'}
[0.585626] (go2_interfaces) StdoutLine: {'line': b'-- Up-to-date symlink: /home/htrice/go2_ros2_curr/install/go2_interfaces/include/go2_interfaces/go2_interfaces/msg/go2_move.hpp\n'}
[0.585722] (go2_interfaces) StdoutLine: {'line': b'-- Up-to-date symlink: /home/htrice/go2_ros2_curr/install/go2_interfaces/include/go2_interfaces/go2_interfaces/msg/go2_rpy_cmd.hpp\n'}
[0.585828] (go2_interfaces) StdoutLine: {'line': b'-- Up-to-date symlink: /home/htrice/go2_ros2_curr/install/go2_interfaces/include/go2_interfaces/go2_interfaces/msg/go2_state.hpp\n'}
[0.585972] (go2_interfaces) StdoutLine: {'line': b'-- Up-to-date symlink: /home/htrice/go2_ros2_curr/install/go2_interfaces/include/go2_interfaces/go2_interfaces/msg/height_map.hpp\n'}
[0.586102] (go2_interfaces) StdoutLine: {'line': b'-- Up-to-date symlink: /home/htrice/go2_ros2_curr/install/go2_interfaces/include/go2_interfaces/go2_interfaces/msg/imu.hpp\n'}
[0.586192] (go2_interfaces) StdoutLine: {'line': b'-- Up-to-date symlink: /home/htrice/go2_ros2_curr/install/go2_interfaces/include/go2_interfaces/go2_interfaces/msg/interface_config.hpp\n'}
[0.586332] (go2_interfaces) StdoutLine: {'line': b'-- Up-to-date symlink: /home/htrice/go2_ros2_curr/install/go2_interfaces/include/go2_interfaces/go2_interfaces/msg/lidar_state.hpp\n'}
[0.586423] (go2_interfaces) StdoutLine: {'line': b'-- Up-to-date symlink: /home/htrice/go2_ros2_curr/install/go2_interfaces/include/go2_interfaces/go2_interfaces/msg/low_cmd.hpp\n'}
[0.586522] (go2_interfaces) StdoutLine: {'line': b'-- Up-to-date symlink: /home/htrice/go2_ros2_curr/install/go2_interfaces/include/go2_interfaces/go2_interfaces/msg/low_state.hpp\n'}
[0.586617] (go2_interfaces) StdoutLine: {'line': b'-- Up-to-date symlink: /home/htrice/go2_ros2_curr/install/go2_interfaces/include/go2_interfaces/go2_interfaces/msg/motor_cmd.hpp\n'}
[0.586714] (go2_interfaces) StdoutLine: {'line': b'-- Up-to-date symlink: /home/htrice/go2_ros2_curr/install/go2_interfaces/include/go2_interfaces/go2_interfaces/msg/motor_cmds.hpp\n'}
[0.586808] (go2_interfaces) StdoutLine: {'line': b'-- Up-to-date symlink: /home/htrice/go2_ros2_curr/install/go2_interfaces/include/go2_interfaces/go2_interfaces/msg/motor_state.hpp\n'}
[0.586967] (go2_interfaces) StdoutLine: {'line': b'-- Up-to-date symlink: /home/htrice/go2_ros2_curr/install/go2_interfaces/include/go2_interfaces/go2_interfaces/msg/motor_states.hpp\n'}
[0.587069] (go2_interfaces) StdoutLine: {'line': b'-- Up-to-date symlink: /home/htrice/go2_ros2_curr/install/go2_interfaces/include/go2_interfaces/go2_interfaces/msg/path_point.hpp\n'}
[0.587195] (go2_interfaces) StdoutLine: {'line': b'-- Up-to-date symlink: /home/htrice/go2_ros2_curr/install/go2_interfaces/include/go2_interfaces/go2_interfaces/msg/req.hpp\n'}
[0.587290] (go2_interfaces) StdoutLine: {'line': b'-- Up-to-date symlink: /home/htrice/go2_ros2_curr/install/go2_interfaces/include/go2_interfaces/go2_interfaces/msg/res.hpp\n'}
[0.587386] (go2_interfaces) StdoutLine: {'line': b'-- Up-to-date symlink: /home/htrice/go2_ros2_curr/install/go2_interfaces/include/go2_interfaces/go2_interfaces/msg/rosidl_generator_cpp__visibility_control.hpp\n'}
[0.587481] (go2_interfaces) StdoutLine: {'line': b'-- Up-to-date symlink: /home/htrice/go2_ros2_curr/install/go2_interfaces/include/go2_interfaces/go2_interfaces/msg/sport_mode_cmd.hpp\n'}
[0.587575] (go2_interfaces) StdoutLine: {'line': b'-- Up-to-date symlink: /home/htrice/go2_ros2_curr/install/go2_interfaces/include/go2_interfaces/go2_interfaces/msg/sport_mode_state.hpp\n'}
[0.587670] (go2_interfaces) StdoutLine: {'line': b'-- Up-to-date symlink: /home/htrice/go2_ros2_curr/install/go2_interfaces/include/go2_interfaces/go2_interfaces/msg/time_spec.hpp\n'}
[0.587765] (go2_interfaces) StdoutLine: {'line': b'-- Up-to-date symlink: /home/htrice/go2_ros2_curr/install/go2_interfaces/include/go2_interfaces/go2_interfaces/msg/uwb_state.hpp\n'}
[0.587903] (go2_interfaces) StdoutLine: {'line': b'-- Up-to-date symlink: /home/htrice/go2_ros2_curr/install/go2_interfaces/include/go2_interfaces/go2_interfaces/msg/uwb_switch.hpp\n'}
[0.587999] (go2_interfaces) StdoutLine: {'line': b'-- Up-to-date symlink: /home/htrice/go2_ros2_curr/install/go2_interfaces/include/go2_interfaces/go2_interfaces/msg/voxel_height_map_state.hpp\n'}
[0.588087] (go2_interfaces) StdoutLine: {'line': b'-- Up-to-date symlink: /home/htrice/go2_ros2_curr/install/go2_interfaces/include/go2_interfaces/go2_interfaces/msg/voxel_map_compressed.hpp\n'}
[0.588173] (go2_interfaces) StdoutLine: {'line': b'-- Up-to-date symlink: /home/htrice/go2_ros2_curr/install/go2_interfaces/include/go2_interfaces/go2_interfaces/msg/web_rtc_req.hpp\n'}
[0.588260] (go2_interfaces) StdoutLine: {'line': b'-- Up-to-date symlink: /home/htrice/go2_ros2_curr/install/go2_interfaces/include/go2_interfaces/go2_interfaces/msg/wireless_controller.hpp\n'}
[0.589154] (go2_interfaces) StdoutLine: {'line': b'-- Up-to-date symlink: /home/htrice/go2_ros2_curr/install/go2_interfaces/include/go2_interfaces/go2_interfaces/msg/detail/audio_data__rosidl_typesupport_fastrtps_cpp.hpp\n'}
[0.589282] (go2_interfaces) StdoutLine: {'line': b'-- Up-to-date symlink: /home/htrice/go2_ros2_curr/install/go2_interfaces/include/go2_interfaces/go2_interfaces/msg/detail/bms_cmd__rosidl_typesupport_fastrtps_cpp.hpp\n'}
[0.589428] (go2_interfaces) StdoutLine: {'line': b'-- Up-to-date symlink: /home/htrice/go2_ros2_curr/install/go2_interfaces/include/go2_interfaces/go2_interfaces/msg/detail/bms_state__rosidl_typesupport_fastrtps_cpp.hpp\n'}
[0.589564] (go2_interfaces) StdoutLine: {'line': b'-- Up-to-date symlink: /home/htrice/go2_ros2_curr/install/go2_interfaces/include/go2_interfaces/go2_interfaces/msg/detail/error__rosidl_typesupport_fastrtps_cpp.hpp\n'}
[0.589711] (go2_interfaces) StdoutLine: {'line': b'-- Up-to-date symlink: /home/htrice/go2_ros2_curr/install/go2_interfaces/include/go2_interfaces/go2_interfaces/msg/detail/go2_cmd__rosidl_typesupport_fastrtps_cpp.hpp\n'}
[0.589922] (go2_interfaces) StdoutLine: {'line': b'-- Up-to-date symlink: /home/htrice/go2_ros2_curr/install/go2_interfaces/include/go2_interfaces/go2_interfaces/msg/detail/go2_front_video_data__rosidl_typesupport_fastrtps_cpp.hpp\n'}
[0.590157] (go2_interfaces) StdoutLine: {'line': b'-- Up-to-date symlink: /home/htrice/go2_ros2_curr/install/go2_interfaces/include/go2_interfaces/go2_interfaces/msg/detail/go2_move__rosidl_typesupport_fastrtps_cpp.hpp\n'}
[0.590312] (go2_interfaces) StdoutLine: {'line': b'-- Up-to-date symlink: /home/htrice/go2_ros2_curr/install/go2_interfaces/include/go2_interfaces/go2_interfaces/msg/detail/go2_rpy_cmd__rosidl_typesupport_fastrtps_cpp.hpp\n'}
[0.590453] (go2_interfaces) StdoutLine: {'line': b'-- Up-to-date symlink: /home/htrice/go2_ros2_curr/install/go2_interfaces/include/go2_interfaces/go2_interfaces/msg/detail/go2_state__rosidl_typesupport_fastrtps_cpp.hpp\n'}
[0.590646] (go2_interfaces) StdoutLine: {'line': b'-- Up-to-date symlink: /home/htrice/go2_ros2_curr/install/go2_interfaces/include/go2_interfaces/go2_interfaces/msg/detail/height_map__rosidl_typesupport_fastrtps_cpp.hpp\n'}
[0.590749] (go2_interfaces) StdoutLine: {'line': b'-- Up-to-date symlink: /home/htrice/go2_ros2_curr/install/go2_interfaces/include/go2_interfaces/go2_interfaces/msg/detail/imu__rosidl_typesupport_fastrtps_cpp.hpp\n'}
[0.590891] (go2_interfaces) StdoutLine: {'line': b'-- Up-to-date symlink: /home/htrice/go2_ros2_curr/install/go2_interfaces/include/go2_interfaces/go2_interfaces/msg/detail/interface_config__rosidl_typesupport_fastrtps_cpp.hpp\n'}
[0.591001] (go2_interfaces) StdoutLine: {'line': b'-- Up-to-date symlink: /home/htrice/go2_ros2_curr/install/go2_interfaces/include/go2_interfaces/go2_interfaces/msg/detail/lidar_state__rosidl_typesupport_fastrtps_cpp.hpp\n'}
[0.591098] (go2_interfaces) StdoutLine: {'line': b'-- Up-to-date symlink: /home/htrice/go2_ros2_curr/install/go2_interfaces/include/go2_interfaces/go2_interfaces/msg/detail/low_cmd__rosidl_typesupport_fastrtps_cpp.hpp\n'}
[0.591194] (go2_interfaces) StdoutLine: {'line': b'-- Up-to-date symlink: /home/htrice/go2_ros2_curr/install/go2_interfaces/include/go2_interfaces/go2_interfaces/msg/detail/low_state__rosidl_typesupport_fastrtps_cpp.hpp\n'}
[0.591354] (go2_interfaces) StdoutLine: {'line': b'-- Up-to-date symlink: /home/htrice/go2_ros2_curr/install/go2_interfaces/include/go2_interfaces/go2_interfaces/msg/detail/motor_cmd__rosidl_typesupport_fastrtps_cpp.hpp\n'}
[0.591456] (go2_interfaces) StdoutLine: {'line': b'-- Up-to-date symlink: /home/htrice/go2_ros2_curr/install/go2_interfaces/include/go2_interfaces/go2_interfaces/msg/detail/motor_cmds__rosidl_typesupport_fastrtps_cpp.hpp\n'}
[0.591553] (go2_interfaces) StdoutLine: {'line': b'-- Up-to-date symlink: /home/htrice/go2_ros2_curr/install/go2_interfaces/include/go2_interfaces/go2_interfaces/msg/detail/motor_state__rosidl_typesupport_fastrtps_cpp.hpp\n'}
[0.591649] (go2_interfaces) StdoutLine: {'line': b'-- Up-to-date symlink: /home/htrice/go2_ros2_curr/install/go2_interfaces/include/go2_interfaces/go2_interfaces/msg/detail/motor_states__rosidl_typesupport_fastrtps_cpp.hpp\n'}
[0.591809] (go2_interfaces) StdoutLine: {'line': b'-- Up-to-date symlink: /home/htrice/go2_ros2_curr/install/go2_interfaces/include/go2_interfaces/go2_interfaces/msg/detail/path_point__rosidl_typesupport_fastrtps_cpp.hpp\n'}
[0.591969] (go2_interfaces) StdoutLine: {'line': b'-- Up-to-date symlink: /home/htrice/go2_ros2_curr/install/go2_interfaces/include/go2_interfaces/go2_interfaces/msg/detail/req__rosidl_typesupport_fastrtps_cpp.hpp\n'}
[0.592062] (go2_interfaces) StdoutLine: {'line': b'-- Up-to-date symlink: /home/htrice/go2_ros2_curr/install/go2_interfaces/include/go2_interfaces/go2_interfaces/msg/detail/res__rosidl_typesupport_fastrtps_cpp.hpp\n'}
[0.592159] (go2_interfaces) StdoutLine: {'line': b'-- Up-to-date symlink: /home/htrice/go2_ros2_curr/install/go2_interfaces/include/go2_interfaces/go2_interfaces/msg/detail/sport_mode_cmd__rosidl_typesupport_fastrtps_cpp.hpp\n'}
[0.592256] (go2_interfaces) StdoutLine: {'line': b'-- Up-to-date symlink: /home/htrice/go2_ros2_curr/install/go2_interfaces/include/go2_interfaces/go2_interfaces/msg/detail/sport_mode_state__rosidl_typesupport_fastrtps_cpp.hpp\n'}
[0.592350] (go2_interfaces) StdoutLine: {'line': b'-- Up-to-date symlink: /home/htrice/go2_ros2_curr/install/go2_interfaces/include/go2_interfaces/go2_interfaces/msg/detail/time_spec__rosidl_typesupport_fastrtps_cpp.hpp\n'}
[0.592530] (go2_interfaces) StdoutLine: {'line': b'-- Up-to-date symlink: /home/htrice/go2_ros2_curr/install/go2_interfaces/include/go2_interfaces/go2_interfaces/msg/detail/uwb_state__rosidl_typesupport_fastrtps_cpp.hpp\n'}
[0.592625] (go2_interfaces) StdoutLine: {'line': b'-- Up-to-date symlink: /home/htrice/go2_ros2_curr/install/go2_interfaces/include/go2_interfaces/go2_interfaces/msg/detail/uwb_switch__rosidl_typesupport_fastrtps_cpp.hpp\n'}
[0.592721] (go2_interfaces) StdoutLine: {'line': b'-- Up-to-date symlink: /home/htrice/go2_ros2_curr/install/go2_interfaces/include/go2_interfaces/go2_interfaces/msg/detail/voxel_height_map_state__rosidl_typesupport_fastrtps_cpp.hpp\n'}
[0.592870] (go2_interfaces) StdoutLine: {'line': b'-- Up-to-date symlink: /home/htrice/go2_ros2_curr/install/go2_interfaces/include/go2_interfaces/go2_interfaces/msg/detail/voxel_map_compressed__rosidl_typesupport_fastrtps_cpp.hpp\n'}
[0.592975] (go2_interfaces) StdoutLine: {'line': b'-- Up-to-date symlink: /home/htrice/go2_ros2_curr/install/go2_interfaces/include/go2_interfaces/go2_interfaces/msg/detail/web_rtc_req__rosidl_typesupport_fastrtps_cpp.hpp\n'}
[0.593064] (go2_interfaces) StdoutLine: {'line': b'-- Up-to-date symlink: /home/htrice/go2_ros2_curr/install/go2_interfaces/include/go2_interfaces/go2_interfaces/msg/detail/wireless_controller__rosidl_typesupport_fastrtps_cpp.hpp\n'}
[0.593151] (go2_interfaces) StdoutLine: {'line': b'-- Up-to-date symlink: /home/htrice/go2_ros2_curr/install/go2_interfaces/include/go2_interfaces/go2_interfaces/msg/rosidl_typesupport_fastrtps_cpp__visibility_control.h\n'}
[0.593736] (go2_interfaces) StdoutLine: {'line': b'-- Up-to-date symlink: /home/htrice/go2_ros2_curr/install/go2_interfaces/include/go2_interfaces/go2_interfaces/msg/detail/audio_data__rosidl_typesupport_introspection_c.h\n'}
[0.593879] (go2_interfaces) StdoutLine: {'line': b'-- Up-to-date symlink: /home/htrice/go2_ros2_curr/install/go2_interfaces/include/go2_interfaces/go2_interfaces/msg/detail/bms_cmd__rosidl_typesupport_introspection_c.h\n'}
[0.594006] (go2_interfaces) StdoutLine: {'line': b'-- Up-to-date symlink: /home/htrice/go2_ros2_curr/install/go2_interfaces/include/go2_interfaces/go2_interfaces/msg/detail/bms_state__rosidl_typesupport_introspection_c.h\n'}
[0.594139] (go2_interfaces) StdoutLine: {'line': b'-- Up-to-date symlink: /home/htrice/go2_ros2_curr/install/go2_interfaces/include/go2_interfaces/go2_interfaces/msg/detail/error__rosidl_typesupport_introspection_c.h\n'}
[0.594279] (go2_interfaces) StdoutLine: {'line': b'-- Up-to-date symlink: /home/htrice/go2_ros2_curr/install/go2_interfaces/include/go2_interfaces/go2_interfaces/msg/detail/go2_cmd__rosidl_typesupport_introspection_c.h\n'}
[0.594432] (go2_interfaces) StdoutLine: {'line': b'-- Up-to-date symlink: /home/htrice/go2_ros2_curr/install/go2_interfaces/include/go2_interfaces/go2_interfaces/msg/detail/go2_front_video_data__rosidl_typesupport_introspection_c.h\n'}
[0.594538] (go2_interfaces) StdoutLine: {'line': b'-- Up-to-date symlink: /home/htrice/go2_ros2_curr/install/go2_interfaces/include/go2_interfaces/go2_interfaces/msg/detail/go2_move__rosidl_typesupport_introspection_c.h\n'}
[0.594687] (go2_interfaces) StdoutLine: {'line': b'-- Up-to-date symlink: /home/htrice/go2_ros2_curr/install/go2_interfaces/include/go2_interfaces/go2_interfaces/msg/detail/go2_rpy_cmd__rosidl_typesupport_introspection_c.h\n'}
[0.594805] (go2_interfaces) StdoutLine: {'line': b'-- Up-to-date symlink: /home/htrice/go2_ros2_curr/install/go2_interfaces/include/go2_interfaces/go2_interfaces/msg/detail/go2_state__rosidl_typesupport_introspection_c.h\n'}
[0.594934] (go2_interfaces) StdoutLine: {'line': b'-- Up-to-date symlink: /home/htrice/go2_ros2_curr/install/go2_interfaces/include/go2_interfaces/go2_interfaces/msg/detail/height_map__rosidl_typesupport_introspection_c.h\n'}
[0.595034] (go2_interfaces) StdoutLine: {'line': b'-- Up-to-date symlink: /home/htrice/go2_ros2_curr/install/go2_interfaces/include/go2_interfaces/go2_interfaces/msg/detail/imu__rosidl_typesupport_introspection_c.h\n'}
[0.595185] (go2_interfaces) StdoutLine: {'line': b'-- Up-to-date symlink: /home/htrice/go2_ros2_curr/install/go2_interfaces/include/go2_interfaces/go2_interfaces/msg/detail/interface_config__rosidl_typesupport_introspection_c.h\n'}
[0.595285] (go2_interfaces) StdoutLine: {'line': b'-- Up-to-date symlink: /home/htrice/go2_ros2_curr/install/go2_interfaces/include/go2_interfaces/go2_interfaces/msg/detail/lidar_state__rosidl_typesupport_introspection_c.h\n'}
[0.595436] (go2_interfaces) StdoutLine: {'line': b'-- Up-to-date symlink: /home/htrice/go2_ros2_curr/install/go2_interfaces/include/go2_interfaces/go2_interfaces/msg/detail/low_cmd__rosidl_typesupport_introspection_c.h\n'}
[0.595538] (go2_interfaces) StdoutLine: {'line': b'-- Up-to-date symlink: /home/htrice/go2_ros2_curr/install/go2_interfaces/include/go2_interfaces/go2_interfaces/msg/detail/low_state__rosidl_typesupport_introspection_c.h\n'}
[0.595693] (go2_interfaces) StdoutLine: {'line': b'-- Up-to-date symlink: /home/htrice/go2_ros2_curr/install/go2_interfaces/include/go2_interfaces/go2_interfaces/msg/detail/motor_cmd__rosidl_typesupport_introspection_c.h\n'}
[0.595788] (go2_interfaces) StdoutLine: {'line': b'-- Up-to-date symlink: /home/htrice/go2_ros2_curr/install/go2_interfaces/include/go2_interfaces/go2_interfaces/msg/detail/motor_cmds__rosidl_typesupport_introspection_c.h\n'}
[0.595926] (go2_interfaces) StdoutLine: {'line': b'-- Up-to-date symlink: /home/htrice/go2_ros2_curr/install/go2_interfaces/include/go2_interfaces/go2_interfaces/msg/detail/motor_state__rosidl_typesupport_introspection_c.h\n'}
[0.596028] (go2_interfaces) StdoutLine: {'line': b'-- Up-to-date symlink: /home/htrice/go2_ros2_curr/install/go2_interfaces/include/go2_interfaces/go2_interfaces/msg/detail/motor_states__rosidl_typesupport_introspection_c.h\n'}
[0.596182] (go2_interfaces) StdoutLine: {'line': b'-- Up-to-date symlink: /home/htrice/go2_ros2_curr/install/go2_interfaces/include/go2_interfaces/go2_interfaces/msg/detail/path_point__rosidl_typesupport_introspection_c.h\n'}
[0.596370] (go2_interfaces) StdoutLine: {'line': b'-- Up-to-date symlink: /home/htrice/go2_ros2_curr/install/go2_interfaces/include/go2_interfaces/go2_interfaces/msg/detail/req__rosidl_typesupport_introspection_c.h\n'}
[0.596534] (go2_interfaces) StdoutLine: {'line': b'-- Up-to-date symlink: /home/htrice/go2_ros2_curr/install/go2_interfaces/include/go2_interfaces/go2_interfaces/msg/detail/res__rosidl_typesupport_introspection_c.h\n'}
[0.596691] (go2_interfaces) StdoutLine: {'line': b'-- Up-to-date symlink: /home/htrice/go2_ros2_curr/install/go2_interfaces/include/go2_interfaces/go2_interfaces/msg/detail/sport_mode_cmd__rosidl_typesupport_introspection_c.h\n'}
[0.596921] (go2_interfaces) StdoutLine: {'line': b'-- Up-to-date symlink: /home/htrice/go2_ros2_curr/install/go2_interfaces/include/go2_interfaces/go2_interfaces/msg/detail/sport_mode_state__rosidl_typesupport_introspection_c.h\n'}
[0.597072] (go2_interfaces) StdoutLine: {'line': b'-- Up-to-date symlink: /home/htrice/go2_ros2_curr/install/go2_interfaces/include/go2_interfaces/go2_interfaces/msg/detail/time_spec__rosidl_typesupport_introspection_c.h\n'}
[0.597173] (go2_interfaces) StdoutLine: {'line': b'-- Up-to-date symlink: /home/htrice/go2_ros2_curr/install/go2_interfaces/include/go2_interfaces/go2_interfaces/msg/detail/uwb_state__rosidl_typesupport_introspection_c.h\n'}
[0.597269] (go2_interfaces) StdoutLine: {'line': b'-- Up-to-date symlink: /home/htrice/go2_ros2_curr/install/go2_interfaces/include/go2_interfaces/go2_interfaces/msg/detail/uwb_switch__rosidl_typesupport_introspection_c.h\n'}
[0.597364] (go2_interfaces) StdoutLine: {'line': b'-- Up-to-date symlink: /home/htrice/go2_ros2_curr/install/go2_interfaces/include/go2_interfaces/go2_interfaces/msg/detail/voxel_height_map_state__rosidl_typesupport_introspection_c.h\n'}
[0.597459] (go2_interfaces) StdoutLine: {'line': b'-- Up-to-date symlink: /home/htrice/go2_ros2_curr/install/go2_interfaces/include/go2_interfaces/go2_interfaces/msg/detail/voxel_map_compressed__rosidl_typesupport_introspection_c.h\n'}
[0.597618] (go2_interfaces) StdoutLine: {'line': b'-- Up-to-date symlink: /home/htrice/go2_ros2_curr/install/go2_interfaces/include/go2_interfaces/go2_interfaces/msg/detail/web_rtc_req__rosidl_typesupport_introspection_c.h\n'}
[0.597712] (go2_interfaces) StdoutLine: {'line': b'-- Up-to-date symlink: /home/htrice/go2_ros2_curr/install/go2_interfaces/include/go2_interfaces/go2_interfaces/msg/detail/wireless_controller__rosidl_typesupport_introspection_c.h\n'}
[0.597800] (go2_interfaces) StdoutLine: {'line': b'-- Up-to-date symlink: /home/htrice/go2_ros2_curr/install/go2_interfaces/include/go2_interfaces/go2_interfaces/msg/rosidl_typesupport_introspection_c__visibility_control.h\n'}
[0.598258] (go2_interfaces) StdoutLine: {'line': b'-- Up-to-date symlink: /home/htrice/go2_ros2_curr/install/go2_interfaces/include/go2_interfaces/go2_interfaces/msg/detail/audio_data__rosidl_typesupport_introspection_cpp.hpp\n'}
[0.598395] (go2_interfaces) StdoutLine: {'line': b'-- Up-to-date symlink: /home/htrice/go2_ros2_curr/install/go2_interfaces/include/go2_interfaces/go2_interfaces/msg/detail/bms_cmd__rosidl_typesupport_introspection_cpp.hpp\n'}
[0.598530] (go2_interfaces) StdoutLine: {'line': b'-- Up-to-date symlink: /home/htrice/go2_ros2_curr/install/go2_interfaces/include/go2_interfaces/go2_interfaces/msg/detail/bms_state__rosidl_typesupport_introspection_cpp.hpp\n'}
[0.598668] (go2_interfaces) StdoutLine: {'line': b'-- Up-to-date symlink: /home/htrice/go2_ros2_curr/install/go2_interfaces/include/go2_interfaces/go2_interfaces/msg/detail/error__rosidl_typesupport_introspection_cpp.hpp\n'}
[0.598833] (go2_interfaces) StdoutLine: {'line': b'-- Up-to-date symlink: /home/htrice/go2_ros2_curr/install/go2_interfaces/include/go2_interfaces/go2_interfaces/msg/detail/go2_cmd__rosidl_typesupport_introspection_cpp.hpp\n'}
[0.598939] (go2_interfaces) StdoutLine: {'line': b'-- Up-to-date symlink: /home/htrice/go2_ros2_curr/install/go2_interfaces/include/go2_interfaces/go2_interfaces/msg/detail/go2_front_video_data__rosidl_typesupport_introspection_cpp.hpp\n'}
[0.599091] (go2_interfaces) StdoutLine: {'line': b'-- Up-to-date symlink: /home/htrice/go2_ros2_curr/install/go2_interfaces/include/go2_interfaces/go2_interfaces/msg/detail/go2_move__rosidl_typesupport_introspection_cpp.hpp\n'}
[0.599186] (go2_interfaces) StdoutLine: {'line': b'-- Up-to-date symlink: /home/htrice/go2_ros2_curr/install/go2_interfaces/include/go2_interfaces/go2_interfaces/msg/detail/go2_rpy_cmd__rosidl_typesupport_introspection_cpp.hpp\n'}
[0.599333] (go2_interfaces) StdoutLine: {'line': b'-- Up-to-date symlink: /home/htrice/go2_ros2_curr/install/go2_interfaces/include/go2_interfaces/go2_interfaces/msg/detail/go2_state__rosidl_typesupport_introspection_cpp.hpp\n'}
[0.599433] (go2_interfaces) StdoutLine: {'line': b'-- Up-to-date symlink: /home/htrice/go2_ros2_curr/install/go2_interfaces/include/go2_interfaces/go2_interfaces/msg/detail/height_map__rosidl_typesupport_introspection_cpp.hpp\n'}
[0.599586] (go2_interfaces) StdoutLine: {'line': b'-- Up-to-date symlink: /home/htrice/go2_ros2_curr/install/go2_interfaces/include/go2_interfaces/go2_interfaces/msg/detail/imu__rosidl_typesupport_introspection_cpp.hpp\n'}
[0.599684] (go2_interfaces) StdoutLine: {'line': b'-- Up-to-date symlink: /home/htrice/go2_ros2_curr/install/go2_interfaces/include/go2_interfaces/go2_interfaces/msg/detail/interface_config__rosidl_typesupport_introspection_cpp.hpp\n'}
[0.599837] (go2_interfaces) StdoutLine: {'line': b'-- Up-to-date symlink: /home/htrice/go2_ros2_curr/install/go2_interfaces/include/go2_interfaces/go2_interfaces/msg/detail/lidar_state__rosidl_typesupport_introspection_cpp.hpp\n'}
[0.599968] (go2_interfaces) StdoutLine: {'line': b'-- Up-to-date symlink: /home/htrice/go2_ros2_curr/install/go2_interfaces/include/go2_interfaces/go2_interfaces/msg/detail/low_cmd__rosidl_typesupport_introspection_cpp.hpp\n'}
[0.600064] (go2_interfaces) StdoutLine: {'line': b'-- Up-to-date symlink: /home/htrice/go2_ros2_curr/install/go2_interfaces/include/go2_interfaces/go2_interfaces/msg/detail/low_state__rosidl_typesupport_introspection_cpp.hpp\n'}
[0.600220] (go2_interfaces) StdoutLine: {'line': b'-- Up-to-date symlink: /home/htrice/go2_ros2_curr/install/go2_interfaces/include/go2_interfaces/go2_interfaces/msg/detail/motor_cmd__rosidl_typesupport_introspection_cpp.hpp\n'}
[0.600316] (go2_interfaces) StdoutLine: {'line': b'-- Up-to-date symlink: /home/htrice/go2_ros2_curr/install/go2_interfaces/include/go2_interfaces/go2_interfaces/msg/detail/motor_cmds__rosidl_typesupport_introspection_cpp.hpp\n'}
[0.600413] (go2_interfaces) StdoutLine: {'line': b'-- Up-to-date symlink: /home/htrice/go2_ros2_curr/install/go2_interfaces/include/go2_interfaces/go2_interfaces/msg/detail/motor_state__rosidl_typesupport_introspection_cpp.hpp\n'}
[0.600506] (-) TimerEvent: {}
[0.600690] (go2_interfaces) StdoutLine: {'line': b'-- Up-to-date symlink: /home/htrice/go2_ros2_curr/install/go2_interfaces/include/go2_interfaces/go2_interfaces/msg/detail/motor_states__rosidl_typesupport_introspection_cpp.hpp\n'}
[0.600834] (go2_interfaces) StdoutLine: {'line': b'-- Up-to-date symlink: /home/htrice/go2_ros2_curr/install/go2_interfaces/include/go2_interfaces/go2_interfaces/msg/detail/path_point__rosidl_typesupport_introspection_cpp.hpp\n'}
[0.600972] (go2_interfaces) StdoutLine: {'line': b'-- Up-to-date symlink: /home/htrice/go2_ros2_curr/install/go2_interfaces/include/go2_interfaces/go2_interfaces/msg/detail/req__rosidl_typesupport_introspection_cpp.hpp\n'}
[0.601068] (go2_interfaces) StdoutLine: {'line': b'-- Up-to-date symlink: /home/htrice/go2_ros2_curr/install/go2_interfaces/include/go2_interfaces/go2_interfaces/msg/detail/res__rosidl_typesupport_introspection_cpp.hpp\n'}
[0.601162] (go2_interfaces) StdoutLine: {'line': b'-- Up-to-date symlink: /home/htrice/go2_ros2_curr/install/go2_interfaces/include/go2_interfaces/go2_interfaces/msg/detail/sport_mode_cmd__rosidl_typesupport_introspection_cpp.hpp\n'}
[0.601257] (go2_interfaces) StdoutLine: {'line': b'-- Up-to-date symlink: /home/htrice/go2_ros2_curr/install/go2_interfaces/include/go2_interfaces/go2_interfaces/msg/detail/sport_mode_state__rosidl_typesupport_introspection_cpp.hpp\n'}
[0.601416] (go2_interfaces) StdoutLine: {'line': b'-- Up-to-date symlink: /home/htrice/go2_ros2_curr/install/go2_interfaces/include/go2_interfaces/go2_interfaces/msg/detail/time_spec__rosidl_typesupport_introspection_cpp.hpp\n'}
[0.601532] (go2_interfaces) StdoutLine: {'line': b'-- Up-to-date symlink: /home/htrice/go2_ros2_curr/install/go2_interfaces/include/go2_interfaces/go2_interfaces/msg/detail/uwb_state__rosidl_typesupport_introspection_cpp.hpp\n'}
[0.601671] (go2_interfaces) StdoutLine: {'line': b'-- Up-to-date symlink: /home/htrice/go2_ros2_curr/install/go2_interfaces/include/go2_interfaces/go2_interfaces/msg/detail/uwb_switch__rosidl_typesupport_introspection_cpp.hpp\n'}
[0.601809] (go2_interfaces) StdoutLine: {'line': b'-- Up-to-date symlink: /home/htrice/go2_ros2_curr/install/go2_interfaces/include/go2_interfaces/go2_interfaces/msg/detail/voxel_height_map_state__rosidl_typesupport_introspection_cpp.hpp\n'}
[0.602065] (go2_interfaces) StdoutLine: {'line': b'-- Up-to-date symlink: /home/htrice/go2_ros2_curr/install/go2_interfaces/include/go2_interfaces/go2_interfaces/msg/detail/voxel_map_compressed__rosidl_typesupport_introspection_cpp.hpp\n'}
[0.602203] (go2_interfaces) StdoutLine: {'line': b'-- Up-to-date symlink: /home/htrice/go2_ros2_curr/install/go2_interfaces/include/go2_interfaces/go2_interfaces/msg/detail/web_rtc_req__rosidl_typesupport_introspection_cpp.hpp\n'}
[0.602370] (go2_interfaces) StdoutLine: {'line': b'-- Up-to-date symlink: /home/htrice/go2_ros2_curr/install/go2_interfaces/include/go2_interfaces/go2_interfaces/msg/detail/wireless_controller__rosidl_typesupport_introspection_cpp.hpp\n'}
[0.602491] (go2_interfaces) StdoutLine: {'line': b'-- Up-to-date symlink: /home/htrice/go2_ros2_curr/install/go2_interfaces/share/go2_interfaces/environment/pythonpath.sh\n'}
[0.602609] (go2_interfaces) StdoutLine: {'line': b'-- Up-to-date symlink: /home/htrice/go2_ros2_curr/install/go2_interfaces/share/go2_interfaces/environment/pythonpath.dsv\n'}
[0.602706] (go2_interfaces) StdoutLine: {'line': b'-- Up-to-date symlink: /home/htrice/go2_ros2_curr/install/go2_interfaces/local/lib/python3.10/dist-packages/go2_interfaces-0.0.0-py3.10.egg-info/PKG-INFO\n'}
[0.602801] (go2_interfaces) StdoutLine: {'line': b'-- Up-to-date symlink: /home/htrice/go2_ros2_curr/install/go2_interfaces/local/lib/python3.10/dist-packages/go2_interfaces-0.0.0-py3.10.egg-info/SOURCES.txt\n'}
[0.602953] (go2_interfaces) StdoutLine: {'line': b'-- Up-to-date symlink: /home/htrice/go2_ros2_curr/install/go2_interfaces/local/lib/python3.10/dist-packages/go2_interfaces-0.0.0-py3.10.egg-info/dependency_links.txt\n'}
[0.603061] (go2_interfaces) StdoutLine: {'line': b'-- Up-to-date symlink: /home/htrice/go2_ros2_curr/install/go2_interfaces/local/lib/python3.10/dist-packages/go2_interfaces-0.0.0-py3.10.egg-info/top_level.txt\n'}
[0.604856] (go2_interfaces) StdoutLine: {'line': b'-- Up-to-date symlink: /home/htrice/go2_ros2_curr/install/go2_interfaces/local/lib/python3.10/dist-packages/go2_interfaces/__init__.py\n'}
[0.604981] (go2_interfaces) StdoutLine: {'line': b'-- Up-to-date symlink: /home/htrice/go2_ros2_curr/install/go2_interfaces/local/lib/python3.10/dist-packages/go2_interfaces/_go2_interfaces_s.ep.rosidl_typesupport_c.c\n'}
[0.605115] (go2_interfaces) StdoutLine: {'line': b'-- Up-to-date symlink: /home/htrice/go2_ros2_curr/install/go2_interfaces/local/lib/python3.10/dist-packages/go2_interfaces/_go2_interfaces_s.ep.rosidl_typesupport_fastrtps_c.c\n'}
[0.605303] (go2_interfaces) StdoutLine: {'line': b'-- Up-to-date symlink: /home/htrice/go2_ros2_curr/install/go2_interfaces/local/lib/python3.10/dist-packages/go2_interfaces/_go2_interfaces_s.ep.rosidl_typesupport_introspection_c.c\n'}
[0.605446] (go2_interfaces) StdoutLine: {'line': b'-- Up-to-date symlink: /home/htrice/go2_ros2_curr/install/go2_interfaces/local/lib/python3.10/dist-packages/go2_interfaces/go2_interfaces_s__rosidl_typesupport_c.cpython-310-x86_64-linux-gnu.so\n'}
[0.605554] (go2_interfaces) StdoutLine: {'line': b'-- Up-to-date symlink: /home/htrice/go2_ros2_curr/install/go2_interfaces/local/lib/python3.10/dist-packages/go2_interfaces/go2_interfaces_s__rosidl_typesupport_fastrtps_c.cpython-310-x86_64-linux-gnu.so\n'}
[0.605712] (go2_interfaces) StdoutLine: {'line': b'-- Up-to-date symlink: /home/htrice/go2_ros2_curr/install/go2_interfaces/local/lib/python3.10/dist-packages/go2_interfaces/go2_interfaces_s__rosidl_typesupport_introspection_c.cpython-310-x86_64-linux-gnu.so\n'}
[0.605810] (go2_interfaces) StdoutLine: {'line': b'-- Up-to-date symlink: /home/htrice/go2_ros2_curr/install/go2_interfaces/local/lib/python3.10/dist-packages/go2_interfaces/libgo2_interfaces__rosidl_generator_py.so\n'}
[0.605974] (go2_interfaces) StdoutLine: {'line': b'-- Up-to-date symlink: /home/htrice/go2_ros2_curr/install/go2_interfaces/local/lib/python3.10/dist-packages/go2_interfaces/msg/__init__.py\n'}
[0.606081] (go2_interfaces) StdoutLine: {'line': b'-- Up-to-date symlink: /home/htrice/go2_ros2_curr/install/go2_interfaces/local/lib/python3.10/dist-packages/go2_interfaces/msg/_audio_data.py\n'}
[0.606230] (go2_interfaces) StdoutLine: {'line': b'-- Up-to-date symlink: /home/htrice/go2_ros2_curr/install/go2_interfaces/local/lib/python3.10/dist-packages/go2_interfaces/msg/_audio_data_s.c\n'}
[0.606346] (go2_interfaces) StdoutLine: {'line': b'-- Up-to-date symlink: /home/htrice/go2_ros2_curr/install/go2_interfaces/local/lib/python3.10/dist-packages/go2_interfaces/msg/_bms_cmd.py\n'}
[0.606459] (go2_interfaces) StdoutLine: {'line': b'-- Up-to-date symlink: /home/htrice/go2_ros2_curr/install/go2_interfaces/local/lib/python3.10/dist-packages/go2_interfaces/msg/_bms_cmd_s.c\n'}
[0.606570] (go2_interfaces) StdoutLine: {'line': b'-- Up-to-date symlink: /home/htrice/go2_ros2_curr/install/go2_interfaces/local/lib/python3.10/dist-packages/go2_interfaces/msg/_bms_state.py\n'}
[0.606685] (go2_interfaces) StdoutLine: {'line': b'-- Up-to-date symlink: /home/htrice/go2_ros2_curr/install/go2_interfaces/local/lib/python3.10/dist-packages/go2_interfaces/msg/_bms_state_s.c\n'}
[0.606782] (go2_interfaces) StdoutLine: {'line': b'-- Up-to-date symlink: /home/htrice/go2_ros2_curr/install/go2_interfaces/local/lib/python3.10/dist-packages/go2_interfaces/msg/_error.py\n'}
[0.606924] (go2_interfaces) StdoutLine: {'line': b'-- Up-to-date symlink: /home/htrice/go2_ros2_curr/install/go2_interfaces/local/lib/python3.10/dist-packages/go2_interfaces/msg/_error_s.c\n'}
[0.607045] (go2_interfaces) StdoutLine: {'line': b'-- Up-to-date symlink: /home/htrice/go2_ros2_curr/install/go2_interfaces/local/lib/python3.10/dist-packages/go2_interfaces/msg/_go2_cmd.py\n'}
[0.607140] (go2_interfaces) StdoutLine: {'line': b'-- Up-to-date symlink: /home/htrice/go2_ros2_curr/install/go2_interfaces/local/lib/python3.10/dist-packages/go2_interfaces/msg/_go2_cmd_s.c\n'}
[0.607296] (go2_interfaces) StdoutLine: {'line': b'-- Up-to-date symlink: /home/htrice/go2_ros2_curr/install/go2_interfaces/local/lib/python3.10/dist-packages/go2_interfaces/msg/_go2_front_video_data.py\n'}
[0.607422] (go2_interfaces) StdoutLine: {'line': b'-- Up-to-date symlink: /home/htrice/go2_ros2_curr/install/go2_interfaces/local/lib/python3.10/dist-packages/go2_interfaces/msg/_go2_front_video_data_s.c\n'}
[0.607517] (go2_interfaces) StdoutLine: {'line': b'-- Up-to-date symlink: /home/htrice/go2_ros2_curr/install/go2_interfaces/local/lib/python3.10/dist-packages/go2_interfaces/msg/_go2_move.py\n'}
[0.607632] (go2_interfaces) StdoutLine: {'line': b'-- Up-to-date symlink: /home/htrice/go2_ros2_curr/install/go2_interfaces/local/lib/python3.10/dist-packages/go2_interfaces/msg/_go2_move_s.c\n'}
[0.607828] (go2_interfaces) StdoutLine: {'line': b'-- Up-to-date symlink: /home/htrice/go2_ros2_curr/install/go2_interfaces/local/lib/python3.10/dist-packages/go2_interfaces/msg/_go2_rpy_cmd.py\n'}
[0.607961] (go2_interfaces) StdoutLine: {'line': b'-- Up-to-date symlink: /home/htrice/go2_ros2_curr/install/go2_interfaces/local/lib/python3.10/dist-packages/go2_interfaces/msg/_go2_rpy_cmd_s.c\n'}
[0.608115] (go2_interfaces) StdoutLine: {'line': b'-- Up-to-date symlink: /home/htrice/go2_ros2_curr/install/go2_interfaces/local/lib/python3.10/dist-packages/go2_interfaces/msg/_go2_state.py\n'}
[0.608253] (go2_interfaces) StdoutLine: {'line': b'-- Up-to-date symlink: /home/htrice/go2_ros2_curr/install/go2_interfaces/local/lib/python3.10/dist-packages/go2_interfaces/msg/_go2_state_s.c\n'}
[0.608412] (go2_interfaces) StdoutLine: {'line': b'-- Up-to-date symlink: /home/htrice/go2_ros2_curr/install/go2_interfaces/local/lib/python3.10/dist-packages/go2_interfaces/msg/_height_map.py\n'}
[0.608650] (go2_interfaces) StdoutLine: {'line': b'-- Up-to-date symlink: /home/htrice/go2_ros2_curr/install/go2_interfaces/local/lib/python3.10/dist-packages/go2_interfaces/msg/_height_map_s.c\n'}
[0.608830] (go2_interfaces) StdoutLine: {'line': b'-- Up-to-date symlink: /home/htrice/go2_ros2_curr/install/go2_interfaces/local/lib/python3.10/dist-packages/go2_interfaces/msg/_imu.py\n'}
[0.609025] (go2_interfaces) StdoutLine: {'line': b'-- Up-to-date symlink: /home/htrice/go2_ros2_curr/install/go2_interfaces/local/lib/python3.10/dist-packages/go2_interfaces/msg/_imu_s.c\n'}
[0.609170] (go2_interfaces) StdoutLine: {'line': b'-- Up-to-date symlink: /home/htrice/go2_ros2_curr/install/go2_interfaces/local/lib/python3.10/dist-packages/go2_interfaces/msg/_interface_config.py\n'}
[0.609301] (go2_interfaces) StdoutLine: {'line': b'-- Up-to-date symlink: /home/htrice/go2_ros2_curr/install/go2_interfaces/local/lib/python3.10/dist-packages/go2_interfaces/msg/_interface_config_s.c\n'}
[0.609445] (go2_interfaces) StdoutLine: {'line': b'-- Up-to-date symlink: /home/htrice/go2_ros2_curr/install/go2_interfaces/local/lib/python3.10/dist-packages/go2_interfaces/msg/_lidar_state.py\n'}
[0.609616] (go2_interfaces) StdoutLine: {'line': b'-- Up-to-date symlink: /home/htrice/go2_ros2_curr/install/go2_interfaces/local/lib/python3.10/dist-packages/go2_interfaces/msg/_lidar_state_s.c\n'}
[0.609798] (go2_interfaces) StdoutLine: {'line': b'-- Up-to-date symlink: /home/htrice/go2_ros2_curr/install/go2_interfaces/local/lib/python3.10/dist-packages/go2_interfaces/msg/_low_cmd.py\n'}
[0.609919] (go2_interfaces) StdoutLine: {'line': b'-- Up-to-date symlink: /home/htrice/go2_ros2_curr/install/go2_interfaces/local/lib/python3.10/dist-packages/go2_interfaces/msg/_low_cmd_s.c\n'}
[0.610051] (go2_interfaces) StdoutLine: {'line': b'-- Up-to-date symlink: /home/htrice/go2_ros2_curr/install/go2_interfaces/local/lib/python3.10/dist-packages/go2_interfaces/msg/_low_state.py\n'}
[0.610146] (go2_interfaces) StdoutLine: {'line': b'-- Up-to-date symlink: /home/htrice/go2_ros2_curr/install/go2_interfaces/local/lib/python3.10/dist-packages/go2_interfaces/msg/_low_state_s.c\n'}
[0.610240] (go2_interfaces) StdoutLine: {'line': b'-- Up-to-date symlink: /home/htrice/go2_ros2_curr/install/go2_interfaces/local/lib/python3.10/dist-packages/go2_interfaces/msg/_motor_cmd.py\n'}
[0.610334] (go2_interfaces) StdoutLine: {'line': b'-- Up-to-date symlink: /home/htrice/go2_ros2_curr/install/go2_interfaces/local/lib/python3.10/dist-packages/go2_interfaces/msg/_motor_cmd_s.c\n'}
[0.610428] (go2_interfaces) StdoutLine: {'line': b'-- Up-to-date symlink: /home/htrice/go2_ros2_curr/install/go2_interfaces/local/lib/python3.10/dist-packages/go2_interfaces/msg/_motor_cmds.py\n'}
[0.610566] (go2_interfaces) StdoutLine: {'line': b'-- Up-to-date symlink: /home/htrice/go2_ros2_curr/install/go2_interfaces/local/lib/python3.10/dist-packages/go2_interfaces/msg/_motor_cmds_s.c\n'}
[0.610738] (go2_interfaces) StdoutLine: {'line': b'-- Up-to-date symlink: /home/htrice/go2_ros2_curr/install/go2_interfaces/local/lib/python3.10/dist-packages/go2_interfaces/msg/_motor_state.py\n'}
[0.610848] (go2_interfaces) StdoutLine: {'line': b'-- Up-to-date symlink: /home/htrice/go2_ros2_curr/install/go2_interfaces/local/lib/python3.10/dist-packages/go2_interfaces/msg/_motor_state_s.c\n'}
[0.610996] (go2_interfaces) StdoutLine: {'line': b'-- Up-to-date symlink: /home/htrice/go2_ros2_curr/install/go2_interfaces/local/lib/python3.10/dist-packages/go2_interfaces/msg/_motor_states.py\n'}
[0.611140] (go2_interfaces) StdoutLine: {'line': b'-- Up-to-date symlink: /home/htrice/go2_ros2_curr/install/go2_interfaces/local/lib/python3.10/dist-packages/go2_interfaces/msg/_motor_states_s.c\n'}
[0.611267] (go2_interfaces) StdoutLine: {'line': b'-- Up-to-date symlink: /home/htrice/go2_ros2_curr/install/go2_interfaces/local/lib/python3.10/dist-packages/go2_interfaces/msg/_path_point.py\n'}
[0.611386] (go2_interfaces) StdoutLine: {'line': b'-- Up-to-date symlink: /home/htrice/go2_ros2_curr/install/go2_interfaces/local/lib/python3.10/dist-packages/go2_interfaces/msg/_path_point_s.c\n'}
[0.611477] (go2_interfaces) StdoutLine: {'line': b'-- Up-to-date symlink: /home/htrice/go2_ros2_curr/install/go2_interfaces/local/lib/python3.10/dist-packages/go2_interfaces/msg/_req.py\n'}
[0.611573] (go2_interfaces) StdoutLine: {'line': b'-- Up-to-date symlink: /home/htrice/go2_ros2_curr/install/go2_interfaces/local/lib/python3.10/dist-packages/go2_interfaces/msg/_req_s.c\n'}
[0.611714] (go2_interfaces) StdoutLine: {'line': b'-- Up-to-date symlink: /home/htrice/go2_ros2_curr/install/go2_interfaces/local/lib/python3.10/dist-packages/go2_interfaces/msg/_res.py\n'}
[0.611809] (go2_interfaces) StdoutLine: {'line': b'-- Up-to-date symlink: /home/htrice/go2_ros2_curr/install/go2_interfaces/local/lib/python3.10/dist-packages/go2_interfaces/msg/_res_s.c\n'}
[0.611953] (go2_interfaces) StdoutLine: {'line': b'-- Up-to-date symlink: /home/htrice/go2_ros2_curr/install/go2_interfaces/local/lib/python3.10/dist-packages/go2_interfaces/msg/_sport_mode_cmd.py\n'}
[0.612088] (go2_interfaces) StdoutLine: {'line': b'-- Up-to-date symlink: /home/htrice/go2_ros2_curr/install/go2_interfaces/local/lib/python3.10/dist-packages/go2_interfaces/msg/_sport_mode_cmd_s.c\n'}
[0.612201] (go2_interfaces) StdoutLine: {'line': b'-- Up-to-date symlink: /home/htrice/go2_ros2_curr/install/go2_interfaces/local/lib/python3.10/dist-packages/go2_interfaces/msg/_sport_mode_state.py\n'}
[0.612313] (go2_interfaces) StdoutLine: {'line': b'-- Up-to-date symlink: /home/htrice/go2_ros2_curr/install/go2_interfaces/local/lib/python3.10/dist-packages/go2_interfaces/msg/_sport_mode_state_s.c\n'}
[0.612405] (go2_interfaces) StdoutLine: {'line': b'-- Up-to-date symlink: /home/htrice/go2_ros2_curr/install/go2_interfaces/local/lib/python3.10/dist-packages/go2_interfaces/msg/_time_spec.py\n'}
[0.612499] (go2_interfaces) StdoutLine: {'line': b'-- Up-to-date symlink: /home/htrice/go2_ros2_curr/install/go2_interfaces/local/lib/python3.10/dist-packages/go2_interfaces/msg/_time_spec_s.c\n'}
[0.612594] (go2_interfaces) StdoutLine: {'line': b'-- Up-to-date symlink: /home/htrice/go2_ros2_curr/install/go2_interfaces/local/lib/python3.10/dist-packages/go2_interfaces/msg/_uwb_state.py\n'}
[0.612687] (go2_interfaces) StdoutLine: {'line': b'-- Up-to-date symlink: /home/htrice/go2_ros2_curr/install/go2_interfaces/local/lib/python3.10/dist-packages/go2_interfaces/msg/_uwb_state_s.c\n'}
[0.612780] (go2_interfaces) StdoutLine: {'line': b'-- Up-to-date symlink: /home/htrice/go2_ros2_curr/install/go2_interfaces/local/lib/python3.10/dist-packages/go2_interfaces/msg/_uwb_switch.py\n'}
[0.612954] (go2_interfaces) StdoutLine: {'line': b'-- Up-to-date symlink: /home/htrice/go2_ros2_curr/install/go2_interfaces/local/lib/python3.10/dist-packages/go2_interfaces/msg/_uwb_switch_s.c\n'}
[0.613071] (go2_interfaces) StdoutLine: {'line': b'-- Up-to-date symlink: /home/htrice/go2_ros2_curr/install/go2_interfaces/local/lib/python3.10/dist-packages/go2_interfaces/msg/_voxel_height_map_state.py\n'}
[0.613213] (go2_interfaces) StdoutLine: {'line': b'-- Up-to-date symlink: /home/htrice/go2_ros2_curr/install/go2_interfaces/local/lib/python3.10/dist-packages/go2_interfaces/msg/_voxel_height_map_state_s.c\n'}
[0.613313] (go2_interfaces) StdoutLine: {'line': b'-- Up-to-date symlink: /home/htrice/go2_ros2_curr/install/go2_interfaces/local/lib/python3.10/dist-packages/go2_interfaces/msg/_voxel_map_compressed.py\n'}
[0.613407] (go2_interfaces) StdoutLine: {'line': b'-- Up-to-date symlink: /home/htrice/go2_ros2_curr/install/go2_interfaces/local/lib/python3.10/dist-packages/go2_interfaces/msg/_voxel_map_compressed_s.c\n'}
[0.613510] (go2_interfaces) StdoutLine: {'line': b'-- Up-to-date symlink: /home/htrice/go2_ros2_curr/install/go2_interfaces/local/lib/python3.10/dist-packages/go2_interfaces/msg/_web_rtc_req.py\n'}
[0.613641] (go2_interfaces) StdoutLine: {'line': b'-- Up-to-date symlink: /home/htrice/go2_ros2_curr/install/go2_interfaces/local/lib/python3.10/dist-packages/go2_interfaces/msg/_web_rtc_req_s.c\n'}
[0.613864] (go2_interfaces) StdoutLine: {'line': b'-- Up-to-date symlink: /home/htrice/go2_ros2_curr/install/go2_interfaces/local/lib/python3.10/dist-packages/go2_interfaces/msg/_wireless_controller.py\n'}
[0.614042] (go2_interfaces) StdoutLine: {'line': b'-- Up-to-date symlink: /home/htrice/go2_ros2_curr/install/go2_interfaces/local/lib/python3.10/dist-packages/go2_interfaces/msg/_wireless_controller_s.c\n'}
[0.614271] (go2_interfaces) StdoutLine: {'line': b'-- Up-to-date symlink: /home/htrice/go2_ros2_curr/install/go2_interfaces/local/lib/python3.10/dist-packages/go2_interfaces/go2_interfaces_s__rosidl_typesupport_fastrtps_c.cpython-310-x86_64-linux-gnu.so\n'}
[0.614416] (go2_interfaces) StdoutLine: {'line': b'-- Up-to-date symlink: /home/htrice/go2_ros2_curr/install/go2_interfaces/local/lib/python3.10/dist-packages/go2_interfaces/go2_interfaces_s__rosidl_typesupport_introspection_c.cpython-310-x86_64-linux-gnu.so\n'}
[0.614631] (go2_interfaces) StdoutLine: {'line': b'-- Up-to-date symlink: /home/htrice/go2_ros2_curr/install/go2_interfaces/local/lib/python3.10/dist-packages/go2_interfaces/go2_interfaces_s__rosidl_typesupport_c.cpython-310-x86_64-linux-gnu.so\n'}
[0.614799] (go2_interfaces) StdoutLine: {'line': b'-- Up-to-date symlink: /home/htrice/go2_ros2_curr/install/go2_interfaces/share/go2_interfaces/msg/Go2Cmd.idl\n'}
[0.614993] (go2_interfaces) StdoutLine: {'line': b'-- Up-to-date symlink: /home/htrice/go2_ros2_curr/install/go2_interfaces/share/go2_interfaces/msg/Go2State.idl\n'}
[0.615090] (go2_interfaces) StdoutLine: {'line': b'-- Up-to-date symlink: /home/htrice/go2_ros2_curr/install/go2_interfaces/share/go2_interfaces/msg/Go2Move.idl\n'}
[0.615185] (go2_interfaces) StdoutLine: {'line': b'-- Up-to-date symlink: /home/htrice/go2_ros2_curr/install/go2_interfaces/share/go2_interfaces/msg/Go2RpyCmd.idl\n'}
[0.615284] (go2_interfaces) StdoutLine: {'line': b'-- Up-to-date symlink: /home/htrice/go2_ros2_curr/install/go2_interfaces/share/go2_interfaces/msg/IMU.idl\n'}
[0.615379] (go2_interfaces) StdoutLine: {'line': b'-- Up-to-date symlink: /home/htrice/go2_ros2_curr/install/go2_interfaces/share/go2_interfaces/msg/AudioData.idl\n'}
[0.615524] (go2_interfaces) StdoutLine: {'line': b'-- Up-to-date symlink: /home/htrice/go2_ros2_curr/install/go2_interfaces/share/go2_interfaces/msg/BmsCmd.idl\n'}
[0.615696] (go2_interfaces) StdoutLine: {'line': b'-- Up-to-date symlink: /home/htrice/go2_ros2_curr/install/go2_interfaces/share/go2_interfaces/msg/BmsState.idl\n'}
[0.615792] (go2_interfaces) StdoutLine: {'line': b'-- Up-to-date symlink: /home/htrice/go2_ros2_curr/install/go2_interfaces/share/go2_interfaces/msg/Error.idl\n'}
[0.615952] (go2_interfaces) StdoutLine: {'line': b'-- Up-to-date symlink: /home/htrice/go2_ros2_curr/install/go2_interfaces/share/go2_interfaces/msg/Go2FrontVideoData.idl\n'}
[0.616052] (go2_interfaces) StdoutLine: {'line': b'-- Up-to-date symlink: /home/htrice/go2_ros2_curr/install/go2_interfaces/share/go2_interfaces/msg/HeightMap.idl\n'}
[0.616145] (go2_interfaces) StdoutLine: {'line': b'-- Up-to-date symlink: /home/htrice/go2_ros2_curr/install/go2_interfaces/share/go2_interfaces/msg/InterfaceConfig.idl\n'}
[0.616289] (go2_interfaces) StdoutLine: {'line': b'-- Up-to-date symlink: /home/htrice/go2_ros2_curr/install/go2_interfaces/share/go2_interfaces/msg/LidarState.idl\n'}
[0.616431] (go2_interfaces) StdoutLine: {'line': b'-- Up-to-date symlink: /home/htrice/go2_ros2_curr/install/go2_interfaces/share/go2_interfaces/msg/LowCmd.idl\n'}
[0.616531] (go2_interfaces) StdoutLine: {'line': b'-- Up-to-date symlink: /home/htrice/go2_ros2_curr/install/go2_interfaces/share/go2_interfaces/msg/LowState.idl\n'}
[0.616682] (go2_interfaces) StdoutLine: {'line': b'-- Up-to-date symlink: /home/htrice/go2_ros2_curr/install/go2_interfaces/share/go2_interfaces/msg/MotorCmd.idl\n'}
[0.616774] (go2_interfaces) StdoutLine: {'line': b'-- Up-to-date symlink: /home/htrice/go2_ros2_curr/install/go2_interfaces/share/go2_interfaces/msg/MotorCmds.idl\n'}
[0.616910] (go2_interfaces) StdoutLine: {'line': b'-- Up-to-date symlink: /home/htrice/go2_ros2_curr/install/go2_interfaces/share/go2_interfaces/msg/MotorState.idl\n'}
[0.617013] (go2_interfaces) StdoutLine: {'line': b'-- Up-to-date symlink: /home/htrice/go2_ros2_curr/install/go2_interfaces/share/go2_interfaces/msg/MotorStates.idl\n'}
[0.617160] (go2_interfaces) StdoutLine: {'line': b'-- Up-to-date symlink: /home/htrice/go2_ros2_curr/install/go2_interfaces/share/go2_interfaces/msg/PathPoint.idl\n'}
[0.617296] (go2_interfaces) StdoutLine: {'line': b'-- Up-to-date symlink: /home/htrice/go2_ros2_curr/install/go2_interfaces/share/go2_interfaces/msg/Req.idl\n'}
[0.617393] (go2_interfaces) StdoutLine: {'line': b'-- Up-to-date symlink: /home/htrice/go2_ros2_curr/install/go2_interfaces/share/go2_interfaces/msg/Res.idl\n'}
[0.617536] (go2_interfaces) StdoutLine: {'line': b'-- Up-to-date symlink: /home/htrice/go2_ros2_curr/install/go2_interfaces/share/go2_interfaces/msg/SportModeCmd.idl\n'}
[0.617630] (go2_interfaces) StdoutLine: {'line': b'-- Up-to-date symlink: /home/htrice/go2_ros2_curr/install/go2_interfaces/share/go2_interfaces/msg/SportModeState.idl\n'}
[0.617768] (go2_interfaces) StdoutLine: {'line': b'-- Up-to-date symlink: /home/htrice/go2_ros2_curr/install/go2_interfaces/share/go2_interfaces/msg/TimeSpec.idl\n'}
[0.617909] (go2_interfaces) StdoutLine: {'line': b'-- Up-to-date symlink: /home/htrice/go2_ros2_curr/install/go2_interfaces/share/go2_interfaces/msg/UwbState.idl\n'}
[0.618051] (go2_interfaces) StdoutLine: {'line': b'-- Up-to-date symlink: /home/htrice/go2_ros2_curr/install/go2_interfaces/share/go2_interfaces/msg/UwbSwitch.idl\n'}
[0.618189] (go2_interfaces) StdoutLine: {'line': b'-- Up-to-date symlink: /home/htrice/go2_ros2_curr/install/go2_interfaces/share/go2_interfaces/msg/VoxelMapCompressed.idl\n'}
[0.618326] (go2_interfaces) StdoutLine: {'line': b'-- Up-to-date symlink: /home/htrice/go2_ros2_curr/install/go2_interfaces/share/go2_interfaces/msg/VoxelHeightMapState.idl\n'}
[0.618461] (go2_interfaces) StdoutLine: {'line': b'-- Up-to-date symlink: /home/htrice/go2_ros2_curr/install/go2_interfaces/share/go2_interfaces/msg/WebRtcReq.idl\n'}
[0.618594] (go2_interfaces) StdoutLine: {'line': b'-- Up-to-date symlink: /home/htrice/go2_ros2_curr/install/go2_interfaces/share/go2_interfaces/msg/WirelessController.idl\n'}
[0.618728] (go2_interfaces) StdoutLine: {'line': b'-- Up-to-date symlink: /home/htrice/go2_ros2_curr/install/go2_interfaces/share/go2_interfaces/msg/Go2Cmd.msg\n'}
[0.618866] (go2_interfaces) StdoutLine: {'line': b'-- Up-to-date symlink: /home/htrice/go2_ros2_curr/install/go2_interfaces/share/go2_interfaces/msg/Go2State.msg\n'}
[0.619014] (go2_interfaces) StdoutLine: {'line': b'-- Up-to-date symlink: /home/htrice/go2_ros2_curr/install/go2_interfaces/share/go2_interfaces/msg/Go2Move.msg\n'}
[0.619149] (go2_interfaces) StdoutLine: {'line': b'-- Up-to-date symlink: /home/htrice/go2_ros2_curr/install/go2_interfaces/share/go2_interfaces/msg/Go2RpyCmd.msg\n'}
[0.619284] (go2_interfaces) StdoutLine: {'line': b'-- Up-to-date symlink: /home/htrice/go2_ros2_curr/install/go2_interfaces/share/go2_interfaces/msg/IMU.msg\n'}
[0.619410] (go2_interfaces) StdoutLine: {'line': b'-- Up-to-date symlink: /home/htrice/go2_ros2_curr/install/go2_interfaces/share/go2_interfaces/msg/AudioData.msg\n'}
[0.619542] (go2_interfaces) StdoutLine: {'line': b'-- Up-to-date symlink: /home/htrice/go2_ros2_curr/install/go2_interfaces/share/go2_interfaces/msg/BmsCmd.msg\n'}
[0.619678] (go2_interfaces) StdoutLine: {'line': b'-- Up-to-date symlink: /home/htrice/go2_ros2_curr/install/go2_interfaces/share/go2_interfaces/msg/BmsState.msg\n'}
[0.619813] (go2_interfaces) StdoutLine: {'line': b'-- Up-to-date symlink: /home/htrice/go2_ros2_curr/install/go2_interfaces/share/go2_interfaces/msg/Error.msg\n'}
[0.619952] (go2_interfaces) StdoutLine: {'line': b'-- Up-to-date symlink: /home/htrice/go2_ros2_curr/install/go2_interfaces/share/go2_interfaces/msg/Go2FrontVideoData.msg\n'}
[0.620084] (go2_interfaces) StdoutLine: {'line': b'-- Up-to-date symlink: /home/htrice/go2_ros2_curr/install/go2_interfaces/share/go2_interfaces/msg/HeightMap.msg\n'}
[0.620230] (go2_interfaces) StdoutLine: {'line': b'-- Up-to-date symlink: /home/htrice/go2_ros2_curr/install/go2_interfaces/share/go2_interfaces/msg/InterfaceConfig.msg\n'}
[0.620375] (go2_interfaces) StdoutLine: {'line': b'-- Up-to-date symlink: /home/htrice/go2_ros2_curr/install/go2_interfaces/share/go2_interfaces/msg/LidarState.msg\n'}
[0.620517] (go2_interfaces) StdoutLine: {'line': b'-- Up-to-date symlink: /home/htrice/go2_ros2_curr/install/go2_interfaces/share/go2_interfaces/msg/LowCmd.msg\n'}
[0.620775] (go2_interfaces) StdoutLine: {'line': b'-- Up-to-date symlink: /home/htrice/go2_ros2_curr/install/go2_interfaces/share/go2_interfaces/msg/LowState.msg\n'}
[0.621017] (go2_interfaces) StdoutLine: {'line': b'-- Up-to-date symlink: /home/htrice/go2_ros2_curr/install/go2_interfaces/share/go2_interfaces/msg/MotorCmd.msg\n'}
[0.621157] (go2_interfaces) StdoutLine: {'line': b'-- Up-to-date symlink: /home/htrice/go2_ros2_curr/install/go2_interfaces/share/go2_interfaces/msg/MotorCmds.msg\n'}
[0.621256] (go2_interfaces) StdoutLine: {'line': b'-- Up-to-date symlink: /home/htrice/go2_ros2_curr/install/go2_interfaces/share/go2_interfaces/msg/MotorState.msg\n'}
[0.621429] (go2_interfaces) StdoutLine: {'line': b'-- Up-to-date symlink: /home/htrice/go2_ros2_curr/install/go2_interfaces/share/go2_interfaces/msg/MotorStates.msg\n'}
[0.621529] (go2_interfaces) StdoutLine: {'line': b'-- Up-to-date symlink: /home/htrice/go2_ros2_curr/install/go2_interfaces/share/go2_interfaces/msg/PathPoint.msg\n'}
[0.621625] (go2_interfaces) StdoutLine: {'line': b'-- Up-to-date symlink: /home/htrice/go2_ros2_curr/install/go2_interfaces/share/go2_interfaces/msg/Req.msg\n'}
[0.621776] (go2_interfaces) StdoutLine: {'line': b'-- Up-to-date symlink: /home/htrice/go2_ros2_curr/install/go2_interfaces/share/go2_interfaces/msg/Res.msg\n'}
[0.621906] (go2_interfaces) StdoutLine: {'line': b'-- Up-to-date symlink: /home/htrice/go2_ros2_curr/install/go2_interfaces/share/go2_interfaces/msg/SportModeCmd.msg\n'}
[0.622002] (go2_interfaces) StdoutLine: {'line': b'-- Up-to-date symlink: /home/htrice/go2_ros2_curr/install/go2_interfaces/share/go2_interfaces/msg/SportModeState.msg\n'}
[0.622100] (go2_interfaces) StdoutLine: {'line': b'-- Up-to-date symlink: /home/htrice/go2_ros2_curr/install/go2_interfaces/share/go2_interfaces/msg/TimeSpec.msg\n'}
[0.622248] (go2_interfaces) StdoutLine: {'line': b'-- Up-to-date symlink: /home/htrice/go2_ros2_curr/install/go2_interfaces/share/go2_interfaces/msg/UwbState.msg\n'}
[0.622348] (go2_interfaces) StdoutLine: {'line': b'-- Up-to-date symlink: /home/htrice/go2_ros2_curr/install/go2_interfaces/share/go2_interfaces/msg/UwbSwitch.msg\n'}
[0.622495] (go2_interfaces) StdoutLine: {'line': b'-- Up-to-date symlink: /home/htrice/go2_ros2_curr/install/go2_interfaces/share/go2_interfaces/msg/VoxelMapCompressed.msg\n'}
[0.622594] (go2_interfaces) StdoutLine: {'line': b'-- Up-to-date symlink: /home/htrice/go2_ros2_curr/install/go2_interfaces/share/go2_interfaces/msg/VoxelHeightMapState.msg\n'}
[0.622740] (go2_interfaces) StdoutLine: {'line': b'-- Up-to-date symlink: /home/htrice/go2_ros2_curr/install/go2_interfaces/share/go2_interfaces/msg/WebRtcReq.msg\n'}
[0.622843] (go2_interfaces) StdoutLine: {'line': b'-- Up-to-date symlink: /home/htrice/go2_ros2_curr/install/go2_interfaces/share/go2_interfaces/msg/WirelessController.msg\n'}
[0.622973] (go2_interfaces) StdoutLine: {'line': b'-- Up-to-date symlink: /home/htrice/go2_ros2_curr/install/go2_interfaces/share/ament_index/resource_index/package_run_dependencies/go2_interfaces\n'}
[0.623105] (go2_interfaces) StdoutLine: {'line': b'-- Up-to-date symlink: /home/htrice/go2_ros2_curr/install/go2_interfaces/share/ament_index/resource_index/parent_prefix_path/go2_interfaces\n'}
[0.623240] (go2_interfaces) StdoutLine: {'line': b'-- Up-to-date symlink: /home/htrice/go2_ros2_curr/install/go2_interfaces/share/go2_interfaces/environment/ament_prefix_path.sh\n'}
[0.623370] (go2_interfaces) StdoutLine: {'line': b'-- Up-to-date symlink: /home/htrice/go2_ros2_curr/install/go2_interfaces/share/go2_interfaces/environment/ament_prefix_path.dsv\n'}
[0.623486] (go2_interfaces) StdoutLine: {'line': b'-- Up-to-date symlink: /home/htrice/go2_ros2_curr/install/go2_interfaces/share/go2_interfaces/environment/path.sh\n'}
[0.623596] (go2_interfaces) StdoutLine: {'line': b'-- Up-to-date symlink: /home/htrice/go2_ros2_curr/install/go2_interfaces/share/go2_interfaces/environment/path.dsv\n'}
[0.623727] (go2_interfaces) StdoutLine: {'line': b'-- Up-to-date symlink: /home/htrice/go2_ros2_curr/install/go2_interfaces/share/go2_interfaces/local_setup.bash\n'}
[0.623875] (go2_interfaces) StdoutLine: {'line': b'-- Up-to-date symlink: /home/htrice/go2_ros2_curr/install/go2_interfaces/share/go2_interfaces/local_setup.sh\n'}
[0.624019] (go2_interfaces) StdoutLine: {'line': b'-- Up-to-date symlink: /home/htrice/go2_ros2_curr/install/go2_interfaces/share/go2_interfaces/local_setup.zsh\n'}
[0.624149] (go2_interfaces) StdoutLine: {'line': b'-- Up-to-date symlink: /home/htrice/go2_ros2_curr/install/go2_interfaces/share/go2_interfaces/local_setup.dsv\n'}
[0.624285] (go2_interfaces) StdoutLine: {'line': b'-- Symlinking: /home/htrice/go2_ros2_curr/install/go2_interfaces/share/go2_interfaces/package.dsv\n'}
[0.636556] (go2_interfaces) StdoutLine: {'line': b'-- Up-to-date symlink: /home/htrice/go2_ros2_curr/install/go2_interfaces/share/ament_index/resource_index/packages/go2_interfaces\n'}
[0.636740] (go2_interfaces) StdoutLine: {'line': b'-- Up-to-date symlink: /home/htrice/go2_ros2_curr/install/go2_interfaces/share/go2_interfaces/cmake/rosidl_cmake-extras.cmake\n'}
[0.636885] (go2_interfaces) StdoutLine: {'line': b'-- Up-to-date symlink: /home/htrice/go2_ros2_curr/install/go2_interfaces/share/go2_interfaces/cmake/ament_cmake_export_dependencies-extras.cmake\n'}
[0.637033] (go2_interfaces) StdoutLine: {'line': b'-- Up-to-date symlink: /home/htrice/go2_ros2_curr/install/go2_interfaces/share/go2_interfaces/cmake/ament_cmake_export_include_directories-extras.cmake\n'}
[0.637175] (go2_interfaces) StdoutLine: {'line': b'-- Up-to-date symlink: /home/htrice/go2_ros2_curr/install/go2_interfaces/share/go2_interfaces/cmake/ament_cmake_export_libraries-extras.cmake\n'}
[0.637313] (go2_interfaces) StdoutLine: {'line': b'-- Up-to-date symlink: /home/htrice/go2_ros2_curr/install/go2_interfaces/share/go2_interfaces/cmake/ament_cmake_export_targets-extras.cmake\n'}
[0.637450] (go2_interfaces) StdoutLine: {'line': b'-- Up-to-date symlink: /home/htrice/go2_ros2_curr/install/go2_interfaces/share/go2_interfaces/cmake/rosidl_cmake_export_typesupport_targets-extras.cmake\n'}
[0.637582] (go2_interfaces) StdoutLine: {'line': b'-- Up-to-date symlink: /home/htrice/go2_ros2_curr/install/go2_interfaces/share/go2_interfaces/cmake/rosidl_cmake_export_typesupport_libraries-extras.cmake\n'}
[0.637719] (go2_interfaces) StdoutLine: {'line': b'-- Up-to-date symlink: /home/htrice/go2_ros2_curr/install/go2_interfaces/share/go2_interfaces/cmake/go2_interfacesConfig.cmake\n'}
[0.637886] (go2_interfaces) StdoutLine: {'line': b'-- Up-to-date symlink: /home/htrice/go2_ros2_curr/install/go2_interfaces/share/go2_interfaces/cmake/go2_interfacesConfig-version.cmake\n'}
[0.638023] (go2_interfaces) StdoutLine: {'line': b'-- Up-to-date symlink: /home/htrice/go2_ros2_curr/install/go2_interfaces/share/go2_interfaces/package.xml\n'}
[0.638185] (go2_interfaces) StdoutLine: {'line': b'-- Up-to-date: /home/htrice/go2_ros2_curr/install/go2_interfaces/lib/libgo2_interfaces__rosidl_generator_c.so\n'}
[0.638502] (go2_interfaces) StdoutLine: {'line': b'-- Up-to-date: /home/htrice/go2_ros2_curr/install/go2_interfaces/lib/libgo2_interfaces__rosidl_typesupport_fastrtps_c.so\n'}
[0.638828] (go2_interfaces) StdoutLine: {'line': b'-- Up-to-date: /home/htrice/go2_ros2_curr/install/go2_interfaces/lib/libgo2_interfaces__rosidl_typesupport_fastrtps_cpp.so\n'}
[0.639119] (go2_interfaces) StdoutLine: {'line': b'-- Up-to-date: /home/htrice/go2_ros2_curr/install/go2_interfaces/lib/libgo2_interfaces__rosidl_typesupport_introspection_c.so\n'}
[0.639395] (go2_interfaces) StdoutLine: {'line': b'-- Up-to-date: /home/htrice/go2_ros2_curr/install/go2_interfaces/lib/libgo2_interfaces__rosidl_typesupport_c.so\n'}
[0.639685] (go2_interfaces) StdoutLine: {'line': b'-- Up-to-date: /home/htrice/go2_ros2_curr/install/go2_interfaces/lib/libgo2_interfaces__rosidl_typesupport_introspection_cpp.so\n'}
[0.639984] (go2_interfaces) StdoutLine: {'line': b'-- Up-to-date: /home/htrice/go2_ros2_curr/install/go2_interfaces/lib/libgo2_interfaces__rosidl_typesupport_cpp.so\n'}
[0.675654] (go2_interfaces) StdoutLine: {'line': b"Listing '/home/htrice/go2_ros2_curr/install/go2_interfaces/local/lib/python3.10/dist-packages/go2_interfaces'...\n"}
[0.675860] (go2_interfaces) StdoutLine: {'line': b"Listing '/home/htrice/go2_ros2_curr/install/go2_interfaces/local/lib/python3.10/dist-packages/go2_interfaces/msg'...\n"}
[0.679554] (go2_interfaces) StdoutLine: {'line': b'-- Up-to-date: /home/htrice/go2_ros2_curr/install/go2_interfaces/lib/libgo2_interfaces__rosidl_generator_py.so\n'}
[0.680071] (go2_interfaces) StdoutLine: {'line': b'-- Up-to-date: /home/htrice/go2_ros2_curr/install/go2_interfaces/share/go2_interfaces/cmake/export_go2_interfaces__rosidl_generator_cExport.cmake\n'}
[0.680238] (go2_interfaces) StdoutLine: {'line': b'-- Up-to-date: /home/htrice/go2_ros2_curr/install/go2_interfaces/share/go2_interfaces/cmake/export_go2_interfaces__rosidl_generator_cExport-noconfig.cmake\n'}
[0.680449] (go2_interfaces) StdoutLine: {'line': b'-- Up-to-date: /home/htrice/go2_ros2_curr/install/go2_interfaces/share/go2_interfaces/cmake/export_go2_interfaces__rosidl_typesupport_fastrtps_cExport.cmake\n'}
[0.680688] (go2_interfaces) StdoutLine: {'line': b'-- Up-to-date: /home/htrice/go2_ros2_curr/install/go2_interfaces/share/go2_interfaces/cmake/export_go2_interfaces__rosidl_typesupport_fastrtps_cExport-noconfig.cmake\n'}
[0.680904] (go2_interfaces) StdoutLine: {'line': b'-- Up-to-date: /home/htrice/go2_ros2_curr/install/go2_interfaces/share/go2_interfaces/cmake/export_go2_interfaces__rosidl_generator_cppExport.cmake\n'}
[0.681085] (go2_interfaces) StdoutLine: {'line': b'-- Up-to-date: /home/htrice/go2_ros2_curr/install/go2_interfaces/share/go2_interfaces/cmake/export_go2_interfaces__rosidl_typesupport_fastrtps_cppExport.cmake\n'}
[0.681188] (go2_interfaces) StdoutLine: {'line': b'-- Up-to-date: /home/htrice/go2_ros2_curr/install/go2_interfaces/share/go2_interfaces/cmake/export_go2_interfaces__rosidl_typesupport_fastrtps_cppExport-noconfig.cmake\n'}
[0.681323] (go2_interfaces) StdoutLine: {'line': b'-- Up-to-date: /home/htrice/go2_ros2_curr/install/go2_interfaces/share/go2_interfaces/cmake/go2_interfaces__rosidl_typesupport_introspection_cExport.cmake\n'}
[0.681444] (go2_interfaces) StdoutLine: {'line': b'-- Up-to-date: /home/htrice/go2_ros2_curr/install/go2_interfaces/share/go2_interfaces/cmake/go2_interfaces__rosidl_typesupport_introspection_cExport-noconfig.cmake\n'}
[0.681594] (go2_interfaces) StdoutLine: {'line': b'-- Up-to-date: /home/htrice/go2_ros2_curr/install/go2_interfaces/share/go2_interfaces/cmake/go2_interfaces__rosidl_typesupport_cExport.cmake\n'}
[0.681751] (go2_interfaces) StdoutLine: {'line': b'-- Up-to-date: /home/htrice/go2_ros2_curr/install/go2_interfaces/share/go2_interfaces/cmake/go2_interfaces__rosidl_typesupport_cExport-noconfig.cmake\n'}
[0.681863] (go2_interfaces) StdoutLine: {'line': b'-- Up-to-date: /home/htrice/go2_ros2_curr/install/go2_interfaces/share/go2_interfaces/cmake/go2_interfaces__rosidl_typesupport_introspection_cppExport.cmake\n'}
[0.682030] (go2_interfaces) StdoutLine: {'line': b'-- Up-to-date: /home/htrice/go2_ros2_curr/install/go2_interfaces/share/go2_interfaces/cmake/go2_interfaces__rosidl_typesupport_introspection_cppExport-noconfig.cmake\n'}
[0.682130] (go2_interfaces) StdoutLine: {'line': b'-- Up-to-date: /home/htrice/go2_ros2_curr/install/go2_interfaces/share/go2_interfaces/cmake/go2_interfaces__rosidl_typesupport_cppExport.cmake\n'}
[0.682223] (go2_interfaces) StdoutLine: {'line': b'-- Up-to-date: /home/htrice/go2_ros2_curr/install/go2_interfaces/share/go2_interfaces/cmake/go2_interfaces__rosidl_typesupport_cppExport-noconfig.cmake\n'}
[0.682357] (go2_interfaces) StdoutLine: {'line': b'-- Up-to-date: /home/htrice/go2_ros2_curr/install/go2_interfaces/share/go2_interfaces/cmake/export_go2_interfaces__rosidl_generator_pyExport.cmake\n'}
[0.682445] (go2_interfaces) StdoutLine: {'line': b'-- Up-to-date: /home/htrice/go2_ros2_curr/install/go2_interfaces/share/go2_interfaces/cmake/export_go2_interfaces__rosidl_generator_pyExport-noconfig.cmake\n'}
[0.684617] (go2_interfaces) CommandEnded: {'returncode': 0}
[0.700727] (-) TimerEvent: {}
[0.730865] (go2_interfaces) JobEnded: {'identifier': 'go2_interfaces', 'rc': 0}
[0.732169] (go2_robot_sdk) JobStarted: {'identifier': 'go2_robot_sdk'}
[0.738812] (speech_processor) JobStarted: {'identifier': 'speech_processor'}
[0.800854] (-) TimerEvent: {}
[0.901180] (-) TimerEvent: {}
[1.001540] (-) TimerEvent: {}
[1.101989] (-) TimerEvent: {}
[1.202257] (-) TimerEvent: {}
[1.264204] (coco_detector) Command: {'cmd': ['/usr/bin/python3', '-W', 'ignore:setup.py install is deprecated', '-W', 'ignore:easy_install command is deprecated', 'setup.py', 'develop', '--editable', '--build-directory', '/home/htrice/go2_ros2_curr/build/coco_detector/build', '--no-deps', 'symlink_data'], 'cwd': '/home/htrice/go2_ros2_curr/build/coco_detector', 'env': {'GJS_DEBUG_TOPICS': 'JS ERROR;JS LOG', 'LESSOPEN': '| /usr/bin/lesspipe %s', 'USER': 'htrice', 'FONTCONFIG_PATH': '/etc/fonts', 'GIO_MODULE_DIR': '/home/htrice/snap/code/common/.cache/gio-modules', 'XDG_SESSION_TYPE': 'x11', 'GIT_ASKPASS': '/snap/code/205/usr/share/code/resources/app/extensions/git/dist/askpass.sh', 'GTK_EXE_PREFIX_VSCODE_SNAP_ORIG': '', 'GDK_BACKEND_VSCODE_SNAP_ORIG': '', 'SHLVL': '1', 'LD_LIBRARY_PATH': '/opt/ros/humble/opt/rviz_ogre_vendor/lib:/opt/ros/humble/lib/x86_64-linux-gnu:/opt/ros/humble/lib', 'HOME': '/home/htrice', 'CHROME_DESKTOP': 'code.desktop', 'LOCPATH_VSCODE_SNAP_ORIG': '', 'OLDPWD': '/home/htrice/go2_ros2_curr', 'TERM_PROGRAM_VERSION': '1.103.2', 'DESKTOP_SESSION': 'ubuntu', 'GTK_PATH': '/snap/code/205/usr/lib/x86_64-linux-gnu/gtk-3.0', 'XDG_DATA_HOME_VSCODE_SNAP_ORIG': '', 'GTK_IM_MODULE_FILE': '/home/htrice/snap/code/common/.cache/immodules/immodules.cache', 'GIO_LAUNCHED_DESKTOP_FILE': '/var/lib/snapd/desktop/applications/code_code.desktop', 'ROS_PYTHON_VERSION': '3', 'GNOME_SHELL_SESSION_MODE': 'ubuntu', 'GTK_MODULES': 'gail:atk-bridge', 'GSETTINGS_SCHEMA_DIR_VSCODE_SNAP_ORIG': '', 'VSCODE_GIT_ASKPASS_MAIN': '/snap/code/205/usr/share/code/resources/app/extensions/git/dist/askpass-main.js', 'VSCODE_GIT_ASKPASS_NODE': '/snap/code/205/usr/share/code/code', 'MANAGERPID': '1849', 'SYSTEMD_EXEC_PID': '2030', 'DBUS_SESSION_BUS_ADDRESS': 'unix:path=/run/user/1007/bus', 'COLORTERM': 'truecolor', 'GIO_LAUNCHED_DESKTOP_FILE_PID': '4108', 'IM_CONFIG_PHASE': '1', 'ROS_DISTRO': 'humble', 'GTK_IM_MODULE': 'ibus', 'LOGNAME': 'htrice', 'JOURNAL_STREAM': '8:21689', '_': '/usr/bin/colcon', 'ROS_VERSION': '2', 'XDG_CONFIG_DIRS_VSCODE_SNAP_ORIG': '/etc/xdg/xdg-ubuntu:/etc/xdg', 'XDG_SESSION_CLASS': 'user', 'XDG_DATA_DIRS_VSCODE_SNAP_ORIG': '/usr/share/ubuntu:/usr/share/gnome:/usr/local/share/:/usr/share/:/var/lib/snapd/desktop', 'USERNAME': 'htrice', 'TERM': 'xterm-256color', 'GNOME_DESKTOP_SESSION_ID': 'this-is-deprecated', 'ROS_LOCALHOST_ONLY': '0', 'WINDOWPATH': '2', 'PATH': '/home/htrice/.local/bin:/opt/ros/humble/bin:/usr/local/sbin:/usr/local/bin:/usr/sbin:/usr/bin:/sbin:/bin:/usr/games:/usr/local/games:/snap/bin:/snap/bin:/home/htrice/.config/Code/User/globalStorage/github.copilot-chat/debugCommand', 'SESSION_MANAGER': 'local/ntthuan:@/tmp/.ICE-unix/2002,unix/ntthuan:/tmp/.ICE-unix/2002', 'GTK_EXE_PREFIX': '/snap/code/205/usr', 'INVOCATION_ID': '790d985d8c2545c5a9e7c9f88ff27c5a', 'XDG_MENU_PREFIX': 'gnome-', 'BAMF_DESKTOP_FILE_HINT': '/var/lib/snapd/desktop/applications/code_code.desktop', 'XDG_RUNTIME_DIR': '/run/user/1007', 'GDK_BACKEND': 'x11', 'DISPLAY': ':1', 'LOCPATH': '/snap/code/205/usr/lib/locale', 'LANG': 'en_US.UTF-8', 'XDG_CURRENT_DESKTOP': 'Unity', 'GIO_MODULE_DIR_VSCODE_SNAP_ORIG': '', 'XDG_DATA_HOME': '/home/htrice/snap/code/205/.local/share', 'XMODIFIERS': '@im=ibus', 'XDG_SESSION_DESKTOP': 'ubuntu', 'XAUTHORITY': '/run/user/1007/gdm/Xauthority', 'LS_COLORS': 'rs=0:di=01;34:ln=01;36:mh=00:pi=40;33:so=01;35:do=01;35:bd=40;33;01:cd=40;33;01:or=40;31;01:mi=00:su=37;41:sg=30;43:ca=30;41:tw=30;42:ow=34;42:st=37;44:ex=01;32:*.tar=01;31:*.tgz=01;31:*.arc=01;31:*.arj=01;31:*.taz=01;31:*.lha=01;31:*.lz4=01;31:*.lzh=01;31:*.lzma=01;31:*.tlz=01;31:*.txz=01;31:*.tzo=01;31:*.t7z=01;31:*.zip=01;31:*.z=01;31:*.dz=01;31:*.gz=01;31:*.lrz=01;31:*.lz=01;31:*.lzo=01;31:*.xz=01;31:*.zst=01;31:*.tzst=01;31:*.bz2=01;31:*.bz=01;31:*.tbz=01;31:*.tbz2=01;31:*.tz=01;31:*.deb=01;31:*.rpm=01;31:*.jar=01;31:*.war=01;31:*.ear=01;31:*.sar=01;31:*.rar=01;31:*.alz=01;31:*.ace=01;31:*.zoo=01;31:*.cpio=01;31:*.7z=01;31:*.rz=01;31:*.cab=01;31:*.wim=01;31:*.swm=01;31:*.dwm=01;31:*.esd=01;31:*.jpg=01;35:*.jpeg=01;35:*.mjpg=01;35:*.mjpeg=01;35:*.gif=01;35:*.bmp=01;35:*.pbm=01;35:*.pgm=01;35:*.ppm=01;35:*.tga=01;35:*.xbm=01;35:*.xpm=01;35:*.tif=01;35:*.tiff=01;35:*.png=01;35:*.svg=01;35:*.svgz=01;35:*.mng=01;35:*.pcx=01;35:*.mov=01;35:*.mpg=01;35:*.mpeg=01;35:*.m2v=01;35:*.mkv=01;35:*.webm=01;35:*.webp=01;35:*.ogm=01;35:*.mp4=01;35:*.m4v=01;35:*.mp4v=01;35:*.vob=01;35:*.qt=01;35:*.nuv=01;35:*.wmv=01;35:*.asf=01;35:*.rm=01;35:*.rmvb=01;35:*.flc=01;35:*.avi=01;35:*.fli=01;35:*.flv=01;35:*.gl=01;35:*.dl=01;35:*.xcf=01;35:*.xwd=01;35:*.yuv=01;35:*.cgm=01;35:*.emf=01;35:*.ogv=01;35:*.ogx=01;35:*.aac=00;36:*.au=00;36:*.flac=00;36:*.m4a=00;36:*.mid=00;36:*.midi=00;36:*.mka=00;36:*.mp3=00;36:*.mpc=00;36:*.ogg=00;36:*.ra=00;36:*.wav=00;36:*.oga=00;36:*.opus=00;36:*.spx=00;36:*.xspf=00;36:', 'VSCODE_GIT_IPC_HANDLE': '/run/user/1007/vscode-git-62d08c1e57.sock', 'TERM_PROGRAM': 'vscode', 'SSH_AGENT_LAUNCHER': 'gnome-keyring', 'SSH_AUTH_SOCK': '/run/user/1007/keyring/ssh', 'GSETTINGS_SCHEMA_DIR': '/home/htrice/snap/code/205/.local/share/glib-2.0/schemas', 'AMENT_PREFIX_PATH': '/opt/ros/humble', 'ORIGINAL_XDG_CURRENT_DESKTOP': 'ubuntu:GNOME', 'SHELL': '/bin/bash', 'QT_ACCESSIBILITY': '1', 'GDMSESSION': 'ubuntu', 'LESSCLOSE': '/usr/bin/lesspipe %s %s', 'GTK_PATH_VSCODE_SNAP_ORIG': '', 'FONTCONFIG_FILE': '/etc/fonts/fonts.conf', 'GTK_IM_MODULE_FILE_VSCODE_SNAP_ORIG': '', 'GPG_AGENT_INFO': '/run/user/1007/gnupg/S.gpg-agent:0:1', 'GJS_DEBUG_OUTPUT': 'stderr', 'VSCODE_GIT_ASKPASS_EXTRA_ARGS': '', 'GIT_PAGER': 'cat', 'QT_IM_MODULE': 'ibus', 'PWD': '/home/htrice/go2_ros2_curr/build/coco_detector', 'XDG_CONFIG_DIRS': '/etc/xdg/xdg-ubuntu:/etc/xdg', 'XDG_DATA_DIRS': '/home/htrice/snap/code/205/.local/share:/home/htrice/snap/code/205:/snap/code/205/usr/share:/usr/share/ubuntu:/usr/share/gnome:/usr/local/share/:/usr/share/:/var/lib/snapd/desktop', 'PYTHONPATH': '/home/htrice/go2_ros2_curr/build/coco_detector/prefix_override:/usr/lib/python3/dist-packages/colcon_core/task/python/colcon_distutils_commands:/home/htrice/go2_ros2_curr/install/coco_detector/lib/python3.10/site-packages:/opt/ros/humble/lib/python3.10/site-packages:/opt/ros/humble/local/lib/python3.10/dist-packages', 'COLCON': '1'}, 'shell': False}
[1.265853] (lidar_processor) Command: {'cmd': ['/usr/bin/python3', '-W', 'ignore:setup.py install is deprecated', '-W', 'ignore:easy_install command is deprecated', 'setup.py', 'develop', '--editable', '--build-directory', '/home/htrice/go2_ros2_curr/build/lidar_processor/build', '--no-deps', 'symlink_data'], 'cwd': '/home/htrice/go2_ros2_curr/build/lidar_processor', 'env': {'GJS_DEBUG_TOPICS': 'JS ERROR;JS LOG', 'LESSOPEN': '| /usr/bin/lesspipe %s', 'USER': 'htrice', 'FONTCONFIG_PATH': '/etc/fonts', 'GIO_MODULE_DIR': '/home/htrice/snap/code/common/.cache/gio-modules', 'XDG_SESSION_TYPE': 'x11', 'GIT_ASKPASS': '/snap/code/205/usr/share/code/resources/app/extensions/git/dist/askpass.sh', 'GTK_EXE_PREFIX_VSCODE_SNAP_ORIG': '', 'GDK_BACKEND_VSCODE_SNAP_ORIG': '', 'SHLVL': '1', 'LD_LIBRARY_PATH': '/opt/ros/humble/opt/rviz_ogre_vendor/lib:/opt/ros/humble/lib/x86_64-linux-gnu:/opt/ros/humble/lib', 'HOME': '/home/htrice', 'CHROME_DESKTOP': 'code.desktop', 'LOCPATH_VSCODE_SNAP_ORIG': '', 'OLDPWD': '/home/htrice/go2_ros2_curr', 'TERM_PROGRAM_VERSION': '1.103.2', 'DESKTOP_SESSION': 'ubuntu', 'GTK_PATH': '/snap/code/205/usr/lib/x86_64-linux-gnu/gtk-3.0', 'XDG_DATA_HOME_VSCODE_SNAP_ORIG': '', 'GTK_IM_MODULE_FILE': '/home/htrice/snap/code/common/.cache/immodules/immodules.cache', 'GIO_LAUNCHED_DESKTOP_FILE': '/var/lib/snapd/desktop/applications/code_code.desktop', 'ROS_PYTHON_VERSION': '3', 'GNOME_SHELL_SESSION_MODE': 'ubuntu', 'GTK_MODULES': 'gail:atk-bridge', 'GSETTINGS_SCHEMA_DIR_VSCODE_SNAP_ORIG': '', 'VSCODE_GIT_ASKPASS_MAIN': '/snap/code/205/usr/share/code/resources/app/extensions/git/dist/askpass-main.js', 'VSCODE_GIT_ASKPASS_NODE': '/snap/code/205/usr/share/code/code', 'MANAGERPID': '1849', 'SYSTEMD_EXEC_PID': '2030', 'DBUS_SESSION_BUS_ADDRESS': 'unix:path=/run/user/1007/bus', 'COLORTERM': 'truecolor', 'GIO_LAUNCHED_DESKTOP_FILE_PID': '4108', 'IM_CONFIG_PHASE': '1', 'ROS_DISTRO': 'humble', 'GTK_IM_MODULE': 'ibus', 'LOGNAME': 'htrice', 'JOURNAL_STREAM': '8:21689', '_': '/usr/bin/colcon', 'ROS_VERSION': '2', 'XDG_CONFIG_DIRS_VSCODE_SNAP_ORIG': '/etc/xdg/xdg-ubuntu:/etc/xdg', 'XDG_SESSION_CLASS': 'user', 'XDG_DATA_DIRS_VSCODE_SNAP_ORIG': '/usr/share/ubuntu:/usr/share/gnome:/usr/local/share/:/usr/share/:/var/lib/snapd/desktop', 'USERNAME': 'htrice', 'TERM': 'xterm-256color', 'GNOME_DESKTOP_SESSION_ID': 'this-is-deprecated', 'ROS_LOCALHOST_ONLY': '0', 'WINDOWPATH': '2', 'PATH': '/home/htrice/.local/bin:/opt/ros/humble/bin:/usr/local/sbin:/usr/local/bin:/usr/sbin:/usr/bin:/sbin:/bin:/usr/games:/usr/local/games:/snap/bin:/snap/bin:/home/htrice/.config/Code/User/globalStorage/github.copilot-chat/debugCommand', 'SESSION_MANAGER': 'local/ntthuan:@/tmp/.ICE-unix/2002,unix/ntthuan:/tmp/.ICE-unix/2002', 'GTK_EXE_PREFIX': '/snap/code/205/usr', 'INVOCATION_ID': '790d985d8c2545c5a9e7c9f88ff27c5a', 'XDG_MENU_PREFIX': 'gnome-', 'BAMF_DESKTOP_FILE_HINT': '/var/lib/snapd/desktop/applications/code_code.desktop', 'XDG_RUNTIME_DIR': '/run/user/1007', 'GDK_BACKEND': 'x11', 'DISPLAY': ':1', 'LOCPATH': '/snap/code/205/usr/lib/locale', 'LANG': 'en_US.UTF-8', 'XDG_CURRENT_DESKTOP': 'Unity', 'GIO_MODULE_DIR_VSCODE_SNAP_ORIG': '', 'XDG_DATA_HOME': '/home/htrice/snap/code/205/.local/share', 'XMODIFIERS': '@im=ibus', 'XDG_SESSION_DESKTOP': 'ubuntu', 'XAUTHORITY': '/run/user/1007/gdm/Xauthority', 'LS_COLORS': 'rs=0:di=01;34:ln=01;36:mh=00:pi=40;33:so=01;35:do=01;35:bd=40;33;01:cd=40;33;01:or=40;31;01:mi=00:su=37;41:sg=30;43:ca=30;41:tw=30;42:ow=34;42:st=37;44:ex=01;32:*.tar=01;31:*.tgz=01;31:*.arc=01;31:*.arj=01;31:*.taz=01;31:*.lha=01;31:*.lz4=01;31:*.lzh=01;31:*.lzma=01;31:*.tlz=01;31:*.txz=01;31:*.tzo=01;31:*.t7z=01;31:*.zip=01;31:*.z=01;31:*.dz=01;31:*.gz=01;31:*.lrz=01;31:*.lz=01;31:*.lzo=01;31:*.xz=01;31:*.zst=01;31:*.tzst=01;31:*.bz2=01;31:*.bz=01;31:*.tbz=01;31:*.tbz2=01;31:*.tz=01;31:*.deb=01;31:*.rpm=01;31:*.jar=01;31:*.war=01;31:*.ear=01;31:*.sar=01;31:*.rar=01;31:*.alz=01;31:*.ace=01;31:*.zoo=01;31:*.cpio=01;31:*.7z=01;31:*.rz=01;31:*.cab=01;31:*.wim=01;31:*.swm=01;31:*.dwm=01;31:*.esd=01;31:*.jpg=01;35:*.jpeg=01;35:*.mjpg=01;35:*.mjpeg=01;35:*.gif=01;35:*.bmp=01;35:*.pbm=01;35:*.pgm=01;35:*.ppm=01;35:*.tga=01;35:*.xbm=01;35:*.xpm=01;35:*.tif=01;35:*.tiff=01;35:*.png=01;35:*.svg=01;35:*.svgz=01;35:*.mng=01;35:*.pcx=01;35:*.mov=01;35:*.mpg=01;35:*.mpeg=01;35:*.m2v=01;35:*.mkv=01;35:*.webm=01;35:*.webp=01;35:*.ogm=01;35:*.mp4=01;35:*.m4v=01;35:*.mp4v=01;35:*.vob=01;35:*.qt=01;35:*.nuv=01;35:*.wmv=01;35:*.asf=01;35:*.rm=01;35:*.rmvb=01;35:*.flc=01;35:*.avi=01;35:*.fli=01;35:*.flv=01;35:*.gl=01;35:*.dl=01;35:*.xcf=01;35:*.xwd=01;35:*.yuv=01;35:*.cgm=01;35:*.emf=01;35:*.ogv=01;35:*.ogx=01;35:*.aac=00;36:*.au=00;36:*.flac=00;36:*.m4a=00;36:*.mid=00;36:*.midi=00;36:*.mka=00;36:*.mp3=00;36:*.mpc=00;36:*.ogg=00;36:*.ra=00;36:*.wav=00;36:*.oga=00;36:*.opus=00;36:*.spx=00;36:*.xspf=00;36:', 'VSCODE_GIT_IPC_HANDLE': '/run/user/1007/vscode-git-62d08c1e57.sock', 'TERM_PROGRAM': 'vscode', 'SSH_AGENT_LAUNCHER': 'gnome-keyring', 'SSH_AUTH_SOCK': '/run/user/1007/keyring/ssh', 'GSETTINGS_SCHEMA_DIR': '/home/htrice/snap/code/205/.local/share/glib-2.0/schemas', 'AMENT_PREFIX_PATH': '/opt/ros/humble', 'ORIGINAL_XDG_CURRENT_DESKTOP': 'ubuntu:GNOME', 'SHELL': '/bin/bash', 'QT_ACCESSIBILITY': '1', 'GDMSESSION': 'ubuntu', 'LESSCLOSE': '/usr/bin/lesspipe %s %s', 'GTK_PATH_VSCODE_SNAP_ORIG': '', 'FONTCONFIG_FILE': '/etc/fonts/fonts.conf', 'GTK_IM_MODULE_FILE_VSCODE_SNAP_ORIG': '', 'GPG_AGENT_INFO': '/run/user/1007/gnupg/S.gpg-agent:0:1', 'GJS_DEBUG_OUTPUT': 'stderr', 'VSCODE_GIT_ASKPASS_EXTRA_ARGS': '', 'GIT_PAGER': 'cat', 'QT_IM_MODULE': 'ibus', 'PWD': '/home/htrice/go2_ros2_curr/build/lidar_processor', 'XDG_CONFIG_DIRS': '/etc/xdg/xdg-ubuntu:/etc/xdg', 'XDG_DATA_DIRS': '/home/htrice/snap/code/205/.local/share:/home/htrice/snap/code/205:/snap/code/205/usr/share:/usr/share/ubuntu:/usr/share/gnome:/usr/local/share/:/usr/share/:/var/lib/snapd/desktop', 'PYTHONPATH': '/home/htrice/go2_ros2_curr/build/lidar_processor/prefix_override:/usr/lib/python3/dist-packages/colcon_core/task/python/colcon_distutils_commands:/home/htrice/go2_ros2_curr/install/lidar_processor/lib/python3.10/site-packages:/opt/ros/humble/lib/python3.10/site-packages:/opt/ros/humble/local/lib/python3.10/dist-packages', 'COLCON': '1'}, 'shell': False}
[1.302365] (-) TimerEvent: {}
[1.402667] (-) TimerEvent: {}
[1.501257] (coco_detector) StdoutLine: {'line': b'running develop\n'}
[1.502738] (-) TimerEvent: {}
[1.526020] (lidar_processor) StdoutLine: {'line': b'running develop\n'}
[1.566551] (go2_robot_sdk) Command: {'cmd': ['/usr/bin/python3', '-W', 'ignore:setup.py install is deprecated', '-W', 'ignore:easy_install command is deprecated', 'setup.py', 'develop', '--editable', '--build-directory', '/home/htrice/go2_ros2_curr/build/go2_robot_sdk/build', '--no-deps', 'symlink_data'], 'cwd': '/home/htrice/go2_ros2_curr/build/go2_robot_sdk', 'env': {'GJS_DEBUG_TOPICS': 'JS ERROR;JS LOG', 'LESSOPEN': '| /usr/bin/lesspipe %s', 'USER': 'htrice', 'FONTCONFIG_PATH': '/etc/fonts', 'GIO_MODULE_DIR': '/home/htrice/snap/code/common/.cache/gio-modules', 'XDG_SESSION_TYPE': 'x11', 'GIT_ASKPASS': '/snap/code/205/usr/share/code/resources/app/extensions/git/dist/askpass.sh', 'GTK_EXE_PREFIX_VSCODE_SNAP_ORIG': '', 'GDK_BACKEND_VSCODE_SNAP_ORIG': '', 'SHLVL': '1', 'LD_LIBRARY_PATH': '/home/htrice/go2_ros2_curr/install/go2_interfaces/lib:/opt/ros/humble/opt/rviz_ogre_vendor/lib:/opt/ros/humble/lib/x86_64-linux-gnu:/opt/ros/humble/lib', 'HOME': '/home/htrice', 'CHROME_DESKTOP': 'code.desktop', 'LOCPATH_VSCODE_SNAP_ORIG': '', 'OLDPWD': '/home/htrice/go2_ros2_curr', 'TERM_PROGRAM_VERSION': '1.103.2', 'DESKTOP_SESSION': 'ubuntu', 'GTK_PATH': '/snap/code/205/usr/lib/x86_64-linux-gnu/gtk-3.0', 'XDG_DATA_HOME_VSCODE_SNAP_ORIG': '', 'GTK_IM_MODULE_FILE': '/home/htrice/snap/code/common/.cache/immodules/immodules.cache', 'GIO_LAUNCHED_DESKTOP_FILE': '/var/lib/snapd/desktop/applications/code_code.desktop', 'ROS_PYTHON_VERSION': '3', 'GNOME_SHELL_SESSION_MODE': 'ubuntu', 'GTK_MODULES': 'gail:atk-bridge', 'GSETTINGS_SCHEMA_DIR_VSCODE_SNAP_ORIG': '', 'VSCODE_GIT_ASKPASS_MAIN': '/snap/code/205/usr/share/code/resources/app/extensions/git/dist/askpass-main.js', 'VSCODE_GIT_ASKPASS_NODE': '/snap/code/205/usr/share/code/code', 'MANAGERPID': '1849', 'SYSTEMD_EXEC_PID': '2030', 'DBUS_SESSION_BUS_ADDRESS': 'unix:path=/run/user/1007/bus', 'COLORTERM': 'truecolor', 'GIO_LAUNCHED_DESKTOP_FILE_PID': '4108', 'IM_CONFIG_PHASE': '1', 'ROS_DISTRO': 'humble', 'GTK_IM_MODULE': 'ibus', 'LOGNAME': 'htrice', 'JOURNAL_STREAM': '8:21689', '_': '/usr/bin/colcon', 'ROS_VERSION': '2', 'XDG_CONFIG_DIRS_VSCODE_SNAP_ORIG': '/etc/xdg/xdg-ubuntu:/etc/xdg', 'XDG_SESSION_CLASS': 'user', 'XDG_DATA_DIRS_VSCODE_SNAP_ORIG': '/usr/share/ubuntu:/usr/share/gnome:/usr/local/share/:/usr/share/:/var/lib/snapd/desktop', 'USERNAME': 'htrice', 'TERM': 'xterm-256color', 'GNOME_DESKTOP_SESSION_ID': 'this-is-deprecated', 'ROS_LOCALHOST_ONLY': '0', 'WINDOWPATH': '2', 'PATH': '/home/htrice/.local/bin:/opt/ros/humble/bin:/usr/local/sbin:/usr/local/bin:/usr/sbin:/usr/bin:/sbin:/bin:/usr/games:/usr/local/games:/snap/bin:/snap/bin:/home/htrice/.config/Code/User/globalStorage/github.copilot-chat/debugCommand', 'SESSION_MANAGER': 'local/ntthuan:@/tmp/.ICE-unix/2002,unix/ntthuan:/tmp/.ICE-unix/2002', 'GTK_EXE_PREFIX': '/snap/code/205/usr', 'INVOCATION_ID': '790d985d8c2545c5a9e7c9f88ff27c5a', 'XDG_MENU_PREFIX': 'gnome-', 'BAMF_DESKTOP_FILE_HINT': '/var/lib/snapd/desktop/applications/code_code.desktop', 'XDG_RUNTIME_DIR': '/run/user/1007', 'GDK_BACKEND': 'x11', 'DISPLAY': ':1', 'LOCPATH': '/snap/code/205/usr/lib/locale', 'LANG': 'en_US.UTF-8', 'XDG_CURRENT_DESKTOP': 'Unity', 'GIO_MODULE_DIR_VSCODE_SNAP_ORIG': '', 'XDG_DATA_HOME': '/home/htrice/snap/code/205/.local/share', 'XMODIFIERS': '@im=ibus', 'XDG_SESSION_DESKTOP': 'ubuntu', 'XAUTHORITY': '/run/user/1007/gdm/Xauthority', 'LS_COLORS': 'rs=0:di=01;34:ln=01;36:mh=00:pi=40;33:so=01;35:do=01;35:bd=40;33;01:cd=40;33;01:or=40;31;01:mi=00:su=37;41:sg=30;43:ca=30;41:tw=30;42:ow=34;42:st=37;44:ex=01;32:*.tar=01;31:*.tgz=01;31:*.arc=01;31:*.arj=01;31:*.taz=01;31:*.lha=01;31:*.lz4=01;31:*.lzh=01;31:*.lzma=01;31:*.tlz=01;31:*.txz=01;31:*.tzo=01;31:*.t7z=01;31:*.zip=01;31:*.z=01;31:*.dz=01;31:*.gz=01;31:*.lrz=01;31:*.lz=01;31:*.lzo=01;31:*.xz=01;31:*.zst=01;31:*.tzst=01;31:*.bz2=01;31:*.bz=01;31:*.tbz=01;31:*.tbz2=01;31:*.tz=01;31:*.deb=01;31:*.rpm=01;31:*.jar=01;31:*.war=01;31:*.ear=01;31:*.sar=01;31:*.rar=01;31:*.alz=01;31:*.ace=01;31:*.zoo=01;31:*.cpio=01;31:*.7z=01;31:*.rz=01;31:*.cab=01;31:*.wim=01;31:*.swm=01;31:*.dwm=01;31:*.esd=01;31:*.jpg=01;35:*.jpeg=01;35:*.mjpg=01;35:*.mjpeg=01;35:*.gif=01;35:*.bmp=01;35:*.pbm=01;35:*.pgm=01;35:*.ppm=01;35:*.tga=01;35:*.xbm=01;35:*.xpm=01;35:*.tif=01;35:*.tiff=01;35:*.png=01;35:*.svg=01;35:*.svgz=01;35:*.mng=01;35:*.pcx=01;35:*.mov=01;35:*.mpg=01;35:*.mpeg=01;35:*.m2v=01;35:*.mkv=01;35:*.webm=01;35:*.webp=01;35:*.ogm=01;35:*.mp4=01;35:*.m4v=01;35:*.mp4v=01;35:*.vob=01;35:*.qt=01;35:*.nuv=01;35:*.wmv=01;35:*.asf=01;35:*.rm=01;35:*.rmvb=01;35:*.flc=01;35:*.avi=01;35:*.fli=01;35:*.flv=01;35:*.gl=01;35:*.dl=01;35:*.xcf=01;35:*.xwd=01;35:*.yuv=01;35:*.cgm=01;35:*.emf=01;35:*.ogv=01;35:*.ogx=01;35:*.aac=00;36:*.au=00;36:*.flac=00;36:*.m4a=00;36:*.mid=00;36:*.midi=00;36:*.mka=00;36:*.mp3=00;36:*.mpc=00;36:*.ogg=00;36:*.ra=00;36:*.wav=00;36:*.oga=00;36:*.opus=00;36:*.spx=00;36:*.xspf=00;36:', 'VSCODE_GIT_IPC_HANDLE': '/run/user/1007/vscode-git-62d08c1e57.sock', 'TERM_PROGRAM': 'vscode', 'SSH_AGENT_LAUNCHER': 'gnome-keyring', 'SSH_AUTH_SOCK': '/run/user/1007/keyring/ssh', 'GSETTINGS_SCHEMA_DIR': '/home/htrice/snap/code/205/.local/share/glib-2.0/schemas', 'AMENT_PREFIX_PATH': '/home/htrice/go2_ros2_curr/install/go2_interfaces:/opt/ros/humble', 'ORIGINAL_XDG_CURRENT_DESKTOP': 'ubuntu:GNOME', 'SHELL': '/bin/bash', 'QT_ACCESSIBILITY': '1', 'GDMSESSION': 'ubuntu', 'LESSCLOSE': '/usr/bin/lesspipe %s %s', 'GTK_PATH_VSCODE_SNAP_ORIG': '', 'FONTCONFIG_FILE': '/etc/fonts/fonts.conf', 'GTK_IM_MODULE_FILE_VSCODE_SNAP_ORIG': '', 'GPG_AGENT_INFO': '/run/user/1007/gnupg/S.gpg-agent:0:1', 'GJS_DEBUG_OUTPUT': 'stderr', 'VSCODE_GIT_ASKPASS_EXTRA_ARGS': '', 'GIT_PAGER': 'cat', 'QT_IM_MODULE': 'ibus', 'PWD': '/home/htrice/go2_ros2_curr/build/go2_robot_sdk', 'XDG_CONFIG_DIRS': '/etc/xdg/xdg-ubuntu:/etc/xdg', 'XDG_DATA_DIRS': '/home/htrice/snap/code/205/.local/share:/home/htrice/snap/code/205:/snap/code/205/usr/share:/usr/share/ubuntu:/usr/share/gnome:/usr/local/share/:/usr/share/:/var/lib/snapd/desktop', 'PYTHONPATH': '/home/htrice/go2_ros2_curr/build/go2_robot_sdk/prefix_override:/usr/lib/python3/dist-packages/colcon_core/task/python/colcon_distutils_commands:/home/htrice/go2_ros2_curr/install/go2_robot_sdk/lib/python3.10/site-packages:/home/htrice/go2_ros2_curr/install/go2_interfaces/local/lib/python3.10/dist-packages:/opt/ros/humble/lib/python3.10/site-packages:/opt/ros/humble/local/lib/python3.10/dist-packages', 'COLCON': '1', 'CMAKE_PREFIX_PATH': '/home/htrice/go2_ros2_curr/install/go2_interfaces'}, 'shell': False}
[1.575408] (speech_processor) Command: {'cmd': ['/usr/bin/python3', '-W', 'ignore:setup.py install is deprecated', '-W', 'ignore:easy_install command is deprecated', 'setup.py', 'develop', '--editable', '--build-directory', '/home/htrice/go2_ros2_curr/build/speech_processor/build', '--no-deps', 'symlink_data'], 'cwd': '/home/htrice/go2_ros2_curr/build/speech_processor', 'env': {'GJS_DEBUG_TOPICS': 'JS ERROR;JS LOG', 'LESSOPEN': '| /usr/bin/lesspipe %s', 'USER': 'htrice', 'FONTCONFIG_PATH': '/etc/fonts', 'GIO_MODULE_DIR': '/home/htrice/snap/code/common/.cache/gio-modules', 'XDG_SESSION_TYPE': 'x11', 'GIT_ASKPASS': '/snap/code/205/usr/share/code/resources/app/extensions/git/dist/askpass.sh', 'GTK_EXE_PREFIX_VSCODE_SNAP_ORIG': '', 'GDK_BACKEND_VSCODE_SNAP_ORIG': '', 'SHLVL': '1', 'LD_LIBRARY_PATH': '/home/htrice/go2_ros2_curr/install/go2_interfaces/lib:/opt/ros/humble/opt/rviz_ogre_vendor/lib:/opt/ros/humble/lib/x86_64-linux-gnu:/opt/ros/humble/lib', 'HOME': '/home/htrice', 'CHROME_DESKTOP': 'code.desktop', 'LOCPATH_VSCODE_SNAP_ORIG': '', 'OLDPWD': '/home/htrice/go2_ros2_curr', 'TERM_PROGRAM_VERSION': '1.103.2', 'DESKTOP_SESSION': 'ubuntu', 'GTK_PATH': '/snap/code/205/usr/lib/x86_64-linux-gnu/gtk-3.0', 'XDG_DATA_HOME_VSCODE_SNAP_ORIG': '', 'GTK_IM_MODULE_FILE': '/home/htrice/snap/code/common/.cache/immodules/immodules.cache', 'GIO_LAUNCHED_DESKTOP_FILE': '/var/lib/snapd/desktop/applications/code_code.desktop', 'ROS_PYTHON_VERSION': '3', 'GNOME_SHELL_SESSION_MODE': 'ubuntu', 'GTK_MODULES': 'gail:atk-bridge', 'GSETTINGS_SCHEMA_DIR_VSCODE_SNAP_ORIG': '', 'VSCODE_GIT_ASKPASS_MAIN': '/snap/code/205/usr/share/code/resources/app/extensions/git/dist/askpass-main.js', 'VSCODE_GIT_ASKPASS_NODE': '/snap/code/205/usr/share/code/code', 'MANAGERPID': '1849', 'SYSTEMD_EXEC_PID': '2030', 'DBUS_SESSION_BUS_ADDRESS': 'unix:path=/run/user/1007/bus', 'COLORTERM': 'truecolor', 'GIO_LAUNCHED_DESKTOP_FILE_PID': '4108', 'IM_CONFIG_PHASE': '1', 'ROS_DISTRO': 'humble', 'GTK_IM_MODULE': 'ibus', 'LOGNAME': 'htrice', 'JOURNAL_STREAM': '8:21689', '_': '/usr/bin/colcon', 'ROS_VERSION': '2', 'XDG_CONFIG_DIRS_VSCODE_SNAP_ORIG': '/etc/xdg/xdg-ubuntu:/etc/xdg', 'XDG_SESSION_CLASS': 'user', 'XDG_DATA_DIRS_VSCODE_SNAP_ORIG': '/usr/share/ubuntu:/usr/share/gnome:/usr/local/share/:/usr/share/:/var/lib/snapd/desktop', 'USERNAME': 'htrice', 'TERM': 'xterm-256color', 'GNOME_DESKTOP_SESSION_ID': 'this-is-deprecated', 'ROS_LOCALHOST_ONLY': '0', 'WINDOWPATH': '2', 'PATH': '/home/htrice/.local/bin:/opt/ros/humble/bin:/usr/local/sbin:/usr/local/bin:/usr/sbin:/usr/bin:/sbin:/bin:/usr/games:/usr/local/games:/snap/bin:/snap/bin:/home/htrice/.config/Code/User/globalStorage/github.copilot-chat/debugCommand', 'SESSION_MANAGER': 'local/ntthuan:@/tmp/.ICE-unix/2002,unix/ntthuan:/tmp/.ICE-unix/2002', 'GTK_EXE_PREFIX': '/snap/code/205/usr', 'INVOCATION_ID': '790d985d8c2545c5a9e7c9f88ff27c5a', 'XDG_MENU_PREFIX': 'gnome-', 'BAMF_DESKTOP_FILE_HINT': '/var/lib/snapd/desktop/applications/code_code.desktop', 'XDG_RUNTIME_DIR': '/run/user/1007', 'GDK_BACKEND': 'x11', 'DISPLAY': ':1', 'LOCPATH': '/snap/code/205/usr/lib/locale', 'LANG': 'en_US.UTF-8', 'XDG_CURRENT_DESKTOP': 'Unity', 'GIO_MODULE_DIR_VSCODE_SNAP_ORIG': '', 'XDG_DATA_HOME': '/home/htrice/snap/code/205/.local/share', 'XMODIFIERS': '@im=ibus', 'XDG_SESSION_DESKTOP': 'ubuntu', 'XAUTHORITY': '/run/user/1007/gdm/Xauthority', 'LS_COLORS': 'rs=0:di=01;34:ln=01;36:mh=00:pi=40;33:so=01;35:do=01;35:bd=40;33;01:cd=40;33;01:or=40;31;01:mi=00:su=37;41:sg=30;43:ca=30;41:tw=30;42:ow=34;42:st=37;44:ex=01;32:*.tar=01;31:*.tgz=01;31:*.arc=01;31:*.arj=01;31:*.taz=01;31:*.lha=01;31:*.lz4=01;31:*.lzh=01;31:*.lzma=01;31:*.tlz=01;31:*.txz=01;31:*.tzo=01;31:*.t7z=01;31:*.zip=01;31:*.z=01;31:*.dz=01;31:*.gz=01;31:*.lrz=01;31:*.lz=01;31:*.lzo=01;31:*.xz=01;31:*.zst=01;31:*.tzst=01;31:*.bz2=01;31:*.bz=01;31:*.tbz=01;31:*.tbz2=01;31:*.tz=01;31:*.deb=01;31:*.rpm=01;31:*.jar=01;31:*.war=01;31:*.ear=01;31:*.sar=01;31:*.rar=01;31:*.alz=01;31:*.ace=01;31:*.zoo=01;31:*.cpio=01;31:*.7z=01;31:*.rz=01;31:*.cab=01;31:*.wim=01;31:*.swm=01;31:*.dwm=01;31:*.esd=01;31:*.jpg=01;35:*.jpeg=01;35:*.mjpg=01;35:*.mjpeg=01;35:*.gif=01;35:*.bmp=01;35:*.pbm=01;35:*.pgm=01;35:*.ppm=01;35:*.tga=01;35:*.xbm=01;35:*.xpm=01;35:*.tif=01;35:*.tiff=01;35:*.png=01;35:*.svg=01;35:*.svgz=01;35:*.mng=01;35:*.pcx=01;35:*.mov=01;35:*.mpg=01;35:*.mpeg=01;35:*.m2v=01;35:*.mkv=01;35:*.webm=01;35:*.webp=01;35:*.ogm=01;35:*.mp4=01;35:*.m4v=01;35:*.mp4v=01;35:*.vob=01;35:*.qt=01;35:*.nuv=01;35:*.wmv=01;35:*.asf=01;35:*.rm=01;35:*.rmvb=01;35:*.flc=01;35:*.avi=01;35:*.fli=01;35:*.flv=01;35:*.gl=01;35:*.dl=01;35:*.xcf=01;35:*.xwd=01;35:*.yuv=01;35:*.cgm=01;35:*.emf=01;35:*.ogv=01;35:*.ogx=01;35:*.aac=00;36:*.au=00;36:*.flac=00;36:*.m4a=00;36:*.mid=00;36:*.midi=00;36:*.mka=00;36:*.mp3=00;36:*.mpc=00;36:*.ogg=00;36:*.ra=00;36:*.wav=00;36:*.oga=00;36:*.opus=00;36:*.spx=00;36:*.xspf=00;36:', 'VSCODE_GIT_IPC_HANDLE': '/run/user/1007/vscode-git-62d08c1e57.sock', 'TERM_PROGRAM': 'vscode', 'SSH_AGENT_LAUNCHER': 'gnome-keyring', 'SSH_AUTH_SOCK': '/run/user/1007/keyring/ssh', 'GSETTINGS_SCHEMA_DIR': '/home/htrice/snap/code/205/.local/share/glib-2.0/schemas', 'AMENT_PREFIX_PATH': '/home/htrice/go2_ros2_curr/install/go2_interfaces:/opt/ros/humble', 'ORIGINAL_XDG_CURRENT_DESKTOP': 'ubuntu:GNOME', 'SHELL': '/bin/bash', 'QT_ACCESSIBILITY': '1', 'GDMSESSION': 'ubuntu', 'LESSCLOSE': '/usr/bin/lesspipe %s %s', 'GTK_PATH_VSCODE_SNAP_ORIG': '', 'FONTCONFIG_FILE': '/etc/fonts/fonts.conf', 'GTK_IM_MODULE_FILE_VSCODE_SNAP_ORIG': '', 'GPG_AGENT_INFO': '/run/user/1007/gnupg/S.gpg-agent:0:1', 'GJS_DEBUG_OUTPUT': 'stderr', 'VSCODE_GIT_ASKPASS_EXTRA_ARGS': '', 'GIT_PAGER': 'cat', 'QT_IM_MODULE': 'ibus', 'PWD': '/home/htrice/go2_ros2_curr/build/speech_processor', 'XDG_CONFIG_DIRS': '/etc/xdg/xdg-ubuntu:/etc/xdg', 'XDG_DATA_DIRS': '/home/htrice/snap/code/205/.local/share:/home/htrice/snap/code/205:/snap/code/205/usr/share:/usr/share/ubuntu:/usr/share/gnome:/usr/local/share/:/usr/share/:/var/lib/snapd/desktop', 'PYTHONPATH': '/home/htrice/go2_ros2_curr/build/speech_processor/prefix_override:/usr/lib/python3/dist-packages/colcon_core/task/python/colcon_distutils_commands:/home/htrice/go2_ros2_curr/install/speech_processor/lib/python3.10/site-packages:/home/htrice/go2_ros2_curr/install/go2_interfaces/local/lib/python3.10/dist-packages:/opt/ros/humble/lib/python3.10/site-packages:/opt/ros/humble/local/lib/python3.10/dist-packages', 'COLCON': '1', 'CMAKE_PREFIX_PATH': '/home/htrice/go2_ros2_curr/install/go2_interfaces'}, 'shell': False}
[1.602864] (-) TimerEvent: {}
[1.670540] (coco_detector) StdoutLine: {'line': b'running egg_info\n'}
[1.670767] (coco_detector) StdoutLine: {'line': b'writing coco_detector.egg-info/PKG-INFO\n'}
[1.670900] (coco_detector) StdoutLine: {'line': b'writing dependency_links to coco_detector.egg-info/dependency_links.txt\n'}
[1.671010] (coco_detector) StdoutLine: {'line': b'writing entry points to coco_detector.egg-info/entry_points.txt\n'}
[1.671105] (coco_detector) StdoutLine: {'line': b'writing requirements to coco_detector.egg-info/requires.txt\n'}
[1.671198] (coco_detector) StdoutLine: {'line': b'writing top-level names to coco_detector.egg-info/top_level.txt\n'}
[1.672558] (coco_detector) StdoutLine: {'line': b"reading manifest file 'coco_detector.egg-info/SOURCES.txt'\n"}
[1.673149] (coco_detector) StdoutLine: {'line': b"writing manifest file 'coco_detector.egg-info/SOURCES.txt'\n"}
[1.674191] (coco_detector) StdoutLine: {'line': b'running build_ext\n'}
[1.674330] (coco_detector) StdoutLine: {'line': b'Creating /home/htrice/go2_ros2_curr/install/coco_detector/lib/python3.10/site-packages/coco-detector.egg-link (link to .)\n'}
[1.674929] (coco_detector) StdoutLine: {'line': b'Installing coco_detector_node script to /home/htrice/go2_ros2_curr/install/coco_detector/lib/coco_detector\n'}
[1.675122] (coco_detector) StdoutLine: {'line': b'\n'}
[1.675207] (coco_detector) StdoutLine: {'line': b'Installed /home/htrice/go2_ros2_curr/build/coco_detector\n'}
[1.675326] (coco_detector) StdoutLine: {'line': b'running symlink_data\n'}
[1.696586] (coco_detector) CommandEnded: {'returncode': 0}
[1.702970] (-) TimerEvent: {}
[1.703178] (lidar_processor) StdoutLine: {'line': b'running egg_info\n'}
[1.703326] (lidar_processor) StdoutLine: {'line': b'writing lidar_processor.egg-info/PKG-INFO\n'}
[1.703557] (lidar_processor) StdoutLine: {'line': b'writing dependency_links to lidar_processor.egg-info/dependency_links.txt\n'}
[1.703670] (lidar_processor) StdoutLine: {'line': b'writing entry points to lidar_processor.egg-info/entry_points.txt\n'}
[1.703776] (lidar_processor) StdoutLine: {'line': b'writing requirements to lidar_processor.egg-info/requires.txt\n'}
[1.703899] (lidar_processor) StdoutLine: {'line': b'writing top-level names to lidar_processor.egg-info/top_level.txt\n'}
[1.705488] (lidar_processor) StdoutLine: {'line': b"reading manifest file 'lidar_processor.egg-info/SOURCES.txt'\n"}
[1.706225] (coco_detector) JobEnded: {'identifier': 'coco_detector', 'rc': 0}
[1.706543] (lidar_processor) StdoutLine: {'line': b"writing manifest file 'lidar_processor.egg-info/SOURCES.txt'\n"}
[1.707153] (lidar_processor) StdoutLine: {'line': b'running build_ext\n'}
[1.707301] (lidar_processor) StdoutLine: {'line': b'Creating /home/htrice/go2_ros2_curr/install/lidar_processor/lib/python3.10/site-packages/lidar-processor.egg-link (link to .)\n'}
[1.707943] (lidar_processor) StdoutLine: {'line': b'Installing lidar_to_pointcloud script to /home/htrice/go2_ros2_curr/install/lidar_processor/lib/lidar_processor\n'}
[1.708086] (lidar_processor) StdoutLine: {'line': b'Installing pointcloud_aggregator script to /home/htrice/go2_ros2_curr/install/lidar_processor/lib/lidar_processor\n'}
[1.708257] (lidar_processor) StdoutLine: {'line': b'\n'}
[1.708339] (lidar_processor) StdoutLine: {'line': b'Installed /home/htrice/go2_ros2_curr/build/lidar_processor\n'}
[1.708445] (lidar_processor) StdoutLine: {'line': b'running symlink_data\n'}
[1.734399] (lidar_processor) CommandEnded: {'returncode': 0}
[1.745516] (lidar_processor) JobEnded: {'identifier': 'lidar_processor', 'rc': 0}
[1.803092] (-) TimerEvent: {}
[1.809851] (go2_robot_sdk) StdoutLine: {'line': b'running develop\n'}
[1.817613] (speech_processor) StdoutLine: {'line': b'running develop\n'}
[1.903204] (-) TimerEvent: {}
[1.978924] (go2_robot_sdk) StdoutLine: {'line': b'running egg_info\n'}
[1.979173] (go2_robot_sdk) StdoutLine: {'line': b'writing go2_robot_sdk.egg-info/PKG-INFO\n'}
[1.979302] (go2_robot_sdk) StdoutLine: {'line': b'writing dependency_links to go2_robot_sdk.egg-info/dependency_links.txt\n'}
[1.979422] (go2_robot_sdk) StdoutLine: {'line': b'writing entry points to go2_robot_sdk.egg-info/entry_points.txt\n'}
[1.979575] (go2_robot_sdk) StdoutLine: {'line': b'writing requirements to go2_robot_sdk.egg-info/requires.txt\n'}
[1.979668] (go2_robot_sdk) StdoutLine: {'line': b'writing top-level names to go2_robot_sdk.egg-info/top_level.txt\n'}
[1.982620] (go2_robot_sdk) StdoutLine: {'line': b"reading manifest file 'go2_robot_sdk.egg-info/SOURCES.txt'\n"}
[1.984482] (go2_robot_sdk) StdoutLine: {'line': b"writing manifest file 'go2_robot_sdk.egg-info/SOURCES.txt'\n"}
[1.985591] (go2_robot_sdk) StdoutLine: {'line': b'running build_ext\n'}
[1.985729] (go2_robot_sdk) StdoutLine: {'line': b'Creating /home/htrice/go2_ros2_curr/install/go2_robot_sdk/lib/python3.10/site-packages/go2-robot-sdk.egg-link (link to .)\n'}
[1.986148] (speech_processor) StdoutLine: {'line': b'running egg_info\n'}
[1.986328] (speech_processor) StdoutLine: {'line': b'writing speech_processor.egg-info/PKG-INFO\n'}
[1.986467] (go2_robot_sdk) StdoutLine: {'line': b'Installing go2_driver_node script to /home/htrice/go2_ros2_curr/install/go2_robot_sdk/lib/go2_robot_sdk\n'}
[1.986621] (go2_robot_sdk) StdoutLine: {'line': b'\n'}
[1.986718] (go2_robot_sdk) StdoutLine: {'line': b'Installed /home/htrice/go2_ros2_curr/build/go2_robot_sdk\n'}
[1.986811] (go2_robot_sdk) StdoutLine: {'line': b'running symlink_data\n'}
[1.986975] (speech_processor) StdoutLine: {'line': b'writing dependency_links to speech_processor.egg-info/dependency_links.txt\n'}
[1.987070] (speech_processor) StdoutLine: {'line': b'writing entry points to speech_processor.egg-info/entry_points.txt\n'}
[1.987156] (speech_processor) StdoutLine: {'line': b'writing requirements to speech_processor.egg-info/requires.txt\n'}
[1.987241] (speech_processor) StdoutLine: {'line': b'writing top-level names to speech_processor.egg-info/top_level.txt\n'}
[1.988253] (speech_processor) StdoutLine: {'line': b"reading manifest file 'speech_processor.egg-info/SOURCES.txt'\n"}
[1.988854] (speech_processor) StdoutLine: {'line': b"writing manifest file 'speech_processor.egg-info/SOURCES.txt'\n"}
[1.989936] (speech_processor) StdoutLine: {'line': b'running build_ext\n'}
[1.990123] (speech_processor) StdoutLine: {'line': b'Creating /home/htrice/go2_ros2_curr/install/speech_processor/lib/python3.10/site-packages/speech-processor.egg-link (link to .)\n'}
[1.990868] (speech_processor) StdoutLine: {'line': b'Installing audio_manager script to /home/htrice/go2_ros2_curr/install/speech_processor/lib/speech_processor\n'}
[1.991062] (speech_processor) StdoutLine: {'line': b'Installing speech_synthesizer script to /home/htrice/go2_ros2_curr/install/speech_processor/lib/speech_processor\n'}
[1.991182] (speech_processor) StdoutLine: {'line': b'Installing tts_node script to /home/htrice/go2_ros2_curr/install/speech_processor/lib/speech_processor\n'}
[1.991367] (speech_processor) StdoutLine: {'line': b'\n'}
[1.991464] (speech_processor) StdoutLine: {'line': b'Installed /home/htrice/go2_ros2_curr/build/speech_processor\n'}
[1.991596] (speech_processor) StdoutLine: {'line': b'running symlink_data\n'}
[2.003263] (-) TimerEvent: {}
[2.018209] (go2_robot_sdk) CommandEnded: {'returncode': 0}
[2.029181] (go2_robot_sdk) JobEnded: {'identifier': 'go2_robot_sdk', 'rc': 0}
[2.030210] (speech_processor) CommandEnded: {'returncode': 0}
[2.041212] (speech_processor) JobEnded: {'identifier': 'speech_processor', 'rc': 0}
[2.042179] (-) EventReactorShutdown: {}
